timestamp,level,service,message
2026-01-28T19:27:12.996429,INFO,orders,Cache hit
2026-01-28T19:27:13.197296,ERROR,search,Timeout
2026-01-28T19:27:13.398551,INFO,auth,Cache hit
2026-01-28T19:27:13.599743,ERROR,orders,Null pointer
2026-01-28T19:27:13.800837,INFO,auth,Cache hit
2026-01-28T19:27:14.001841,INFO,orders,Request OK
2026-01-28T19:27:14.202972,INFO,payment,Cache hit
2026-01-28T19:27:14.404494,INFO,search,Request OK
2026-01-28T19:27:14.605226,WARN,search,User login
2026-01-28T19:27:14.806173,INFO,orders,Cache hit
2026-01-28T19:27:15.007020,INFO,search,Request OK
2026-01-28T19:27:15.208482,INFO,payment,Cache hit
2026-01-28T19:27:15.413345,INFO,payment,User login
2026-01-28T19:27:15.614149,INFO,auth,User login
2026-01-28T19:27:15.815219,INFO,orders,Cache hit
2026-01-28T19:27:16.015894,INFO,search,Cache hit
2026-01-28T19:27:16.217019,ERROR,payment,Timeout
2026-01-28T19:27:16.419420,INFO,search,Cache hit
2026-01-28T19:27:16.621575,INFO,orders,User login
2026-01-28T19:27:16.822687,INFO,search,Request OK
2026-01-28T19:27:17.023961,INFO,payment,Cache hit
2026-01-28T19:27:17.225906,WARN,payment,User login
2026-01-28T19:27:17.427210,INFO,orders,Request OK
2026-01-28T19:27:17.629508,INFO,search,Cache hit
2026-01-28T19:27:17.831120,INFO,payment,Cache hit
2026-01-28T19:27:18.032052,INFO,search,User login
2026-01-28T19:27:18.234586,INFO,search,User login
2026-01-28T19:27:18.437072,INFO,auth,User login
2026-01-28T19:27:18.638832,INFO,orders,User login
2026-01-28T19:27:18.841131,INFO,orders,Cache hit
2026-01-28T19:27:19.042474,INFO,auth,User login
2026-01-28T19:27:19.244783,INFO,orders,User login
2026-01-28T19:27:19.446163,INFO,orders,Cache hit
2026-01-28T19:27:19.647343,INFO,search,Request OK
2026-01-28T19:27:19.848076,INFO,payment,User login
2026-01-28T19:27:20.049452,INFO,orders,User login
2026-01-28T19:27:20.251688,INFO,payment,Cache hit
2026-01-28T19:27:20.454232,ERROR,payment,DB failure
2026-01-28T19:27:20.656671,INFO,payment,User login
2026-01-28T19:27:20.858163,INFO,orders,User login
2026-01-28T19:27:21.060842,INFO,search,Request OK
2026-01-28T19:27:21.263026,WARN,search,User login
2026-01-28T19:27:21.465304,ERROR,payment,Null pointer
2026-01-28T19:27:21.667413,INFO,orders,Cache hit
2026-01-28T19:27:21.869525,INFO,payment,Request OK
2026-01-28T19:27:22.070063,INFO,auth,User login
2026-01-28T19:27:22.271484,WARN,search,User login
2026-01-28T19:27:22.472715,INFO,orders,Request OK
2026-01-28T19:27:22.673808,INFO,search,Cache hit
2026-01-28T19:27:22.874870,INFO,search,Request OK
2026-01-28T19:27:23.077280,ERROR,search,DB failure
2026-01-28T19:27:23.279613,INFO,search,Cache hit
2026-01-28T19:27:23.480524,INFO,orders,User login
2026-01-28T19:27:23.682124,INFO,payment,User login
2026-01-28T19:27:23.883313,INFO,search,User login
2026-01-28T19:27:24.084678,ERROR,search,Timeout
2026-01-28T19:27:24.286974,INFO,search,Cache hit
2026-01-28T19:27:24.488971,INFO,search,Cache hit
2026-01-28T19:27:24.691387,INFO,auth,User login
2026-01-28T19:27:24.892340,WARN,search,User login
2026-01-28T19:27:25.093190,INFO,orders,User login
2026-01-28T19:27:25.295371,INFO,payment,Request OK
2026-01-28T19:27:25.497473,WARN,search,Cache hit
2026-01-28T19:27:25.698730,INFO,orders,Request OK
2026-01-28T19:27:25.900798,INFO,payment,User login
2026-01-28T19:27:26.101795,ERROR,payment,Null pointer
2026-01-28T19:27:26.303008,INFO,payment,Request OK
2026-01-28T19:27:26.505450,WARN,auth,Request OK
2026-01-28T19:27:26.707630,INFO,orders,Cache hit
2026-01-28T19:27:26.910193,INFO,search,User login
2026-01-28T19:27:27.111609,INFO,payment,User login
2026-01-28T19:27:27.313647,INFO,search,Cache hit
2026-01-28T19:27:27.515860,INFO,orders,User login
2026-01-28T19:27:27.718131,INFO,orders,User login
2026-01-28T19:27:27.919187,INFO,auth,User login
2026-01-28T19:27:28.120413,INFO,payment,User login
2026-01-28T19:27:28.321652,INFO,orders,Cache hit
2026-01-28T19:27:28.523981,INFO,search,Request OK
2026-01-28T19:27:28.726288,INFO,search,Cache hit
2026-01-28T19:27:28.927499,INFO,orders,Cache hit
2026-01-28T19:27:29.128386,INFO,orders,Request OK
2026-01-28T19:27:29.329643,INFO,orders,User login
2026-01-28T19:27:29.531079,ERROR,payment,Timeout
2026-01-28T19:27:29.732101,INFO,payment,User login
2026-01-28T19:27:29.933746,WARN,search,User login
2026-01-28T19:27:30.134961,INFO,payment,Request OK
2026-01-28T19:27:30.335881,INFO,orders,Cache hit
2026-01-28T19:27:30.538176,INFO,search,Request OK
2026-01-28T19:27:30.739011,INFO,auth,Cache hit
2026-01-28T19:27:30.939972,INFO,auth,Cache hit
2026-01-28T19:27:31.140912,INFO,payment,Cache hit
2026-01-28T19:27:31.342364,INFO,orders,Cache hit
2026-01-28T19:27:31.543710,INFO,orders,Request OK
2026-01-28T19:27:31.745859,WARN,auth,Request OK
2026-01-28T19:27:31.947959,INFO,search,Cache hit
2026-01-28T19:27:32.150100,INFO,search,Request OK
2026-01-28T19:27:32.352120,INFO,payment,Cache hit
2026-01-28T19:27:32.553077,INFO,payment,User login
2026-01-28T19:27:32.755272,INFO,search,User login
2026-01-28T19:27:32.956527,INFO,auth,Request OK
2026-01-28T19:27:33.158323,INFO,search,Cache hit
2026-01-28T19:27:33.359822,INFO,search,Request OK
2026-01-28T19:27:33.562909,INFO,orders,User login
2026-01-28T19:27:33.765027,ERROR,payment,Timeout
2026-01-28T19:27:33.967672,INFO,search,Request OK
2026-01-28T19:27:34.170662,INFO,search,User login
2026-01-28T19:27:34.371896,INFO,search,Cache hit
2026-01-28T19:27:34.573978,INFO,auth,Request OK
2026-01-28T19:27:34.776908,INFO,payment,Cache hit
2026-01-28T19:27:34.979123,ERROR,search,Null pointer
2026-01-28T19:27:35.180873,INFO,orders,User login
2026-01-28T19:27:35.381850,ERROR,search,DB failure
2026-01-28T19:27:35.583231,INFO,auth,Cache hit
2026-01-28T19:27:35.785388,INFO,auth,User login
2026-01-28T19:27:35.987860,INFO,orders,Request OK
2026-01-28T19:27:36.188684,INFO,auth,Cache hit
2026-01-28T19:27:36.391134,WARN,payment,Request OK
2026-01-28T19:27:36.592810,INFO,auth,User login
2026-01-28T19:27:36.795001,INFO,auth,User login
2026-01-28T19:27:36.997267,INFO,auth,Request OK
2026-01-28T19:27:37.199472,INFO,search,Request OK
2026-01-28T19:27:37.400790,INFO,auth,User login
2026-01-28T19:27:37.602336,INFO,payment,Request OK
2026-01-28T19:27:37.803681,INFO,orders,Request OK
2026-01-28T19:27:38.005853,INFO,auth,Cache hit
2026-01-28T19:27:38.207912,INFO,orders,Cache hit
2026-01-28T19:27:38.410202,WARN,orders,Cache hit
2026-01-28T19:27:38.611285,INFO,search,User login
2026-01-28T19:27:38.812647,WARN,payment,Request OK
2026-01-28T19:27:39.013819,INFO,search,Cache hit
2026-01-28T19:27:39.215010,INFO,search,User login
2026-01-28T19:27:39.417542,INFO,auth,Request OK
2026-01-28T19:27:39.618739,INFO,search,Cache hit
2026-01-28T19:27:39.820173,INFO,search,User login
2026-01-28T19:27:40.021420,ERROR,auth,Null pointer
2026-01-28T19:27:40.222513,INFO,auth,User login
2026-01-28T19:27:40.423854,INFO,search,Request OK
2026-01-28T19:27:40.624880,WARN,search,User login
2026-01-28T19:27:40.827109,INFO,orders,Cache hit
2026-01-28T19:27:41.029157,INFO,payment,Request OK
2026-01-28T19:27:41.230465,INFO,search,Cache hit
2026-01-28T19:27:41.432113,INFO,search,Request OK
2026-01-28T19:27:41.633580,ERROR,orders,Null pointer
2026-01-28T19:27:41.834376,WARN,orders,Request OK
2026-01-28T19:27:42.036542,INFO,payment,User login
2026-01-28T19:27:42.238689,INFO,search,Cache hit
2026-01-28T19:27:42.440020,INFO,payment,User login
2026-01-28T19:27:42.640854,INFO,orders,User login
2026-01-28T19:27:42.841764,INFO,orders,Request OK
2026-01-28T19:27:43.044077,INFO,orders,Cache hit
2026-01-28T19:27:43.245222,INFO,auth,User login
2026-01-28T19:27:43.446343,INFO,auth,Request OK
2026-01-28T19:27:43.647795,WARN,payment,User login
2026-01-28T19:27:43.849263,INFO,auth,User login
2026-01-28T19:27:44.050484,INFO,orders,User login
2026-01-28T19:27:44.251627,INFO,orders,Request OK
2026-01-28T19:27:44.452922,INFO,orders,Request OK
2026-01-28T19:27:44.654584,INFO,auth,User login
2026-01-28T19:27:44.858038,INFO,auth,User login
2026-01-28T19:27:45.060169,INFO,orders,Cache hit
2026-01-28T19:27:45.261707,INFO,search,Cache hit
2026-01-28T19:27:45.462979,INFO,search,Cache hit
2026-01-28T19:27:45.665377,INFO,auth,Cache hit
2026-01-28T19:27:45.867591,INFO,auth,Request OK
2026-01-28T19:27:46.069104,INFO,payment,User login
2026-01-28T19:27:46.271695,INFO,payment,User login
2026-01-28T19:27:46.474069,INFO,search,User login
2026-01-28T19:27:46.675565,INFO,search,User login
2026-01-28T19:27:46.878621,INFO,orders,User login
2026-01-28T19:27:47.080976,ERROR,auth,Timeout
2026-01-28T19:27:47.283248,INFO,payment,Request OK
2026-01-28T19:27:47.484115,ERROR,auth,Timeout
2026-01-28T19:27:47.685561,WARN,payment,Request OK
2026-01-28T19:27:47.886953,INFO,payment,Cache hit
2026-01-28T19:27:48.088112,WARN,orders,User login
2026-01-28T19:27:48.290463,INFO,search,User login
2026-01-28T19:27:48.491430,INFO,search,User login
2026-01-28T19:27:48.692826,INFO,auth,Request OK
2026-01-28T19:27:48.893954,INFO,payment,Request OK
2026-01-28T19:27:49.094911,INFO,auth,Request OK
2026-01-28T19:27:49.296434,INFO,search,Request OK
2026-01-28T19:27:49.497964,INFO,auth,Cache hit
2026-01-28T19:27:49.699300,WARN,orders,Request OK
2026-01-28T19:27:49.900798,WARN,payment,Request OK
2026-01-28T19:27:50.102950,INFO,orders,Request OK
2026-01-28T19:27:50.303978,INFO,auth,User login
2026-01-28T19:27:50.506225,WARN,auth,User login
2026-01-28T19:27:50.709110,INFO,orders,Request OK
2026-01-28T19:27:50.910899,INFO,payment,Request OK
2026-01-28T19:27:51.113021,INFO,payment,User login
2026-01-28T19:27:51.315832,INFO,search,Request OK
2026-01-28T19:27:51.521529,INFO,payment,Cache hit
2026-01-28T19:27:51.724101,INFO,orders,User login
2026-01-28T19:27:51.925185,INFO,search,Request OK
2026-01-28T19:27:52.126853,INFO,orders,User login
2026-01-28T19:27:52.328920,INFO,orders,User login
2026-01-28T19:27:52.531276,INFO,search,User login
2026-01-28T19:27:52.732610,INFO,search,User login
2026-01-28T19:27:52.933813,INFO,auth,Request OK
2026-01-28T19:27:53.150585,INFO,search,User login
2026-01-28T19:27:53.351619,INFO,orders,User login
2026-01-28T19:27:53.552869,INFO,search,Request OK
2026-01-28T19:27:53.755249,INFO,search,User login
2026-01-28T19:27:53.957662,INFO,payment,Request OK
2026-01-28T19:27:54.160002,INFO,payment,Cache hit
2026-01-28T19:27:54.361276,INFO,search,User login
2026-01-28T19:27:54.562601,INFO,orders,Request OK
2026-01-28T19:27:54.763738,INFO,payment,Request OK
2026-01-28T19:27:54.965838,ERROR,auth,DB failure
2026-01-28T19:27:55.167300,WARN,search,Request OK
2026-01-28T19:27:55.369690,INFO,orders,Request OK
2026-01-28T19:27:55.572228,INFO,orders,User login
2026-01-28T19:27:55.773244,INFO,payment,Cache hit
2026-01-28T19:27:55.974486,INFO,payment,User login
2026-01-28T19:27:56.175537,WARN,payment,User login
2026-01-28T19:27:56.377692,INFO,orders,Cache hit
2026-01-28T19:27:56.578877,INFO,search,Request OK
2026-01-28T19:27:56.780315,INFO,search,Cache hit
2026-01-28T19:27:56.982783,INFO,search,Request OK
2026-01-28T19:27:57.185093,WARN,auth,Cache hit
2026-01-28T19:27:57.386672,ERROR,payment,DB failure
2026-01-28T19:27:57.587486,INFO,payment,Cache hit
2026-01-28T19:27:57.793512,INFO,search,Cache hit
2026-01-28T19:27:57.996061,INFO,search,Request OK
2026-01-28T19:27:58.196777,INFO,auth,User login
2026-01-28T19:27:58.399109,INFO,orders,User login
2026-01-28T19:27:58.601503,INFO,orders,User login
2026-01-28T19:27:58.803867,INFO,auth,Cache hit
2026-01-28T19:27:59.006330,INFO,auth,User login
2026-01-28T19:27:59.207639,ERROR,payment,DB failure
2026-01-28T19:27:59.409389,INFO,payment,Cache hit
2026-01-28T19:27:59.612017,INFO,orders,Request OK
2026-01-28T19:27:59.813618,INFO,search,Request OK
2026-01-28T19:28:00.016596,INFO,auth,User login
2026-01-28T19:28:00.218428,INFO,auth,User login
2026-01-28T19:28:00.421883,ERROR,orders,DB failure
2026-01-28T19:28:00.631182,INFO,orders,Cache hit
2026-01-28T19:28:00.832903,INFO,orders,Request OK
2026-01-28T19:28:01.035219,INFO,auth,Cache hit
2026-01-28T19:28:01.239198,INFO,orders,Cache hit
2026-01-28T19:28:01.443601,INFO,search,User login
2026-01-28T19:28:01.645650,INFO,orders,User login
2026-01-28T19:28:01.848046,INFO,auth,User login
2026-01-28T19:28:02.050606,INFO,search,Request OK
2026-01-28T19:28:02.252442,ERROR,search,Null pointer
2026-01-28T19:28:02.453231,INFO,payment,User login
2026-01-28T19:28:02.655452,INFO,payment,User login
2026-01-28T19:28:02.856651,INFO,orders,Cache hit
2026-01-28T19:28:03.057783,INFO,orders,Request OK
2026-01-28T19:28:03.260132,WARN,search,Request OK
2026-01-28T19:28:03.460878,INFO,auth,Cache hit
2026-01-28T19:28:03.663062,INFO,payment,Request OK
2026-01-28T19:28:03.864377,INFO,orders,Request OK
2026-01-28T19:28:04.066745,INFO,search,User login
2026-01-28T19:28:04.267571,INFO,orders,User login
2026-01-28T19:28:04.469056,INFO,payment,Cache hit
2026-01-28T19:28:04.671376,INFO,auth,Request OK
2026-01-28T19:28:04.872001,INFO,search,Cache hit
2026-01-28T19:28:05.072991,INFO,orders,User login
2026-01-28T19:28:05.276813,INFO,payment,User login
2026-01-28T19:28:05.478363,WARN,search,Request OK
2026-01-28T19:28:05.680610,INFO,search,Cache hit
2026-01-28T19:28:05.881810,INFO,payment,Cache hit
2026-01-28T19:28:06.082995,ERROR,auth,Timeout
2026-01-28T19:28:06.283986,INFO,search,User login
2026-01-28T19:28:06.485428,INFO,payment,User login
2026-01-28T19:28:06.687834,INFO,search,User login
2026-01-28T19:28:06.890188,WARN,payment,User login
2026-01-28T19:28:07.091823,INFO,search,User login
2026-01-28T19:28:07.293242,INFO,search,Request OK
2026-01-28T19:28:07.495511,INFO,payment,Cache hit
2026-01-28T19:28:07.697885,INFO,orders,Request OK
2026-01-28T19:28:07.899801,INFO,payment,Cache hit
2026-01-28T19:28:08.100868,INFO,auth,User login
2026-01-28T19:28:08.302270,ERROR,orders,DB failure
2026-01-28T19:28:08.503273,INFO,orders,Cache hit
2026-01-28T19:28:08.705501,INFO,payment,Cache hit
2026-01-28T19:28:08.907872,INFO,payment,Request OK
2026-01-28T19:28:09.108744,INFO,search,User login
2026-01-28T19:28:09.310125,INFO,payment,Cache hit
2026-01-28T19:28:09.512910,WARN,search,Request OK
2026-01-28T19:28:09.714236,INFO,auth,User login
2026-01-28T19:28:09.916303,INFO,search,Cache hit
2026-01-28T19:28:10.121358,INFO,payment,Cache hit
2026-01-28T19:28:10.322286,INFO,auth,Request OK
2026-01-28T19:28:10.524560,INFO,orders,Request OK
2026-01-28T19:28:10.726675,WARN,auth,Cache hit
2026-01-28T19:28:10.929182,INFO,search,User login
2026-01-28T19:28:11.131523,INFO,payment,User login
2026-01-28T19:28:11.332492,INFO,orders,Cache hit
2026-01-28T19:28:11.533322,INFO,search,User login
2026-01-28T19:28:11.734669,INFO,search,User login
2026-01-28T19:28:11.935519,INFO,orders,Request OK
2026-01-28T19:28:12.137880,INFO,search,User login
2026-01-28T19:28:12.339554,INFO,search,Request OK
2026-01-28T19:28:12.541374,WARN,auth,Request OK
2026-01-28T19:28:12.742821,INFO,search,Cache hit
2026-01-28T19:28:12.944983,WARN,search,User login
2026-01-28T19:28:13.147493,INFO,payment,User login
2026-01-28T19:28:13.348913,ERROR,auth,Null pointer
2026-01-28T19:28:13.550245,INFO,search,Cache hit
2026-01-28T19:28:13.752312,INFO,orders,User login
2026-01-28T19:28:13.954551,INFO,auth,User login
2026-01-28T19:28:14.157563,INFO,search,Request OK
2026-01-28T19:28:14.360141,INFO,payment,Cache hit
2026-01-28T19:28:14.562578,WARN,orders,User login
2026-01-28T19:28:14.764818,ERROR,payment,DB failure
2026-01-28T19:28:14.966914,INFO,payment,Request OK
2026-01-28T19:28:15.168058,WARN,auth,User login
2026-01-28T19:28:15.369044,INFO,auth,Cache hit
2026-01-28T19:28:15.570392,INFO,auth,Request OK
2026-01-28T19:28:15.771749,INFO,orders,User login
2026-01-28T19:28:15.973927,ERROR,auth,Timeout
2026-01-28T19:28:16.176278,INFO,orders,Request OK
2026-01-28T19:28:16.377252,WARN,search,Request OK
2026-01-28T19:28:16.579748,INFO,payment,Request OK
2026-01-28T19:28:16.780967,INFO,payment,Cache hit
2026-01-28T19:28:16.982369,INFO,auth,Request OK
2026-01-28T19:28:17.183808,INFO,orders,Request OK
2026-01-28T19:28:17.385222,INFO,auth,User login
2026-01-28T19:28:17.587423,INFO,payment,Request OK
2026-01-28T19:28:17.788734,INFO,search,User login
2026-01-28T19:28:17.990895,ERROR,auth,DB failure
2026-01-28T19:28:18.193172,INFO,auth,Cache hit
2026-01-28T19:28:18.394130,INFO,payment,Request OK
2026-01-28T19:28:18.595577,INFO,payment,Cache hit
2026-01-28T19:28:18.796658,INFO,payment,Cache hit
2026-01-28T19:28:18.998863,INFO,payment,Cache hit
2026-01-28T19:28:19.201089,INFO,search,User login
2026-01-28T19:28:19.401931,INFO,payment,User login
2026-01-28T19:28:19.603354,INFO,auth,User login
2026-01-28T19:28:19.806349,INFO,search,User login
2026-01-28T19:28:20.007700,INFO,auth,Request OK
2026-01-28T19:28:20.210247,INFO,payment,User login
2026-01-28T19:28:20.411502,ERROR,payment,Null pointer
2026-01-28T19:28:20.613957,INFO,search,Request OK
2026-01-28T19:28:20.815966,INFO,auth,Cache hit
2026-01-28T19:28:21.018146,ERROR,orders,Null pointer
2026-01-28T19:28:21.219440,WARN,orders,Request OK
2026-01-28T19:28:21.420451,INFO,payment,User login
2026-01-28T19:28:21.622814,INFO,search,Request OK
2026-01-28T19:28:21.829093,ERROR,orders,Null pointer
2026-01-28T19:28:22.030323,INFO,auth,Cache hit
2026-01-28T19:28:22.230961,INFO,search,Request OK
2026-01-28T19:28:22.432078,INFO,search,Cache hit
2026-01-28T19:28:22.633405,INFO,auth,Request OK
2026-01-28T19:28:22.835717,INFO,orders,Cache hit
2026-01-28T19:28:23.038133,INFO,payment,User login
2026-01-28T19:28:23.240421,INFO,auth,Request OK
2026-01-28T19:28:23.441581,INFO,auth,Cache hit
2026-01-28T19:28:23.643082,INFO,search,User login
2026-01-28T19:28:23.844556,INFO,orders,User login
2026-01-28T19:28:24.045675,INFO,orders,User login
2026-01-28T19:28:24.247768,INFO,payment,User login
2026-01-28T19:28:24.448627,INFO,orders,Request OK
2026-01-28T19:28:24.650534,INFO,search,User login
2026-01-28T19:28:24.852900,INFO,auth,User login
2026-01-28T19:28:25.056109,INFO,payment,Request OK
2026-01-28T19:28:25.257178,INFO,auth,Cache hit
2026-01-28T19:28:25.458413,INFO,search,Cache hit
2026-01-28T19:28:25.659356,INFO,auth,Cache hit
2026-01-28T19:28:25.860625,WARN,payment,User login
2026-01-28T19:28:26.062244,INFO,orders,Cache hit
2026-01-28T19:28:26.262957,INFO,search,Request OK
2026-01-28T19:28:26.463894,INFO,auth,User login
2026-01-28T19:28:26.664809,INFO,search,Request OK
2026-01-28T19:28:26.865833,INFO,orders,User login
2026-01-28T19:28:27.066934,INFO,auth,Cache hit
2026-01-28T19:28:27.268134,INFO,payment,User login
2026-01-28T19:28:27.469066,INFO,orders,Cache hit
2026-01-28T19:28:27.670328,ERROR,auth,Null pointer
2026-01-28T19:28:27.871318,INFO,auth,Cache hit
2026-01-28T19:28:28.072180,INFO,auth,Request OK
2026-01-28T19:28:28.273784,ERROR,payment,DB failure
2026-01-28T19:28:28.474938,ERROR,auth,Timeout
2026-01-28T19:28:28.676301,INFO,search,User login
2026-01-28T19:28:28.877714,ERROR,search,Timeout
2026-01-28T19:28:29.078642,INFO,payment,Request OK
2026-01-28T19:28:29.280075,INFO,payment,User login
2026-01-28T19:28:29.481275,INFO,orders,Request OK
2026-01-28T19:28:29.682066,INFO,auth,User login
2026-01-28T19:28:29.883090,INFO,payment,Request OK
2026-01-28T19:28:30.084487,ERROR,orders,DB failure
2026-01-28T19:28:30.286825,ERROR,payment,Null pointer
2026-01-28T19:28:30.487864,ERROR,search,Null pointer
2026-01-28T19:28:30.690559,INFO,auth,User login
2026-01-28T19:28:30.893169,WARN,auth,Request OK
2026-01-28T19:28:31.094119,WARN,orders,Request OK
2026-01-28T19:28:31.296191,INFO,auth,Cache hit
2026-01-28T19:28:31.497388,INFO,search,User login
2026-01-28T19:28:31.701807,INFO,orders,Cache hit
2026-01-28T19:28:31.904135,INFO,payment,Request OK
2026-01-28T19:28:32.106396,WARN,auth,Cache hit
2026-01-28T19:28:32.308529,INFO,search,User login
2026-01-28T19:28:32.510011,INFO,auth,Cache hit
2026-01-28T19:28:32.711128,INFO,payment,Request OK
2026-01-28T19:28:32.913268,INFO,auth,Cache hit
2026-01-28T19:28:33.115233,INFO,search,Cache hit
2026-01-28T19:28:33.316426,INFO,search,Cache hit
2026-01-28T19:28:33.519442,INFO,orders,Cache hit
2026-01-28T19:28:33.721691,ERROR,search,Timeout
2026-01-28T19:28:33.922891,INFO,auth,Cache hit
2026-01-28T19:28:34.124796,INFO,orders,Request OK
2026-01-28T19:28:34.326839,INFO,orders,Request OK
2026-01-28T19:28:34.528510,ERROR,auth,DB failure
2026-01-28T19:28:34.729708,INFO,search,User login
2026-01-28T19:28:34.932149,INFO,search,Request OK
2026-01-28T19:28:35.133504,INFO,search,Cache hit
2026-01-28T19:28:35.335623,INFO,auth,User login
2026-01-28T19:28:35.536767,INFO,search,Cache hit
2026-01-28T19:28:35.738165,INFO,auth,Cache hit
2026-01-28T19:28:35.940424,WARN,payment,Request OK
2026-01-28T19:28:36.142965,INFO,payment,Request OK
2026-01-28T19:28:36.344919,INFO,payment,Cache hit
2026-01-28T19:28:36.546449,INFO,payment,Request OK
2026-01-28T19:28:36.748434,INFO,search,User login
2026-01-28T19:28:36.950540,WARN,payment,Request OK
2026-01-28T19:28:37.151829,INFO,auth,User login
2026-01-28T19:28:37.354471,INFO,payment,User login
2026-01-28T19:28:37.555133,INFO,orders,User login
2026-01-28T19:28:37.756136,INFO,search,User login
2026-01-28T19:28:37.958296,INFO,payment,Request OK
2026-01-28T19:28:38.159498,INFO,orders,Cache hit
2026-01-28T19:28:38.360338,INFO,auth,Cache hit
2026-01-28T19:28:38.561561,INFO,orders,Request OK
2026-01-28T19:28:38.762886,ERROR,auth,Timeout
2026-01-28T19:28:38.964063,INFO,auth,Request OK
2026-01-28T19:28:39.166693,INFO,payment,Cache hit
2026-01-28T19:28:39.367688,INFO,search,Cache hit
2026-01-28T19:28:39.568645,INFO,search,Cache hit
2026-01-28T19:28:39.769869,WARN,orders,Cache hit
2026-01-28T19:28:39.971529,INFO,search,Request OK
2026-01-28T19:28:40.174051,INFO,payment,User login
2026-01-28T19:28:40.376553,INFO,payment,Request OK
2026-01-28T19:28:40.577479,WARN,search,Cache hit
2026-01-28T19:28:40.778490,INFO,auth,Request OK
2026-01-28T19:28:40.980806,INFO,search,User login
2026-01-28T19:28:41.183381,WARN,auth,Request OK
2026-01-28T19:28:41.384365,INFO,auth,User login
2026-01-28T19:28:41.586946,INFO,search,User login
2026-01-28T19:28:41.788109,ERROR,payment,Null pointer
2026-01-28T19:28:41.989326,INFO,auth,Request OK
2026-01-28T19:28:42.190819,INFO,search,User login
2026-01-28T19:28:42.393049,INFO,auth,Request OK
2026-01-28T19:28:42.593770,INFO,auth,Request OK
2026-01-28T19:28:42.794673,INFO,search,Cache hit
2026-01-28T19:28:42.996005,INFO,auth,User login
2026-01-28T19:28:43.197526,INFO,orders,Request OK
2026-01-28T19:28:43.398591,INFO,search,Request OK
2026-01-28T19:28:43.599842,INFO,auth,User login
2026-01-28T19:28:43.802190,WARN,auth,Request OK
2026-01-28T19:28:44.003600,INFO,search,User login
2026-01-28T19:28:44.204474,INFO,orders,Request OK
2026-01-28T19:28:44.405625,WARN,orders,Cache hit
2026-01-28T19:28:44.613939,INFO,auth,User login
2026-01-28T19:28:44.815308,INFO,orders,Request OK
2026-01-28T19:28:45.016747,INFO,search,User login
2026-01-28T19:28:45.218811,INFO,orders,Cache hit
2026-01-28T19:28:45.421034,INFO,auth,User login
2026-01-28T19:28:45.621799,INFO,search,Cache hit
2026-01-28T19:28:45.823456,ERROR,payment,Null pointer
2026-01-28T19:28:46.025652,INFO,payment,Cache hit
2026-01-28T19:28:46.226569,INFO,payment,User login
2026-01-28T19:28:46.427820,INFO,auth,Cache hit
2026-01-28T19:28:46.628743,INFO,payment,Request OK
2026-01-28T19:28:46.830225,INFO,payment,Request OK
2026-01-28T19:28:47.031645,INFO,payment,Cache hit
2026-01-28T19:28:47.232618,INFO,search,Cache hit
2026-01-28T19:28:47.433904,INFO,payment,Cache hit
2026-01-28T19:28:47.634913,INFO,orders,Request OK
2026-01-28T19:28:47.836049,INFO,search,Request OK
2026-01-28T19:28:48.037533,INFO,orders,Cache hit
2026-01-28T19:28:48.239668,ERROR,orders,Timeout
2026-01-28T19:28:48.441635,INFO,auth,User login
2026-01-28T19:28:48.642730,INFO,search,User login
2026-01-28T19:28:48.844145,INFO,auth,Cache hit
2026-01-28T19:28:49.046222,WARN,auth,Request OK
2026-01-28T19:28:49.247408,INFO,orders,Request OK
2026-01-28T19:28:49.448743,INFO,orders,Cache hit
2026-01-28T19:28:49.649705,INFO,orders,Cache hit
2026-01-28T19:28:49.850673,INFO,auth,Request OK
2026-01-28T19:28:50.051701,INFO,payment,Request OK
2026-01-28T19:28:50.253107,INFO,orders,Request OK
2026-01-28T19:28:50.454846,INFO,payment,Cache hit
2026-01-28T19:28:50.655703,INFO,auth,User login
2026-01-28T19:28:50.858164,INFO,payment,Cache hit
2026-01-28T19:28:51.059537,INFO,payment,User login
2026-01-28T19:28:51.260888,INFO,orders,User login
2026-01-28T19:28:51.461830,INFO,auth,User login
2026-01-28T19:28:51.663008,INFO,payment,Request OK
2026-01-28T19:28:51.863710,INFO,search,User login
2026-01-28T19:28:52.064785,ERROR,auth,DB failure
2026-01-28T19:28:52.267064,INFO,payment,Cache hit
2026-01-28T19:28:52.467969,WARN,auth,Request OK
2026-01-28T19:28:52.669481,WARN,auth,User login
2026-01-28T19:28:52.871534,INFO,search,Cache hit
2026-01-28T19:28:53.072693,INFO,auth,Cache hit
2026-01-28T19:28:53.274195,INFO,orders,Request OK
2026-01-28T19:28:53.475446,INFO,orders,Cache hit
2026-01-28T19:28:53.676249,INFO,auth,User login
2026-01-28T19:28:53.877223,ERROR,payment,Null pointer
2026-01-28T19:28:54.078326,INFO,auth,Request OK
2026-01-28T19:28:54.279310,INFO,payment,User login
2026-01-28T19:28:54.480175,INFO,payment,User login
2026-01-28T19:28:54.681174,INFO,auth,User login
2026-01-28T19:28:54.883538,INFO,orders,Request OK
2026-01-28T19:28:55.084536,INFO,orders,Cache hit
2026-01-28T19:28:55.285838,INFO,orders,Cache hit
2026-01-28T19:28:55.488282,INFO,orders,Request OK
2026-01-28T19:28:55.689284,INFO,payment,Cache hit
2026-01-28T19:28:55.891288,INFO,search,Cache hit
2026-01-28T19:28:56.092827,INFO,search,User login
2026-01-28T19:28:56.294913,INFO,auth,Cache hit
2026-01-28T19:28:56.497667,INFO,orders,Cache hit
2026-01-28T19:28:56.698567,INFO,search,User login
2026-01-28T19:28:56.899961,INFO,orders,Cache hit
2026-01-28T19:28:57.100742,INFO,auth,Cache hit
2026-01-28T19:28:57.303233,ERROR,orders,Timeout
2026-01-28T19:28:57.505180,INFO,auth,User login
2026-01-28T19:28:57.706258,INFO,orders,Request OK
2026-01-28T19:28:57.909115,INFO,auth,Request OK
2026-01-28T19:28:58.110270,INFO,orders,Request OK
2026-01-28T19:28:58.311525,INFO,orders,Cache hit
2026-01-28T19:28:58.512567,INFO,orders,Request OK
2026-01-28T19:28:58.713733,WARN,auth,Cache hit
2026-01-28T19:28:58.915343,INFO,payment,Request OK
2026-01-28T19:28:59.117788,WARN,payment,Cache hit
2026-01-28T19:28:59.318767,ERROR,auth,DB failure
2026-01-28T19:28:59.520268,INFO,search,User login
2026-01-28T19:28:59.721417,INFO,orders,Cache hit
2026-01-28T19:28:59.923599,INFO,orders,User login
2026-01-28T19:29:00.124965,INFO,auth,Cache hit
2026-01-28T19:29:00.326219,INFO,auth,Request OK
2026-01-28T19:29:00.528724,WARN,payment,Request OK
2026-01-28T19:29:00.729751,INFO,orders,Cache hit
2026-01-28T19:29:00.932369,INFO,search,User login
2026-01-28T19:29:01.133694,INFO,search,Request OK
2026-01-28T19:29:01.334963,WARN,orders,Cache hit
2026-01-28T19:29:01.537342,ERROR,payment,DB failure
2026-01-28T19:29:01.738246,INFO,orders,Request OK
2026-01-28T19:29:01.940508,INFO,payment,User login
2026-01-28T19:29:02.141697,INFO,payment,Request OK
2026-01-28T19:29:02.342790,INFO,auth,User login
2026-01-28T19:29:02.544938,INFO,auth,Request OK
2026-01-28T19:29:02.746030,INFO,search,Request OK
2026-01-28T19:29:02.947772,INFO,payment,User login
2026-01-28T19:29:03.149651,INFO,orders,User login
2026-01-28T19:29:03.350417,ERROR,auth,DB failure
2026-01-28T19:29:03.552756,INFO,auth,Request OK
2026-01-28T19:29:03.754220,INFO,auth,Cache hit
2026-01-28T19:29:03.955973,INFO,payment,Cache hit
2026-01-28T19:29:04.158478,WARN,search,Request OK
2026-01-28T19:29:04.359403,INFO,auth,Cache hit
2026-01-28T19:29:04.561640,INFO,payment,User login
2026-01-28T19:29:04.762445,ERROR,payment,DB failure
2026-01-28T19:29:04.963926,INFO,auth,Request OK
2026-01-28T19:29:05.164964,INFO,payment,Request OK
2026-01-28T19:29:05.367039,INFO,search,Cache hit
2026-01-28T19:29:05.568871,INFO,auth,Request OK
2026-01-28T19:29:05.769914,INFO,orders,Cache hit
2026-01-28T19:29:05.972037,INFO,search,User login
2026-01-28T19:29:06.173157,INFO,auth,Request OK
2026-01-28T19:29:06.374354,INFO,search,User login
2026-01-28T19:29:06.575652,INFO,payment,Request OK
2026-01-28T19:29:06.776615,INFO,payment,User login
2026-01-28T19:29:06.978039,INFO,auth,Cache hit
2026-01-28T19:29:07.180349,INFO,orders,User login
2026-01-28T19:29:07.381360,INFO,orders,User login
2026-01-28T19:29:07.582630,INFO,search,Request OK
2026-01-28T19:29:07.783374,INFO,payment,Cache hit
2026-01-28T19:29:07.984783,INFO,payment,Cache hit
2026-01-28T19:29:08.187014,WARN,payment,Request OK
2026-01-28T19:29:08.388888,INFO,payment,Cache hit
2026-01-28T19:29:08.590256,INFO,payment,Request OK
2026-01-28T19:29:08.791001,WARN,payment,User login
2026-01-28T19:29:08.993157,INFO,payment,User login
2026-01-28T19:29:09.194512,INFO,orders,Request OK
2026-01-28T19:29:09.395363,INFO,search,Request OK
2026-01-28T19:29:09.597047,INFO,orders,Cache hit
2026-01-28T19:29:09.797754,INFO,auth,User login
2026-01-28T19:29:09.999735,INFO,search,User login
2026-01-28T19:29:10.201987,INFO,orders,Request OK
2026-01-28T19:29:10.402935,INFO,auth,Request OK
2026-01-28T19:29:10.603918,INFO,payment,Cache hit
2026-01-28T19:29:10.804972,INFO,orders,Request OK
2026-01-28T19:29:11.006295,INFO,orders,Cache hit
2026-01-28T19:29:11.208592,INFO,auth,Cache hit
2026-01-28T19:29:11.410528,INFO,search,User login
2026-01-28T19:29:11.611528,INFO,payment,User login
2026-01-28T19:29:11.812539,INFO,payment,User login
2026-01-28T19:29:12.014694,ERROR,auth,Timeout
2026-01-28T19:29:12.216879,INFO,auth,Request OK
2026-01-28T19:29:12.419270,INFO,auth,Request OK
2026-01-28T19:29:12.621601,ERROR,payment,Null pointer
2026-01-28T19:29:12.822378,ERROR,auth,Timeout
2026-01-28T19:29:13.024073,INFO,payment,Request OK
2026-01-28T19:29:13.226379,INFO,auth,Cache hit
2026-01-28T19:29:13.428401,INFO,payment,Request OK
2026-01-28T19:29:13.630226,INFO,auth,Request OK
2026-01-28T19:29:13.831179,INFO,search,Cache hit
2026-01-28T19:29:14.032314,INFO,search,Request OK
2026-01-28T19:29:14.233346,INFO,orders,Cache hit
2026-01-28T19:29:14.434580,INFO,orders,Request OK
2026-01-28T19:29:14.635802,INFO,search,User login
2026-01-28T19:29:14.836491,ERROR,payment,Null pointer
2026-01-28T19:29:15.037283,INFO,payment,User login
2026-01-28T19:29:15.239200,INFO,auth,Cache hit
2026-01-28T19:29:15.440400,INFO,search,Cache hit
2026-01-28T19:29:15.641629,ERROR,orders,Null pointer
2026-01-28T19:29:15.842341,INFO,auth,User login
2026-01-28T19:29:16.043819,ERROR,search,Null pointer
2026-01-28T19:29:16.245005,INFO,orders,Cache hit
2026-01-28T19:29:16.447626,INFO,auth,Request OK
2026-01-28T19:29:16.649869,INFO,auth,Cache hit
2026-01-28T19:29:16.850717,INFO,payment,User login
2026-01-28T19:29:17.051964,INFO,search,Request OK
2026-01-28T19:29:17.254312,INFO,search,Request OK
2026-01-28T19:29:17.456481,INFO,search,User login
2026-01-28T19:29:17.657771,INFO,search,User login
2026-01-28T19:29:17.858504,INFO,auth,Request OK
2026-01-28T19:29:18.059425,ERROR,auth,Null pointer
2026-01-28T19:29:18.262321,INFO,orders,Request OK
2026-01-28T19:29:18.469145,INFO,auth,User login
2026-01-28T19:29:18.670410,INFO,orders,User login
2026-01-28T19:29:18.871512,INFO,search,Cache hit
2026-01-28T19:29:19.072691,INFO,search,User login
2026-01-28T19:29:19.273750,INFO,auth,User login
2026-01-28T19:29:19.474452,INFO,payment,Cache hit
2026-01-28T19:29:19.675753,INFO,auth,Cache hit
2026-01-28T19:29:19.876657,ERROR,payment,DB failure
2026-01-28T19:29:20.077771,WARN,auth,Cache hit
2026-01-28T19:29:20.279298,INFO,payment,Cache hit
2026-01-28T19:29:20.480276,INFO,auth,User login
2026-01-28T19:29:20.681616,INFO,orders,Request OK
2026-01-28T19:29:20.882308,INFO,orders,User login
2026-01-28T19:29:21.088837,INFO,search,Cache hit
2026-01-28T19:29:21.306356,INFO,orders,Request OK
2026-01-28T19:29:21.508772,ERROR,orders,Timeout
2026-01-28T19:29:21.712545,INFO,search,Cache hit
2026-01-28T19:29:21.913992,INFO,payment,Cache hit
2026-01-28T19:29:22.114668,INFO,search,Request OK
2026-01-28T19:29:22.318280,INFO,search,Cache hit
2026-01-28T19:29:22.521380,ERROR,auth,Null pointer
2026-01-28T19:29:22.722610,INFO,search,Request OK
2026-01-28T19:29:22.923498,ERROR,auth,Timeout
2026-01-28T19:29:23.125975,INFO,auth,Cache hit
2026-01-28T19:29:23.326972,INFO,payment,User login
2026-01-28T19:29:23.528735,INFO,auth,User login
2026-01-28T19:29:23.730149,INFO,payment,Request OK
2026-01-28T19:29:23.931046,INFO,payment,User login
2026-01-28T19:29:24.132389,INFO,orders,User login
2026-01-28T19:29:24.333556,INFO,search,Cache hit
2026-01-28T19:29:24.534587,INFO,search,Cache hit
2026-01-28T19:29:24.735439,INFO,auth,Request OK
2026-01-28T19:29:24.936542,INFO,auth,Cache hit
2026-01-28T19:29:25.137277,INFO,auth,Request OK
2026-01-28T19:29:25.338520,INFO,orders,Request OK
2026-01-28T19:29:25.539585,INFO,auth,User login
2026-01-28T19:29:25.740584,INFO,auth,Request OK
2026-01-28T19:29:25.941517,INFO,orders,User login
2026-01-28T19:29:26.142450,ERROR,payment,Timeout
2026-01-28T19:29:26.343816,INFO,payment,Cache hit
2026-01-28T19:29:26.545295,INFO,orders,Cache hit
2026-01-28T19:29:26.746265,INFO,payment,Cache hit
2026-01-28T19:29:26.947081,ERROR,payment,DB failure
2026-01-28T19:29:27.148309,ERROR,auth,Null pointer
2026-01-28T19:29:27.349290,INFO,orders,Request OK
2026-01-28T19:29:27.550204,INFO,payment,Request OK
2026-01-28T19:29:27.751227,INFO,payment,Cache hit
2026-01-28T19:29:27.952240,WARN,orders,Cache hit
2026-01-28T19:29:28.152975,INFO,auth,Cache hit
2026-01-28T19:29:28.354241,INFO,payment,Cache hit
2026-01-28T19:29:28.554905,INFO,auth,Request OK
2026-01-28T19:29:28.755978,INFO,orders,Request OK
2026-01-28T19:29:28.956906,INFO,search,User login
2026-01-28T19:29:29.158147,INFO,orders,Cache hit
2026-01-28T19:29:29.360456,WARN,auth,User login
2026-01-28T19:29:29.562452,INFO,auth,User login
2026-01-28T19:29:29.763577,INFO,auth,Request OK
2026-01-28T19:29:29.964444,INFO,orders,Request OK
2026-01-28T19:29:30.165516,WARN,auth,User login
2026-01-28T19:29:30.367444,INFO,search,Cache hit
2026-01-28T19:29:30.570339,WARN,orders,Request OK
2026-01-28T19:29:30.774311,INFO,auth,Cache hit
2026-01-28T19:29:30.975237,INFO,search,User login
2026-01-28T19:29:31.176574,INFO,search,User login
2026-01-28T19:29:31.378867,INFO,orders,Cache hit
2026-01-28T19:29:31.580139,ERROR,orders,Timeout
2026-01-28T19:29:31.781152,INFO,payment,Cache hit
2026-01-28T19:29:31.982020,INFO,auth,Request OK
2026-01-28T19:29:32.182883,INFO,search,Cache hit
2026-01-28T19:29:32.384421,INFO,payment,Cache hit
2026-01-28T19:29:32.585819,INFO,payment,Request OK
2026-01-28T19:29:32.786975,INFO,auth,Cache hit
2026-01-28T19:29:32.987912,INFO,orders,Request OK
2026-01-28T19:29:33.189101,INFO,auth,Request OK
2026-01-28T19:29:33.391222,INFO,payment,Request OK
2026-01-28T19:29:33.593859,INFO,payment,Cache hit
2026-01-28T19:29:33.795979,INFO,auth,Request OK
2026-01-28T19:29:33.996735,INFO,search,Request OK
2026-01-28T19:29:34.197861,INFO,payment,Cache hit
2026-01-28T19:29:34.399156,INFO,payment,User login
2026-01-28T19:29:34.602140,INFO,auth,Cache hit
2026-01-28T19:29:34.804540,INFO,payment,Request OK
2026-01-28T19:29:35.005607,INFO,payment,Request OK
2026-01-28T19:29:35.208009,INFO,auth,Cache hit
2026-01-28T19:29:35.410203,INFO,payment,User login
2026-01-28T19:29:35.611454,WARN,orders,User login
2026-01-28T19:29:35.813476,INFO,payment,User login
2026-01-28T19:29:36.014462,INFO,search,Request OK
2026-01-28T19:29:36.217484,INFO,auth,Request OK
2026-01-28T19:29:36.419140,INFO,search,Cache hit
2026-01-28T19:29:36.620861,INFO,search,Request OK
2026-01-28T19:29:36.823099,INFO,auth,Request OK
2026-01-28T19:29:37.024480,INFO,payment,User login
2026-01-28T19:29:37.226702,INFO,search,Cache hit
2026-01-28T19:29:37.436239,INFO,orders,Cache hit
2026-01-28T19:29:37.637652,INFO,payment,User login
2026-01-28T19:29:37.839202,INFO,auth,User login
2026-01-28T19:29:38.040869,INFO,auth,User login
2026-01-28T19:29:38.243213,INFO,auth,User login
2026-01-28T19:29:38.444098,INFO,payment,Request OK
2026-01-28T19:29:38.646318,INFO,payment,Request OK
2026-01-28T19:29:38.848708,INFO,search,Cache hit
2026-01-28T19:29:39.049978,INFO,payment,Cache hit
2026-01-28T19:29:39.251173,INFO,payment,Cache hit
2026-01-28T19:29:39.454232,INFO,orders,Request OK
2026-01-28T19:29:39.655264,INFO,payment,User login
2026-01-28T19:29:39.856524,INFO,payment,Cache hit
2026-01-28T19:29:40.057463,INFO,auth,Cache hit
2026-01-28T19:29:40.258874,INFO,orders,Cache hit
2026-01-28T19:29:40.459926,INFO,search,Cache hit
2026-01-28T19:29:40.661120,WARN,payment,User login
2026-01-28T19:29:40.862270,INFO,search,User login
2026-01-28T19:29:41.063157,INFO,payment,User login
2026-01-28T19:29:41.263985,ERROR,orders,Null pointer
2026-01-28T19:29:41.465051,INFO,auth,Request OK
2026-01-28T19:29:41.666319,ERROR,search,Null pointer
2026-01-28T19:29:41.867163,INFO,auth,Request OK
2026-01-28T19:29:42.068020,INFO,auth,Cache hit
2026-01-28T19:29:42.269117,INFO,payment,User login
2026-01-28T19:29:42.470929,INFO,orders,Request OK
2026-01-28T19:29:42.672159,INFO,auth,User login
2026-01-28T19:29:42.873130,INFO,payment,Cache hit
2026-01-28T19:29:43.074141,INFO,auth,User login
2026-01-28T19:29:43.276439,INFO,auth,Cache hit
2026-01-28T19:29:43.478699,ERROR,orders,Timeout
2026-01-28T19:29:43.679376,INFO,orders,Request OK
2026-01-28T19:29:43.880790,INFO,auth,Request OK
2026-01-28T19:29:44.082093,ERROR,orders,DB failure
2026-01-28T19:29:44.282944,WARN,payment,User login
2026-01-28T19:29:44.484416,INFO,search,Cache hit
2026-01-28T19:29:44.685600,WARN,search,Cache hit
2026-01-28T19:29:44.886576,INFO,auth,Cache hit
2026-01-28T19:29:45.087721,INFO,payment,Cache hit
2026-01-28T19:29:45.288818,INFO,payment,User login
2026-01-28T19:29:45.489924,INFO,search,User login
2026-01-28T19:29:45.691571,INFO,orders,Cache hit
2026-01-28T19:29:45.899931,INFO,payment,Cache hit
2026-01-28T19:29:46.101211,INFO,orders,Request OK
2026-01-28T19:29:46.302802,INFO,auth,Cache hit
2026-01-28T19:29:46.503485,INFO,auth,Request OK
2026-01-28T19:29:46.704605,INFO,orders,Request OK
2026-01-28T19:29:46.905637,ERROR,search,Null pointer
2026-01-28T19:29:47.106865,INFO,payment,Request OK
2026-01-28T19:29:47.308130,INFO,auth,User login
2026-01-28T19:29:47.510378,INFO,orders,Request OK
2026-01-28T19:29:47.712389,INFO,payment,Cache hit
2026-01-28T19:29:47.913369,INFO,payment,Cache hit
2026-01-28T19:29:48.114639,INFO,search,User login
2026-01-28T19:29:48.316579,ERROR,orders,Timeout
2026-01-28T19:29:48.519165,INFO,auth,Request OK
2026-01-28T19:29:48.720131,INFO,auth,Cache hit
2026-01-28T19:29:48.921328,INFO,orders,Cache hit
2026-01-28T19:29:49.122353,INFO,payment,Cache hit
2026-01-28T19:29:49.323385,INFO,payment,User login
2026-01-28T19:29:49.524501,INFO,search,Cache hit
2026-01-28T19:29:49.726522,INFO,auth,Request OK
2026-01-28T19:29:49.927690,INFO,search,User login
2026-01-28T19:29:50.128646,INFO,payment,Cache hit
2026-01-28T19:29:50.329616,WARN,orders,User login
2026-01-28T19:29:50.530724,WARN,orders,User login
2026-01-28T19:29:50.731820,INFO,search,Cache hit
2026-01-28T19:29:50.933129,ERROR,payment,DB failure
2026-01-28T19:29:51.135100,INFO,payment,Cache hit
2026-01-28T19:29:51.336493,INFO,search,User login
2026-01-28T19:29:51.537332,WARN,orders,Request OK
2026-01-28T19:29:51.738227,INFO,auth,User login
2026-01-28T19:29:51.939217,INFO,search,Request OK
2026-01-28T19:29:52.140186,INFO,payment,Request OK
2026-01-28T19:29:52.342245,ERROR,payment,DB failure
2026-01-28T19:29:52.543576,INFO,search,Cache hit
2026-01-28T19:29:52.744890,WARN,auth,Cache hit
2026-01-28T19:29:52.945955,INFO,auth,User login
2026-01-28T19:29:53.147454,ERROR,payment,DB failure
2026-01-28T19:29:53.348158,INFO,auth,User login
2026-01-28T19:29:53.549664,INFO,search,User login
2026-01-28T19:29:53.751103,INFO,auth,Request OK
2026-01-28T19:29:53.952119,ERROR,orders,Timeout
2026-01-28T19:29:54.153448,INFO,auth,User login
2026-01-28T19:29:54.354831,INFO,search,Cache hit
2026-01-28T19:29:54.555610,INFO,auth,Cache hit
2026-01-28T19:29:54.756604,INFO,search,User login
2026-01-28T19:29:54.958538,INFO,auth,Cache hit
2026-01-28T19:29:55.159955,INFO,auth,User login
2026-01-28T19:29:55.360911,INFO,orders,Cache hit
2026-01-28T19:29:55.561964,WARN,auth,Cache hit
2026-01-28T19:29:55.762988,INFO,orders,User login
2026-01-28T19:29:55.963820,INFO,search,User login
2026-01-28T19:29:56.164855,INFO,search,Cache hit
2026-01-28T19:29:56.366373,INFO,orders,Request OK
2026-01-28T19:29:56.568678,INFO,auth,Request OK
2026-01-28T19:29:56.769743,INFO,search,User login
2026-01-28T19:29:56.970822,INFO,orders,User login
2026-01-28T19:29:57.171662,WARN,search,User login
2026-01-28T19:29:57.372257,INFO,search,Cache hit
2026-01-28T19:29:57.573338,INFO,search,User login
2026-01-28T19:29:57.774653,INFO,payment,Request OK
2026-01-28T19:29:57.976208,INFO,orders,Request OK
2026-01-28T19:29:58.177522,INFO,auth,Request OK
2026-01-28T19:29:58.378839,INFO,auth,Cache hit
2026-01-28T19:29:58.579532,INFO,search,User login
2026-01-28T19:29:58.780530,INFO,payment,Request OK
2026-01-28T19:29:58.981645,INFO,orders,Cache hit
2026-01-28T19:29:59.182550,INFO,auth,Cache hit
2026-01-28T19:29:59.383804,INFO,auth,Request OK
2026-01-28T19:29:59.585067,INFO,payment,Cache hit
2026-01-28T19:29:59.786413,ERROR,auth,Timeout
2026-01-28T19:29:59.987252,INFO,auth,Request OK
2026-01-28T19:30:00.188144,ERROR,payment,Null pointer
2026-01-28T19:30:00.388928,INFO,payment,User login
2026-01-28T19:30:00.590377,INFO,payment,User login
2026-01-28T19:30:00.792621,INFO,orders,User login
2026-01-28T19:30:00.993949,INFO,search,Cache hit
2026-01-28T19:30:01.195173,INFO,search,User login
2026-01-28T19:30:01.397619,INFO,search,User login
2026-01-28T19:30:01.598976,INFO,auth,Cache hit
2026-01-28T19:30:01.800764,INFO,orders,Cache hit
2026-01-28T19:30:02.001862,INFO,auth,Cache hit
2026-01-28T19:30:02.204260,INFO,auth,Request OK
2026-01-28T19:30:02.406589,INFO,search,User login
2026-01-28T19:30:02.609349,INFO,search,User login
2026-01-28T19:30:02.810200,ERROR,search,Timeout
2026-01-28T19:30:03.011664,INFO,payment,Request OK
2026-01-28T19:30:03.218363,ERROR,auth,DB failure
2026-01-28T19:30:03.421183,INFO,payment,Request OK
2026-01-28T19:30:03.623768,INFO,auth,Request OK
2026-01-28T19:30:03.826236,INFO,orders,Cache hit
2026-01-28T19:30:04.027386,ERROR,auth,Timeout
2026-01-28T19:30:04.228246,ERROR,orders,Null pointer
2026-01-28T19:30:04.429614,INFO,search,User login
2026-01-28T19:30:04.631951,INFO,orders,User login
2026-01-28T19:30:04.832851,INFO,auth,Cache hit
2026-01-28T19:30:05.033906,INFO,payment,User login
2026-01-28T19:30:05.235992,INFO,orders,Request OK
2026-01-28T19:30:05.438703,INFO,auth,User login
2026-01-28T19:30:05.640669,INFO,payment,Cache hit
2026-01-28T19:30:05.842206,WARN,auth,Request OK
2026-01-28T19:30:06.044377,INFO,auth,Cache hit
2026-01-28T19:30:06.246560,INFO,payment,User login
2026-01-28T19:30:06.447585,INFO,auth,Cache hit
2026-01-28T19:30:06.649190,INFO,payment,User login
2026-01-28T19:30:06.851743,INFO,orders,User login
2026-01-28T19:30:07.052703,WARN,orders,User login
2026-01-28T19:30:07.253674,INFO,search,Request OK
2026-01-28T19:30:07.454970,INFO,orders,Request OK
2026-01-28T19:30:07.656391,INFO,payment,Request OK
2026-01-28T19:30:07.859131,INFO,auth,User login
2026-01-28T19:30:08.062975,INFO,search,Request OK
2026-01-28T19:30:08.264592,INFO,auth,Cache hit
2026-01-28T19:30:08.465952,INFO,orders,Cache hit
2026-01-28T19:30:08.666787,INFO,orders,Cache hit
2026-01-28T19:30:08.868002,INFO,payment,Request OK
2026-01-28T19:30:09.070843,ERROR,payment,Null pointer
2026-01-28T19:30:09.275253,INFO,auth,User login
2026-01-28T19:30:09.477220,INFO,orders,User login
2026-01-28T19:30:09.678240,INFO,payment,User login
2026-01-28T19:30:09.879523,INFO,search,Cache hit
2026-01-28T19:30:10.086952,ERROR,auth,DB failure
2026-01-28T19:30:10.288701,ERROR,search,Null pointer
2026-01-28T19:30:10.490636,INFO,auth,User login
2026-01-28T19:30:10.692263,INFO,payment,User login
2026-01-28T19:30:10.895014,INFO,orders,Cache hit
2026-01-28T19:30:11.097398,INFO,auth,User login
2026-01-28T19:30:11.298276,ERROR,search,Timeout
2026-01-28T19:30:11.499789,INFO,orders,Cache hit
2026-01-28T19:30:11.701057,INFO,search,User login
2026-01-28T19:30:11.902480,INFO,orders,User login
2026-01-28T19:30:12.103523,INFO,auth,Cache hit
2026-01-28T19:30:12.304617,ERROR,search,DB failure
2026-01-28T19:30:12.507018,INFO,auth,User login
2026-01-28T19:30:12.709061,INFO,payment,User login
2026-01-28T19:30:12.911476,INFO,orders,Request OK
2026-01-28T19:30:13.112339,INFO,payment,Cache hit
2026-01-28T19:30:13.313729,INFO,auth,Request OK
2026-01-28T19:30:13.515277,INFO,payment,User login
2026-01-28T19:30:13.716363,INFO,payment,Cache hit
2026-01-28T19:30:13.919056,INFO,payment,Cache hit
2026-01-28T19:30:14.120208,INFO,payment,Cache hit
2026-01-28T19:30:14.320975,INFO,auth,Request OK
2026-01-28T19:30:14.522403,INFO,search,Cache hit
2026-01-28T19:30:14.724634,INFO,auth,Cache hit
2026-01-28T19:30:14.926018,INFO,search,Request OK
2026-01-28T19:30:15.128699,INFO,auth,Cache hit
2026-01-28T19:30:15.348499,WARN,orders,Request OK
2026-01-28T19:30:15.549568,INFO,orders,User login
2026-01-28T19:30:15.752602,INFO,search,Cache hit
2026-01-28T19:30:15.954916,INFO,auth,Cache hit
2026-01-28T19:30:16.156196,ERROR,auth,Timeout
2026-01-28T19:30:16.357516,ERROR,search,Null pointer
2026-01-28T19:30:16.559675,INFO,auth,Cache hit
2026-01-28T19:30:16.760745,INFO,search,Request OK
2026-01-28T19:30:16.962885,INFO,auth,User login
2026-01-28T19:30:17.164700,INFO,search,User login
2026-01-28T19:30:17.366191,INFO,orders,Cache hit
2026-01-28T19:30:17.566993,ERROR,auth,Timeout
2026-01-28T19:30:17.767811,INFO,auth,User login
2026-01-28T19:30:17.968986,INFO,search,Request OK
2026-01-28T19:30:18.169991,INFO,payment,User login
2026-01-28T19:30:18.371199,INFO,orders,Request OK
2026-01-28T19:30:18.572394,INFO,orders,Request OK
2026-01-28T19:30:18.773938,ERROR,orders,DB failure
2026-01-28T19:30:18.974928,INFO,search,Cache hit
2026-01-28T19:30:19.176053,INFO,orders,User login
2026-01-28T19:30:19.377124,INFO,search,User login
2026-01-28T19:30:19.579665,INFO,search,Cache hit
2026-01-28T19:30:19.781081,INFO,auth,User login
2026-01-28T19:30:19.987010,WARN,payment,Request OK
2026-01-28T19:30:20.190239,INFO,search,Request OK
2026-01-28T19:30:20.392792,INFO,payment,Request OK
2026-01-28T19:30:20.594403,INFO,search,User login
2026-01-28T19:30:20.796348,INFO,payment,Request OK
2026-01-28T19:30:20.997452,INFO,payment,Cache hit
2026-01-28T19:30:21.198699,WARN,payment,Request OK
2026-01-28T19:30:21.399685,INFO,payment,User login
2026-01-28T19:30:21.600751,INFO,payment,Cache hit
2026-01-28T19:30:21.802658,INFO,orders,Cache hit
2026-01-28T19:30:22.004218,INFO,orders,Cache hit
2026-01-28T19:30:22.208625,INFO,orders,Cache hit
2026-01-28T19:30:22.410986,INFO,payment,Request OK
2026-01-28T19:30:22.612020,INFO,auth,Cache hit
2026-01-28T19:30:22.814160,INFO,auth,Cache hit
2026-01-28T19:30:23.014708,INFO,search,User login
2026-01-28T19:30:23.221178,INFO,search,User login
2026-01-28T19:30:23.422240,INFO,search,User login
2026-01-28T19:30:23.623099,ERROR,payment,Timeout
2026-01-28T19:30:23.823878,INFO,payment,Request OK
2026-01-28T19:30:24.024839,WARN,auth,User login
2026-01-28T19:30:24.226028,INFO,orders,User login
2026-01-28T19:30:24.428065,INFO,search,User login
2026-01-28T19:30:24.629636,INFO,payment,Request OK
2026-01-28T19:30:24.832217,INFO,orders,Cache hit
2026-01-28T19:30:25.033034,INFO,search,Cache hit
2026-01-28T19:30:25.234332,INFO,auth,Cache hit
2026-01-28T19:30:25.436620,INFO,auth,Cache hit
2026-01-28T19:30:25.639240,ERROR,payment,Null pointer
2026-01-28T19:30:25.840484,INFO,search,User login
2026-01-28T19:30:26.041383,INFO,payment,User login
2026-01-28T19:30:26.243411,INFO,search,User login
2026-01-28T19:30:26.444508,INFO,payment,Request OK
2026-01-28T19:30:26.645713,INFO,search,Cache hit
2026-01-28T19:30:26.846744,INFO,orders,Cache hit
2026-01-28T19:30:27.048949,INFO,auth,User login
2026-01-28T19:30:27.250115,INFO,search,Request OK
2026-01-28T19:30:27.452079,INFO,payment,User login
2026-01-28T19:30:27.654287,INFO,auth,User login
2026-01-28T19:30:27.856686,INFO,auth,Cache hit
2026-01-28T19:30:28.057935,INFO,search,User login
2026-01-28T19:30:28.260013,INFO,auth,Request OK
2026-01-28T19:30:28.462284,INFO,search,Cache hit
2026-01-28T19:30:28.663366,INFO,auth,Request OK
2026-01-28T19:30:28.864951,INFO,payment,Request OK
2026-01-28T19:30:29.065765,WARN,payment,Cache hit
2026-01-28T19:30:29.267136,WARN,auth,Cache hit
2026-01-28T19:30:29.469148,INFO,search,Request OK
2026-01-28T19:30:29.670394,WARN,orders,User login
2026-01-28T19:30:29.871541,INFO,search,User login
2026-01-28T19:30:30.073669,INFO,search,User login
2026-01-28T19:30:30.274779,INFO,search,User login
2026-01-28T19:30:30.476743,INFO,orders,Cache hit
2026-01-28T19:30:30.677632,WARN,payment,User login
2026-01-28T19:30:30.878931,INFO,payment,User login
2026-01-28T19:30:31.080333,INFO,orders,User login
2026-01-28T19:30:31.281418,INFO,auth,Cache hit
2026-01-28T19:30:31.482702,ERROR,payment,Null pointer
2026-01-28T19:30:31.684181,INFO,orders,User login
2026-01-28T19:30:31.885548,INFO,auth,Request OK
2026-01-28T19:30:32.086646,ERROR,auth,Null pointer
2026-01-28T19:30:32.288050,WARN,search,Cache hit
2026-01-28T19:30:32.489475,INFO,search,User login
2026-01-28T19:30:32.691760,WARN,orders,User login
2026-01-28T19:30:32.892727,INFO,auth,Cache hit
2026-01-28T19:30:33.094987,INFO,search,User login
2026-01-28T19:30:33.298034,INFO,auth,Cache hit
2026-01-28T19:30:33.499419,INFO,search,Cache hit
2026-01-28T19:30:33.700549,WARN,search,Cache hit
2026-01-28T19:30:33.902121,INFO,orders,Request OK
2026-01-28T19:30:34.103818,INFO,search,User login
2026-01-28T19:30:34.306471,ERROR,auth,DB failure
2026-01-28T19:30:34.507929,INFO,auth,User login
2026-01-28T19:30:34.710244,INFO,payment,Cache hit
2026-01-28T19:30:34.912260,INFO,payment,Request OK
2026-01-28T19:30:35.113023,INFO,search,Cache hit
2026-01-28T19:30:35.314530,INFO,orders,User login
2026-01-28T19:30:35.516362,INFO,payment,Cache hit
2026-01-28T19:30:35.718415,ERROR,auth,Null pointer
2026-01-28T19:30:35.919859,INFO,auth,Cache hit
2026-01-28T19:30:36.121890,INFO,auth,Cache hit
2026-01-28T19:30:36.323392,INFO,payment,Cache hit
2026-01-28T19:30:36.524762,INFO,search,Cache hit
2026-01-28T19:30:36.727344,INFO,auth,Cache hit
2026-01-28T19:30:36.929673,INFO,search,Request OK
2026-01-28T19:30:37.130814,INFO,orders,User login
2026-01-28T19:30:37.332984,ERROR,auth,Null pointer
2026-01-28T19:30:37.535110,INFO,search,Cache hit
2026-01-28T19:30:37.736143,ERROR,payment,DB failure
2026-01-28T19:30:37.938233,INFO,auth,Cache hit
2026-01-28T19:30:38.139186,ERROR,orders,Timeout
2026-01-28T19:30:38.340712,ERROR,auth,Timeout
2026-01-28T19:30:38.542815,INFO,auth,Request OK
2026-01-28T19:30:38.745194,INFO,payment,Request OK
2026-01-28T19:30:38.947216,INFO,payment,Request OK
2026-01-28T19:30:39.147821,INFO,orders,Cache hit
2026-01-28T19:30:39.349621,WARN,orders,User login
2026-01-28T19:30:39.551083,ERROR,payment,Null pointer
2026-01-28T19:30:39.752795,INFO,orders,User login
2026-01-28T19:30:39.954989,INFO,auth,Request OK
2026-01-28T19:30:40.157117,INFO,orders,Cache hit
2026-01-28T19:30:40.359328,ERROR,search,DB failure
2026-01-28T19:30:40.561599,INFO,orders,User login
2026-01-28T19:30:40.763793,INFO,auth,User login
2026-01-28T19:30:40.965777,INFO,orders,Request OK
2026-01-28T19:30:41.167242,WARN,orders,User login
2026-01-28T19:30:41.368380,INFO,search,User login
2026-01-28T19:30:41.569391,INFO,payment,Request OK
2026-01-28T19:30:41.771337,INFO,auth,Cache hit
2026-01-28T19:30:41.973948,INFO,search,User login
2026-01-28T19:30:42.176168,INFO,orders,User login
2026-01-28T19:30:42.377350,WARN,payment,User login
2026-01-28T19:30:42.579578,INFO,orders,Request OK
2026-01-28T19:30:42.780281,INFO,payment,Request OK
2026-01-28T19:30:42.982812,INFO,search,Request OK
2026-01-28T19:30:43.185261,INFO,orders,Cache hit
2026-01-28T19:30:43.387135,INFO,search,Cache hit
2026-01-28T19:30:43.588256,INFO,payment,Request OK
2026-01-28T19:30:43.788924,ERROR,auth,DB failure
2026-01-28T19:30:43.989904,INFO,auth,User login
2026-01-28T19:30:44.191698,WARN,payment,User login
2026-01-28T19:30:44.394134,INFO,auth,Request OK
2026-01-28T19:30:44.596575,INFO,auth,Cache hit
2026-01-28T19:30:44.797495,INFO,payment,Request OK
2026-01-28T19:30:44.998799,INFO,orders,User login
2026-01-28T19:30:45.199919,INFO,search,Cache hit
2026-01-28T19:30:45.400731,WARN,orders,Cache hit
2026-01-28T19:30:45.601979,INFO,payment,User login
2026-01-28T19:30:45.803148,INFO,search,Request OK
2026-01-28T19:30:46.005406,INFO,orders,Cache hit
2026-01-28T19:30:46.206808,INFO,payment,Cache hit
2026-01-28T19:30:46.408720,INFO,payment,Request OK
2026-01-28T19:30:46.609957,INFO,payment,User login
2026-01-28T19:30:46.810930,INFO,orders,Cache hit
2026-01-28T19:30:47.012343,ERROR,orders,Null pointer
2026-01-28T19:30:47.213406,INFO,orders,Cache hit
2026-01-28T19:30:47.415256,INFO,auth,Request OK
2026-01-28T19:30:47.617156,ERROR,search,Timeout
2026-01-28T19:30:47.818128,INFO,auth,User login
2026-01-28T19:30:48.019175,INFO,orders,Request OK
2026-01-28T19:30:48.220442,INFO,auth,User login
2026-01-28T19:30:48.422491,INFO,orders,User login
2026-01-28T19:30:48.624980,INFO,search,Request OK
2026-01-28T19:30:48.825911,INFO,orders,User login
2026-01-28T19:30:49.026885,INFO,payment,Cache hit
2026-01-28T19:30:49.229614,INFO,payment,User login
2026-01-28T19:30:49.430836,ERROR,search,Null pointer
2026-01-28T19:30:49.632002,INFO,payment,User login
2026-01-28T19:30:49.833263,ERROR,auth,Null pointer
2026-01-28T19:30:50.034556,INFO,auth,User login
2026-01-28T19:30:50.235953,INFO,auth,Cache hit
2026-01-28T19:30:50.438151,INFO,payment,User login
2026-01-28T19:30:50.639471,INFO,orders,User login
2026-01-28T19:30:50.841675,INFO,payment,Request OK
2026-01-28T19:30:51.042663,INFO,payment,Cache hit
2026-01-28T19:30:51.244768,INFO,orders,Cache hit
2026-01-28T19:30:51.446131,ERROR,orders,Timeout
2026-01-28T19:30:51.648095,INFO,auth,User login
2026-01-28T19:30:51.850376,INFO,auth,Request OK
2026-01-28T19:30:52.051620,INFO,payment,Request OK
2026-01-28T19:30:52.252730,INFO,payment,Request OK
2026-01-28T19:30:52.453906,INFO,search,Request OK
2026-01-28T19:30:52.655275,INFO,orders,Request OK
2026-01-28T19:30:52.857840,INFO,orders,Request OK
2026-01-28T19:30:53.059758,INFO,orders,User login
2026-01-28T19:30:53.262164,INFO,payment,Cache hit
2026-01-28T19:30:53.463245,INFO,auth,Cache hit
2026-01-28T19:30:53.664659,ERROR,search,Null pointer
2026-01-28T19:30:53.866002,INFO,search,User login
2026-01-28T19:30:54.067391,INFO,auth,Request OK
2026-01-28T19:30:54.268445,INFO,auth,User login
2026-01-28T19:30:54.471134,INFO,search,User login
2026-01-28T19:30:54.672484,INFO,payment,Cache hit
2026-01-28T19:30:54.873326,WARN,orders,Cache hit
2026-01-28T19:30:55.075126,INFO,search,User login
2026-01-28T19:30:55.277254,INFO,payment,Cache hit
2026-01-28T19:30:55.479041,ERROR,auth,DB failure
2026-01-28T19:30:55.680454,INFO,auth,User login
2026-01-28T19:30:55.883002,WARN,orders,Cache hit
2026-01-28T19:30:56.085548,INFO,search,Cache hit
2026-01-28T19:30:56.286976,INFO,search,Cache hit
2026-01-28T19:30:56.488104,INFO,payment,User login
2026-01-28T19:30:56.690860,WARN,auth,Request OK
2026-01-28T19:30:56.893522,INFO,payment,Request OK
2026-01-28T19:30:57.094320,INFO,auth,Request OK
2026-01-28T19:30:57.296356,ERROR,orders,DB failure
2026-01-28T19:30:57.497423,WARN,orders,User login
2026-01-28T19:30:57.698686,INFO,auth,User login
2026-01-28T19:30:57.899757,INFO,search,Cache hit
2026-01-28T19:30:58.101331,INFO,search,Request OK
2026-01-28T19:30:58.302193,INFO,payment,Cache hit
2026-01-28T19:30:58.503051,INFO,orders,Cache hit
2026-01-28T19:30:58.704549,INFO,orders,Cache hit
2026-01-28T19:30:58.905518,INFO,auth,Request OK
2026-01-28T19:30:59.106483,INFO,payment,User login
2026-01-28T19:30:59.307961,INFO,search,User login
2026-01-28T19:30:59.510079,INFO,payment,Request OK
2026-01-28T19:30:59.712436,INFO,orders,User login
2026-01-28T19:30:59.913590,INFO,orders,Request OK
2026-01-28T19:31:00.114759,ERROR,search,Timeout
2026-01-28T19:31:00.315671,INFO,payment,Cache hit
2026-01-28T19:31:00.516977,INFO,auth,User login
2026-01-28T19:31:00.717765,INFO,orders,Cache hit
2026-01-28T19:31:00.920047,INFO,orders,Cache hit
2026-01-28T19:31:01.121218,INFO,auth,Request OK
2026-01-28T19:31:01.322422,INFO,auth,Cache hit
2026-01-28T19:31:01.523730,INFO,search,Cache hit
2026-01-28T19:31:01.727196,WARN,auth,Cache hit
2026-01-28T19:31:01.928207,INFO,auth,User login
2026-01-28T19:31:02.129666,INFO,search,Cache hit
2026-01-28T19:31:02.331884,INFO,payment,Cache hit
2026-01-28T19:31:02.534124,INFO,search,User login
2026-01-28T19:31:02.735728,ERROR,search,Null pointer
2026-01-28T19:31:02.938657,INFO,search,User login
2026-01-28T19:31:03.140926,INFO,payment,Request OK
2026-01-28T19:31:03.343131,INFO,auth,Cache hit
2026-01-28T19:31:03.545026,INFO,payment,Request OK
2026-01-28T19:31:03.746446,WARN,orders,Request OK
2026-01-28T19:31:03.947730,INFO,orders,User login
2026-01-28T19:31:04.148739,INFO,search,Cache hit
2026-01-28T19:31:04.351329,INFO,auth,Request OK
2026-01-28T19:31:04.552326,INFO,auth,User login
2026-01-28T19:31:04.753709,INFO,search,User login
2026-01-28T19:31:04.956031,INFO,search,User login
2026-01-28T19:31:05.156932,INFO,payment,Cache hit
2026-01-28T19:31:05.357981,INFO,search,Request OK
2026-01-28T19:31:05.558930,ERROR,auth,DB failure
2026-01-28T19:31:05.761014,INFO,auth,User login
2026-01-28T19:31:05.965198,INFO,orders,Cache hit
2026-01-28T19:31:06.167452,INFO,payment,Request OK
2026-01-28T19:31:06.368366,INFO,orders,Cache hit
2026-01-28T19:31:06.569472,INFO,orders,Cache hit
2026-01-28T19:31:06.771672,INFO,payment,Request OK
2026-01-28T19:31:06.972637,INFO,auth,Cache hit
2026-01-28T19:31:07.174896,WARN,auth,User login
2026-01-28T19:31:07.377207,INFO,orders,Cache hit
2026-01-28T19:31:07.578596,INFO,payment,User login
2026-01-28T19:31:07.780799,WARN,payment,Request OK
2026-01-28T19:31:07.981867,WARN,search,Request OK
2026-01-28T19:31:08.182757,WARN,auth,Request OK
2026-01-28T19:31:08.384134,INFO,orders,Cache hit
2026-01-28T19:31:08.585667,ERROR,search,Null pointer
2026-01-28T19:31:08.786676,INFO,search,Request OK
2026-01-28T19:31:08.987586,INFO,orders,Cache hit
2026-01-28T19:31:09.188970,INFO,auth,User login
2026-01-28T19:31:09.389998,INFO,payment,User login
2026-01-28T19:31:09.592184,INFO,orders,Request OK
2026-01-28T19:31:09.793473,WARN,auth,Request OK
2026-01-28T19:31:09.995630,INFO,auth,User login
2026-01-28T19:31:10.196915,INFO,orders,Cache hit
2026-01-28T19:31:10.397743,INFO,search,Cache hit
2026-01-28T19:31:10.599113,WARN,orders,User login
2026-01-28T19:31:10.800410,INFO,payment,Cache hit
2026-01-28T19:31:11.001477,INFO,search,User login
2026-01-28T19:31:11.202577,INFO,payment,Cache hit
2026-01-28T19:31:11.405018,ERROR,search,Timeout
2026-01-28T19:31:11.605930,INFO,orders,Request OK
2026-01-28T19:31:11.807814,WARN,auth,Cache hit
2026-01-28T19:31:12.009105,INFO,search,User login
2026-01-28T19:31:12.210028,INFO,search,Cache hit
2026-01-28T19:31:12.412126,INFO,auth,User login
2026-01-28T19:31:12.612963,INFO,orders,Request OK
2026-01-28T19:31:12.814323,INFO,search,Cache hit
2026-01-28T19:31:13.015796,INFO,auth,User login
2026-01-28T19:31:13.216991,INFO,auth,Request OK
2026-01-28T19:31:13.418211,WARN,orders,Request OK
2026-01-28T19:31:13.618969,INFO,payment,Request OK
2026-01-28T19:31:13.819963,WARN,payment,Request OK
2026-01-28T19:31:14.021143,INFO,payment,User login
2026-01-28T19:31:14.222835,INFO,search,Cache hit
2026-01-28T19:31:14.424690,INFO,orders,User login
2026-01-28T19:31:14.626378,INFO,search,Cache hit
2026-01-28T19:31:14.827467,WARN,payment,User login
2026-01-28T19:31:15.028574,INFO,search,User login
2026-01-28T19:31:15.229471,INFO,orders,Request OK
2026-01-28T19:31:15.430981,INFO,orders,Request OK
2026-01-28T19:31:15.632395,INFO,payment,Request OK
2026-01-28T19:31:15.833465,INFO,search,Request OK
2026-01-28T19:31:16.034320,INFO,auth,Cache hit
2026-01-28T19:31:16.242359,INFO,search,Cache hit
2026-01-28T19:31:16.444488,ERROR,search,DB failure
2026-01-28T19:31:16.645523,WARN,auth,Request OK
2026-01-28T19:31:16.846951,INFO,payment,Request OK
2026-01-28T19:31:17.050287,INFO,payment,Request OK
2026-01-28T19:31:17.253732,INFO,auth,User login
2026-01-28T19:31:17.456989,INFO,auth,User login
2026-01-28T19:31:17.658776,INFO,payment,Cache hit
2026-01-28T19:31:17.862020,ERROR,search,Null pointer
2026-01-28T19:31:18.064692,INFO,auth,User login
2026-01-28T19:31:18.266259,WARN,auth,Cache hit
2026-01-28T19:31:18.467309,INFO,payment,Request OK
2026-01-28T19:31:18.668595,ERROR,auth,Null pointer
2026-01-28T19:31:18.870328,INFO,search,Request OK
2026-01-28T19:31:19.071909,WARN,payment,Cache hit
2026-01-28T19:31:19.274672,INFO,auth,Cache hit
2026-01-28T19:31:19.475867,INFO,search,Cache hit
2026-01-28T19:31:19.676698,ERROR,payment,DB failure
2026-01-28T19:31:19.878931,WARN,orders,Request OK
2026-01-28T19:31:20.081704,ERROR,auth,Null pointer
2026-01-28T19:31:20.282490,INFO,orders,User login
2026-01-28T19:31:20.483797,INFO,payment,Cache hit
2026-01-28T19:31:20.684942,INFO,payment,Request OK
2026-01-28T19:31:20.886199,WARN,search,User login
2026-01-28T19:31:21.087656,WARN,payment,Cache hit
2026-01-28T19:31:21.289484,INFO,payment,User login
2026-01-28T19:31:21.491809,INFO,auth,Request OK
2026-01-28T19:31:21.692995,ERROR,orders,DB failure
2026-01-28T19:31:21.894459,INFO,orders,Cache hit
2026-01-28T19:31:22.096460,INFO,payment,Request OK
2026-01-28T19:31:22.297849,INFO,search,Request OK
2026-01-28T19:31:22.499362,INFO,search,User login
2026-01-28T19:31:22.701630,INFO,orders,Cache hit
2026-01-28T19:31:22.902898,WARN,search,Cache hit
2026-01-28T19:31:23.104306,INFO,payment,Request OK
2026-01-28T19:31:23.305911,INFO,payment,Request OK
2026-01-28T19:31:23.507359,INFO,orders,Cache hit
2026-01-28T19:31:23.708552,INFO,search,User login
2026-01-28T19:31:23.909679,INFO,payment,Request OK
2026-01-28T19:31:24.111551,INFO,orders,Request OK
2026-01-28T19:31:24.314335,INFO,auth,User login
2026-01-28T19:31:24.516037,INFO,search,Request OK
2026-01-28T19:31:24.717272,INFO,search,User login
2026-01-28T19:31:24.919060,INFO,auth,User login
2026-01-28T19:31:25.122621,INFO,search,User login
2026-01-28T19:31:25.324410,ERROR,auth,Timeout
2026-01-28T19:31:25.525934,WARN,payment,User login
2026-01-28T19:31:25.728900,INFO,payment,User login
2026-01-28T19:31:25.931255,WARN,search,Cache hit
2026-01-28T19:31:26.132277,INFO,orders,Request OK
2026-01-28T19:31:26.334434,INFO,auth,User login
2026-01-28T19:31:26.536776,INFO,payment,User login
2026-01-28T19:31:26.738201,INFO,payment,Cache hit
2026-01-28T19:31:26.940086,INFO,auth,Cache hit
2026-01-28T19:31:27.140892,WARN,auth,Request OK
2026-01-28T19:31:27.341855,ERROR,orders,Timeout
2026-01-28T19:31:27.543184,ERROR,orders,DB failure
2026-01-28T19:31:27.745313,INFO,payment,User login
2026-01-28T19:31:27.948155,INFO,auth,User login
2026-01-28T19:31:28.149241,INFO,auth,Cache hit
2026-01-28T19:31:28.350581,INFO,auth,User login
2026-01-28T19:31:28.553951,INFO,search,Cache hit
2026-01-28T19:31:28.756429,WARN,orders,Request OK
2026-01-28T19:31:28.957682,INFO,search,Cache hit
2026-01-28T19:31:29.159541,INFO,orders,Request OK
2026-01-28T19:31:29.360764,INFO,search,Cache hit
2026-01-28T19:31:29.563720,ERROR,payment,DB failure
2026-01-28T19:31:29.765353,INFO,auth,Cache hit
2026-01-28T19:31:29.966225,INFO,payment,Cache hit
2026-01-28T19:31:30.169611,INFO,payment,Request OK
2026-01-28T19:31:30.370961,INFO,orders,Cache hit
2026-01-28T19:31:30.572114,INFO,search,User login
2026-01-28T19:31:30.773295,INFO,search,User login
2026-01-28T19:31:30.975006,INFO,search,Request OK
2026-01-28T19:31:31.176824,INFO,orders,User login
2026-01-28T19:31:31.378857,INFO,orders,Request OK
2026-01-28T19:31:31.580677,INFO,orders,Cache hit
2026-01-28T19:31:31.783926,INFO,search,Cache hit
2026-01-28T19:31:31.985690,INFO,auth,User login
2026-01-28T19:31:32.188036,INFO,payment,User login
2026-01-28T19:31:32.389497,INFO,search,Cache hit
2026-01-28T19:31:32.590664,ERROR,orders,DB failure
2026-01-28T19:31:32.792068,INFO,search,Cache hit
2026-01-28T19:31:32.993841,INFO,search,User login
2026-01-28T19:31:33.196780,ERROR,payment,Timeout
2026-01-28T19:31:33.398362,WARN,auth,User login
2026-01-28T19:31:33.599982,INFO,payment,User login
2026-01-28T19:31:33.801503,INFO,search,Request OK
2026-01-28T19:31:34.002632,WARN,orders,Request OK
2026-01-28T19:31:34.204599,INFO,search,User login
2026-01-28T19:31:34.406800,INFO,auth,User login
2026-01-28T19:31:34.607976,INFO,orders,User login
2026-01-28T19:31:34.809005,INFO,search,Cache hit
2026-01-28T19:31:35.010212,INFO,payment,User login
2026-01-28T19:31:35.212086,INFO,payment,Cache hit
2026-01-28T19:31:35.414075,WARN,orders,Cache hit
2026-01-28T19:31:35.615514,WARN,auth,Request OK
2026-01-28T19:31:35.817311,INFO,payment,User login
2026-01-28T19:31:36.019597,INFO,search,User login
2026-01-28T19:31:36.222103,INFO,search,Cache hit
2026-01-28T19:31:36.423305,INFO,orders,Cache hit
2026-01-28T19:31:36.624776,INFO,payment,Cache hit
2026-01-28T19:31:36.826192,INFO,auth,User login
2026-01-28T19:31:37.028624,WARN,auth,User login
2026-01-28T19:31:37.230643,INFO,search,User login
2026-01-28T19:31:37.431966,ERROR,search,DB failure
2026-01-28T19:31:37.633261,INFO,auth,Cache hit
2026-01-28T19:31:37.834537,INFO,payment,Cache hit
2026-01-28T19:31:38.036749,ERROR,payment,DB failure
2026-01-28T19:31:38.238990,INFO,orders,User login
2026-01-28T19:31:38.440228,INFO,orders,Cache hit
2026-01-28T19:31:38.641978,INFO,payment,User login
2026-01-28T19:31:38.845565,INFO,orders,Request OK
2026-01-28T19:31:39.047365,ERROR,auth,DB failure
2026-01-28T19:31:39.250229,INFO,search,Request OK
2026-01-28T19:31:39.451301,INFO,auth,Cache hit
2026-01-28T19:31:39.652732,INFO,auth,Request OK
2026-01-28T19:31:39.854642,INFO,search,Cache hit
2026-01-28T19:31:40.056133,INFO,orders,Request OK
2026-01-28T19:31:40.258230,ERROR,search,DB failure
2026-01-28T19:31:40.460444,INFO,search,Request OK
2026-01-28T19:31:40.661570,INFO,payment,User login
2026-01-28T19:31:40.863783,WARN,orders,User login
2026-01-28T19:31:41.065547,INFO,orders,User login
2026-01-28T19:31:41.266596,INFO,auth,User login
2026-01-28T19:31:41.467767,INFO,orders,User login
2026-01-28T19:31:41.668907,INFO,search,Cache hit
2026-01-28T19:31:41.869674,INFO,auth,Cache hit
2026-01-28T19:31:42.070962,INFO,auth,User login
2026-01-28T19:31:42.272095,ERROR,search,Timeout
2026-01-28T19:31:42.473579,INFO,auth,Request OK
2026-01-28T19:31:42.675738,INFO,payment,Request OK
2026-01-28T19:31:42.876849,ERROR,auth,Null pointer
2026-01-28T19:31:43.079599,INFO,search,Request OK
2026-01-28T19:31:43.280891,INFO,search,User login
2026-01-28T19:31:43.482480,INFO,auth,User login
2026-01-28T19:31:43.683678,INFO,auth,User login
2026-01-28T19:31:43.885376,INFO,auth,Request OK
2026-01-28T19:31:44.086767,INFO,search,User login
2026-01-28T19:31:44.287920,WARN,payment,User login
2026-01-28T19:31:44.489557,INFO,search,Request OK
2026-01-28T19:31:44.691096,INFO,payment,Cache hit
2026-01-28T19:31:44.892316,INFO,orders,Request OK
2026-01-28T19:31:45.095170,INFO,search,Request OK
2026-01-28T19:31:45.296637,WARN,payment,Cache hit
2026-01-28T19:31:45.498179,INFO,search,Cache hit
2026-01-28T19:31:45.700014,INFO,orders,Request OK
2026-01-28T19:31:45.902242,INFO,payment,User login
2026-01-28T19:31:46.104166,INFO,orders,Request OK
2026-01-28T19:31:46.306131,INFO,payment,User login
2026-01-28T19:31:46.507275,INFO,payment,Cache hit
2026-01-28T19:31:46.708280,ERROR,payment,Timeout
2026-01-28T19:31:46.910223,INFO,search,Request OK
2026-01-28T19:31:47.111273,INFO,orders,User login
2026-01-28T19:31:47.313166,INFO,search,Request OK
2026-01-28T19:31:47.514195,INFO,payment,User login
2026-01-28T19:31:47.715089,INFO,payment,User login
2026-01-28T19:31:47.916059,INFO,search,User login
2026-01-28T19:31:48.117365,INFO,orders,User login
2026-01-28T19:31:48.318265,INFO,auth,Cache hit
2026-01-28T19:31:48.518955,INFO,payment,User login
2026-01-28T19:31:48.719739,WARN,search,User login
2026-01-28T19:31:48.920559,INFO,orders,User login
2026-01-28T19:31:49.121726,INFO,payment,Request OK
2026-01-28T19:31:49.322361,INFO,auth,User login
2026-01-28T19:31:49.523216,WARN,auth,Request OK
2026-01-28T19:31:49.723951,INFO,orders,Cache hit
2026-01-28T19:31:49.925069,ERROR,payment,DB failure
2026-01-28T19:31:50.126011,INFO,payment,User login
2026-01-28T19:31:50.327493,INFO,search,Request OK
2026-01-28T19:31:50.528267,ERROR,orders,Timeout
2026-01-28T19:31:50.729421,INFO,orders,Cache hit
2026-01-28T19:31:50.931553,INFO,auth,User login
2026-01-28T19:31:51.133310,INFO,search,Request OK
2026-01-28T19:31:51.334880,WARN,search,Cache hit
2026-01-28T19:31:51.536257,INFO,search,Request OK
2026-01-28T19:31:51.737129,INFO,search,User login
2026-01-28T19:31:51.938231,INFO,payment,User login
2026-01-28T19:31:52.139157,INFO,orders,User login
2026-01-28T19:31:52.340466,INFO,orders,Cache hit
2026-01-28T19:31:52.541327,INFO,auth,Cache hit
2026-01-28T19:31:52.742557,WARN,search,Cache hit
2026-01-28T19:31:52.943992,INFO,orders,Cache hit
2026-01-28T19:31:53.145518,INFO,auth,User login
2026-01-28T19:31:53.346692,INFO,search,User login
2026-01-28T19:31:53.548310,INFO,search,Request OK
2026-01-28T19:31:53.749603,INFO,payment,Request OK
2026-01-28T19:31:53.950672,INFO,payment,Cache hit
2026-01-28T19:31:54.151428,INFO,search,Request OK
2026-01-28T19:31:54.352917,INFO,auth,User login
2026-01-28T19:31:54.553891,ERROR,search,Timeout
2026-01-28T19:31:54.755496,INFO,search,Cache hit
2026-01-28T19:31:54.960337,INFO,payment,Cache hit
2026-01-28T19:31:55.161665,ERROR,payment,DB failure
2026-01-28T19:31:55.363337,INFO,orders,Request OK
2026-01-28T19:31:55.564426,INFO,payment,User login
2026-01-28T19:31:55.765375,WARN,orders,Cache hit
2026-01-28T19:31:55.966600,INFO,search,Cache hit
2026-01-28T19:31:56.168242,INFO,orders,User login
2026-01-28T19:31:56.369631,INFO,auth,Cache hit
2026-01-28T19:31:56.570788,INFO,search,User login
2026-01-28T19:31:56.772208,INFO,payment,Request OK
2026-01-28T19:31:56.973005,INFO,orders,Request OK
2026-01-28T19:31:57.174078,INFO,auth,User login
2026-01-28T19:31:57.375570,INFO,auth,User login
2026-01-28T19:31:57.576616,INFO,orders,Request OK
2026-01-28T19:31:57.777418,ERROR,orders,DB failure
2026-01-28T19:31:57.978445,INFO,orders,User login
2026-01-28T19:31:58.179837,INFO,orders,Cache hit
2026-01-28T19:31:58.382108,INFO,orders,User login
2026-01-28T19:31:58.583436,INFO,auth,Request OK
2026-01-28T19:31:58.785302,WARN,search,Cache hit
2026-01-28T19:31:58.988469,INFO,search,Request OK
2026-01-28T19:31:59.189449,INFO,payment,Cache hit
2026-01-28T19:31:59.390372,INFO,payment,Request OK
2026-01-28T19:31:59.591689,INFO,search,User login
2026-01-28T19:31:59.792540,WARN,payment,Request OK
2026-01-28T19:31:59.993666,INFO,search,User login
2026-01-28T19:32:00.194678,WARN,search,User login
2026-01-28T19:32:00.395711,INFO,orders,Request OK
2026-01-28T19:32:00.596955,INFO,search,Request OK
2026-01-28T19:32:00.797955,INFO,search,User login
2026-01-28T19:32:00.999152,INFO,auth,Request OK
2026-01-28T19:32:01.200483,INFO,auth,User login
2026-01-28T19:32:01.403415,INFO,orders,Request OK
2026-01-28T19:32:01.604361,INFO,orders,User login
2026-01-28T19:32:01.805744,INFO,payment,Cache hit
2026-01-28T19:32:02.007190,WARN,orders,Cache hit
2026-01-28T19:32:02.209933,INFO,payment,Cache hit
2026-01-28T19:32:02.411132,INFO,payment,Request OK
2026-01-28T19:32:02.612282,INFO,orders,Request OK
2026-01-28T19:32:02.813187,INFO,auth,Cache hit
2026-01-28T19:32:03.014962,INFO,search,Request OK
2026-01-28T19:32:03.216713,INFO,payment,User login
2026-01-28T19:32:03.417815,WARN,orders,Cache hit
2026-01-28T19:32:03.619013,INFO,orders,Request OK
2026-01-28T19:32:03.820068,INFO,orders,Request OK
2026-01-28T19:32:04.021135,WARN,orders,User login
2026-01-28T19:32:04.222460,INFO,payment,User login
2026-01-28T19:32:04.423247,INFO,search,User login
2026-01-28T19:32:04.625205,INFO,auth,Request OK
2026-01-28T19:32:04.826889,INFO,payment,User login
2026-01-28T19:32:05.028000,INFO,payment,User login
2026-01-28T19:32:05.229703,INFO,orders,Request OK
2026-01-28T19:32:05.430784,ERROR,orders,DB failure
2026-01-28T19:32:05.632814,INFO,payment,Cache hit
2026-01-28T19:32:05.834432,INFO,search,User login
2026-01-28T19:32:06.035941,INFO,auth,Cache hit
2026-01-28T19:32:06.238866,INFO,auth,Request OK
2026-01-28T19:32:06.440046,WARN,payment,Request OK
2026-01-28T19:32:06.641083,INFO,payment,User login
2026-01-28T19:32:06.842240,INFO,search,Cache hit
2026-01-28T19:32:07.044181,INFO,orders,User login
2026-01-28T19:32:07.245267,WARN,search,Request OK
2026-01-28T19:32:07.446314,INFO,search,User login
2026-01-28T19:32:07.648749,INFO,orders,Request OK
2026-01-28T19:32:07.849778,INFO,payment,Request OK
2026-01-28T19:32:08.052769,INFO,payment,Request OK
2026-01-28T19:32:08.254625,INFO,search,Cache hit
2026-01-28T19:32:08.455297,INFO,search,Cache hit
2026-01-28T19:32:08.656640,INFO,payment,Request OK
2026-01-28T19:32:08.857479,INFO,orders,Cache hit
2026-01-28T19:32:09.059382,INFO,search,User login
2026-01-28T19:32:09.260360,WARN,payment,Request OK
2026-01-28T19:32:09.461253,WARN,payment,User login
2026-01-28T19:32:09.662483,WARN,payment,Cache hit
2026-01-28T19:32:09.863811,INFO,orders,Request OK
2026-01-28T19:32:10.065016,INFO,payment,Request OK
2026-01-28T19:32:10.266103,INFO,payment,Cache hit
2026-01-28T19:32:10.467119,ERROR,search,Timeout
2026-01-28T19:32:10.668691,ERROR,auth,Null pointer
2026-01-28T19:32:10.869463,ERROR,payment,Timeout
2026-01-28T19:32:11.070266,INFO,search,User login
2026-01-28T19:32:11.273249,INFO,auth,User login
2026-01-28T19:32:11.476014,INFO,orders,Request OK
2026-01-28T19:32:11.678016,INFO,search,Request OK
2026-01-28T19:32:11.880227,INFO,payment,Request OK
2026-01-28T19:32:12.082856,INFO,auth,User login
2026-01-28T19:32:12.284306,INFO,auth,Request OK
2026-01-28T19:32:12.492104,INFO,search,Cache hit
2026-01-28T19:32:12.699039,ERROR,orders,Timeout
2026-01-28T19:32:12.900192,ERROR,search,Timeout
2026-01-28T19:32:13.100924,WARN,search,Request OK
2026-01-28T19:32:13.302948,ERROR,auth,Timeout
2026-01-28T19:32:13.505885,INFO,auth,Request OK
2026-01-28T19:32:13.708396,INFO,orders,Cache hit
2026-01-28T19:32:13.910253,INFO,auth,Request OK
2026-01-28T19:32:14.111413,WARN,orders,Request OK
2026-01-28T19:32:14.312659,INFO,orders,Request OK
2026-01-28T19:32:14.513556,INFO,auth,Request OK
2026-01-28T19:32:14.715233,INFO,search,Cache hit
2026-01-28T19:32:14.916393,INFO,search,Request OK
2026-01-28T19:32:15.117200,INFO,payment,Request OK
2026-01-28T19:32:15.319494,INFO,search,Request OK
2026-01-28T19:32:15.520918,INFO,search,Cache hit
2026-01-28T19:32:15.722087,WARN,orders,Cache hit
2026-01-28T19:32:15.923404,INFO,payment,Request OK
2026-01-28T19:32:16.124385,INFO,search,Cache hit
2026-01-28T19:32:16.325215,INFO,payment,User login
2026-01-28T19:32:16.526144,ERROR,search,DB failure
2026-01-28T19:32:16.727107,INFO,payment,User login
2026-01-28T19:32:16.927838,INFO,payment,Cache hit
2026-01-28T19:32:17.128687,INFO,payment,Request OK
2026-01-28T19:32:17.330429,INFO,auth,Request OK
2026-01-28T19:32:17.533431,INFO,payment,User login
2026-01-28T19:32:17.734378,INFO,auth,Cache hit
2026-01-28T19:32:17.936238,INFO,payment,Cache hit
2026-01-28T19:32:18.137411,INFO,search,Request OK
2026-01-28T19:32:18.339030,INFO,orders,Request OK
2026-01-28T19:32:18.540134,INFO,payment,Request OK
2026-01-28T19:32:18.741385,INFO,payment,User login
2026-01-28T19:32:18.943690,INFO,orders,Request OK
2026-01-28T19:32:19.144766,ERROR,orders,DB failure
2026-01-28T19:32:19.345934,INFO,payment,Request OK
2026-01-28T19:32:19.546882,INFO,auth,User login
2026-01-28T19:32:19.748525,WARN,orders,Request OK
2026-01-28T19:32:19.950055,INFO,payment,Request OK
2026-01-28T19:32:20.151189,INFO,auth,Cache hit
2026-01-28T19:32:20.352528,INFO,payment,User login
2026-01-28T19:32:20.553697,INFO,search,Cache hit
2026-01-28T19:32:20.756675,WARN,search,Request OK
2026-01-28T19:32:20.958691,INFO,search,Cache hit
2026-01-28T19:32:21.159637,INFO,search,Cache hit
2026-01-28T19:32:21.360709,INFO,auth,Request OK
2026-01-28T19:32:21.561965,INFO,auth,User login
2026-01-28T19:32:21.763126,INFO,search,Cache hit
2026-01-28T19:32:21.965068,INFO,search,Cache hit
2026-01-28T19:32:22.166703,INFO,auth,User login
2026-01-28T19:32:22.368451,INFO,orders,User login
2026-01-28T19:32:22.569481,INFO,orders,Request OK
2026-01-28T19:32:22.770690,INFO,search,Request OK
2026-01-28T19:32:22.971832,ERROR,orders,Timeout
2026-01-28T19:32:23.172778,INFO,search,User login
2026-01-28T19:32:23.374011,INFO,auth,User login
2026-01-28T19:32:23.574980,INFO,payment,User login
2026-01-28T19:32:23.775901,ERROR,auth,Null pointer
2026-01-28T19:32:23.977283,INFO,auth,Request OK
2026-01-28T19:32:24.178227,INFO,auth,Cache hit
2026-01-28T19:32:24.379428,ERROR,orders,DB failure
2026-01-28T19:32:24.580515,WARN,auth,User login
2026-01-28T19:32:24.781768,INFO,orders,User login
2026-01-28T19:32:24.982835,ERROR,payment,DB failure
2026-01-28T19:32:25.183794,INFO,payment,Cache hit
2026-01-28T19:32:25.385316,INFO,payment,Cache hit
2026-01-28T19:32:25.586216,INFO,payment,User login
2026-01-28T19:32:25.787628,INFO,orders,User login
2026-01-28T19:32:25.988530,INFO,orders,User login
2026-01-28T19:32:26.190074,ERROR,search,DB failure
2026-01-28T19:32:26.390997,INFO,payment,Request OK
2026-01-28T19:32:26.592908,INFO,orders,Cache hit
2026-01-28T19:32:26.794179,WARN,auth,Cache hit
2026-01-28T19:32:26.996262,ERROR,payment,DB failure
2026-01-28T19:32:27.198195,WARN,auth,Cache hit
2026-01-28T19:32:27.399122,INFO,payment,User login
2026-01-28T19:32:27.600593,ERROR,orders,Null pointer
2026-01-28T19:32:27.801744,INFO,auth,User login
2026-01-28T19:32:28.003139,WARN,payment,Cache hit
2026-01-28T19:32:28.204605,INFO,payment,Cache hit
2026-01-28T19:32:28.405648,INFO,payment,Request OK
2026-01-28T19:32:28.607469,INFO,search,Request OK
2026-01-28T19:32:28.808207,INFO,orders,Cache hit
2026-01-28T19:32:29.009489,INFO,auth,User login
2026-01-28T19:32:29.210947,INFO,auth,Request OK
2026-01-28T19:32:29.411597,INFO,payment,Cache hit
2026-01-28T19:32:29.613546,INFO,payment,User login
2026-01-28T19:32:29.815233,INFO,orders,Cache hit
2026-01-28T19:32:30.016504,INFO,search,User login
2026-01-28T19:32:30.217719,WARN,orders,User login
2026-01-28T19:32:30.421418,INFO,auth,Request OK
2026-01-28T19:32:30.623031,INFO,orders,Request OK
2026-01-28T19:32:30.824311,INFO,auth,Request OK
2026-01-28T19:32:31.025192,INFO,payment,Cache hit
2026-01-28T19:32:31.226006,INFO,auth,Cache hit
2026-01-28T19:32:31.427045,INFO,orders,Cache hit
2026-01-28T19:32:31.628116,INFO,orders,User login
2026-01-28T19:32:31.849061,INFO,payment,User login
2026-01-28T19:32:32.051088,INFO,auth,User login
2026-01-28T19:32:32.252025,INFO,auth,Request OK
2026-01-28T19:32:32.453276,WARN,orders,Cache hit
2026-01-28T19:32:32.657955,INFO,auth,User login
2026-01-28T19:32:32.859132,INFO,search,User login
2026-01-28T19:32:33.060363,INFO,orders,Request OK
2026-01-28T19:32:33.261486,INFO,orders,User login
2026-01-28T19:32:33.462411,INFO,search,Request OK
2026-01-28T19:32:33.664042,INFO,auth,Request OK
2026-01-28T19:32:33.866085,INFO,search,User login
2026-01-28T19:32:34.068727,INFO,auth,Cache hit
2026-01-28T19:32:34.269754,INFO,orders,Cache hit
2026-01-28T19:32:34.472059,INFO,payment,Cache hit
2026-01-28T19:32:34.673550,INFO,payment,Cache hit
2026-01-28T19:32:34.875078,INFO,payment,Request OK
2026-01-28T19:32:35.076090,INFO,orders,Cache hit
2026-01-28T19:32:35.276888,ERROR,orders,DB failure
2026-01-28T19:32:35.477708,INFO,payment,User login
2026-01-28T19:32:35.679190,INFO,search,User login
2026-01-28T19:32:35.881131,WARN,auth,Cache hit
2026-01-28T19:32:36.082305,INFO,search,User login
2026-01-28T19:32:36.285081,INFO,search,User login
2026-01-28T19:32:36.486142,INFO,orders,Cache hit
2026-01-28T19:32:36.687548,ERROR,auth,DB failure
2026-01-28T19:32:36.889033,INFO,search,Cache hit
2026-01-28T19:32:37.089785,ERROR,orders,DB failure
2026-01-28T19:32:37.290756,INFO,orders,Request OK
2026-01-28T19:32:37.491414,INFO,orders,Cache hit
2026-01-28T19:32:37.692382,INFO,search,Cache hit
2026-01-28T19:32:37.893429,INFO,search,Request OK
2026-01-28T19:32:38.094386,INFO,orders,User login
2026-01-28T19:32:38.295381,INFO,payment,User login
2026-01-28T19:32:38.496444,INFO,orders,User login
2026-01-28T19:32:38.697593,INFO,auth,Cache hit
2026-01-28T19:32:38.898511,ERROR,orders,Timeout
2026-01-28T19:32:39.099589,INFO,orders,User login
2026-01-28T19:32:39.300778,INFO,auth,Request OK
2026-01-28T19:32:39.501566,INFO,payment,User login
2026-01-28T19:32:39.703023,ERROR,auth,DB failure
2026-01-28T19:32:39.903698,INFO,payment,Request OK
2026-01-28T19:32:40.104315,INFO,payment,Cache hit
2026-01-28T19:32:40.304993,INFO,orders,User login
2026-01-28T19:32:40.505954,INFO,auth,User login
2026-01-28T19:32:40.706966,ERROR,search,DB failure
2026-01-28T19:32:40.909418,INFO,orders,Request OK
2026-01-28T19:32:41.110878,INFO,payment,User login
2026-01-28T19:32:41.312264,INFO,search,Request OK
2026-01-28T19:32:41.512991,ERROR,search,Null pointer
2026-01-28T19:32:41.714222,INFO,payment,User login
2026-01-28T19:32:41.916775,INFO,auth,User login
2026-01-28T19:32:42.119279,INFO,auth,Cache hit
2026-01-28T19:32:42.320773,INFO,search,User login
2026-01-28T19:32:42.521621,INFO,orders,Cache hit
2026-01-28T19:32:42.722545,INFO,auth,Request OK
2026-01-28T19:32:42.924635,INFO,orders,User login
2026-01-28T19:32:43.125535,INFO,payment,Cache hit
2026-01-28T19:32:43.326836,INFO,orders,Request OK
2026-01-28T19:32:43.527708,INFO,orders,Request OK
2026-01-28T19:32:43.728644,INFO,payment,Request OK
2026-01-28T19:32:43.930063,INFO,orders,User login
2026-01-28T19:32:44.131233,ERROR,payment,Timeout
2026-01-28T19:32:44.332237,INFO,auth,Cache hit
2026-01-28T19:32:44.532949,INFO,payment,Cache hit
2026-01-28T19:32:44.734201,ERROR,payment,DB failure
2026-01-28T19:32:44.935647,INFO,payment,User login
2026-01-28T19:32:45.137014,ERROR,auth,Timeout
2026-01-28T19:32:45.338542,INFO,payment,User login
2026-01-28T19:32:45.540562,INFO,search,Request OK
2026-01-28T19:32:45.741985,INFO,search,Cache hit
2026-01-28T19:32:45.942863,INFO,search,Request OK
2026-01-28T19:32:46.143747,INFO,auth,Request OK
2026-01-28T19:32:46.345170,INFO,orders,Request OK
2026-01-28T19:32:46.545905,INFO,payment,Request OK
2026-01-28T19:32:46.747070,INFO,auth,Cache hit
2026-01-28T19:32:46.954519,INFO,auth,Cache hit
2026-01-28T19:32:47.155951,INFO,auth,User login
2026-01-28T19:32:47.356905,INFO,search,User login
2026-01-28T19:32:47.560344,INFO,auth,Cache hit
2026-01-28T19:32:47.765120,ERROR,auth,Timeout
2026-01-28T19:32:47.967652,INFO,payment,Cache hit
2026-01-28T19:32:48.168507,INFO,orders,User login
2026-01-28T19:32:48.369641,INFO,payment,User login
2026-01-28T19:32:48.571404,INFO,search,User login
2026-01-28T19:32:48.772493,INFO,auth,User login
2026-01-28T19:32:48.973265,INFO,search,Request OK
2026-01-28T19:32:49.174736,INFO,search,Request OK
2026-01-28T19:32:49.375898,INFO,payment,Cache hit
2026-01-28T19:32:49.576849,INFO,search,User login
2026-01-28T19:32:49.777737,INFO,payment,User login
2026-01-28T19:32:49.978672,INFO,auth,Request OK
2026-01-28T19:32:50.180386,INFO,orders,Cache hit
2026-01-28T19:32:50.381369,INFO,search,Request OK
2026-01-28T19:32:50.589753,INFO,search,User login
2026-01-28T19:32:50.790890,INFO,orders,Cache hit
2026-01-28T19:32:50.991653,INFO,payment,Request OK
2026-01-28T19:32:51.194148,INFO,orders,Request OK
2026-01-28T19:32:51.395798,INFO,search,Request OK
2026-01-28T19:32:51.605108,INFO,orders,Request OK
2026-01-28T19:32:51.807017,WARN,auth,Cache hit
2026-01-28T19:32:52.008956,ERROR,payment,Timeout
2026-01-28T19:32:52.209967,INFO,auth,User login
2026-01-28T19:32:52.411315,ERROR,orders,DB failure
2026-01-28T19:32:52.612479,INFO,payment,Request OK
2026-01-28T19:32:52.813303,ERROR,search,Timeout
2026-01-28T19:32:53.014135,INFO,search,User login
2026-01-28T19:32:53.215427,INFO,orders,Request OK
2026-01-28T19:32:53.416624,INFO,auth,Request OK
2026-01-28T19:32:53.617995,INFO,payment,Request OK
2026-01-28T19:32:53.818831,INFO,payment,User login
2026-01-28T19:32:54.020752,INFO,auth,Cache hit
2026-01-28T19:32:54.222999,WARN,orders,Request OK
2026-01-28T19:32:54.424162,INFO,auth,Request OK
2026-01-28T19:32:54.625081,INFO,search,Request OK
2026-01-28T19:32:54.825987,WARN,orders,Cache hit
2026-01-28T19:32:55.027254,INFO,payment,User login
2026-01-28T19:32:55.228159,INFO,orders,Request OK
2026-01-28T19:32:55.429373,INFO,payment,User login
2026-01-28T19:32:55.630510,INFO,auth,Request OK
2026-01-28T19:32:55.831390,WARN,payment,User login
2026-01-28T19:32:56.033440,INFO,orders,Request OK
2026-01-28T19:32:56.236220,INFO,payment,Request OK
2026-01-28T19:32:56.436903,INFO,orders,User login
2026-01-28T19:32:56.637818,ERROR,orders,Timeout
2026-01-28T19:32:56.838913,INFO,search,User login
2026-01-28T19:32:57.041496,INFO,payment,User login
2026-01-28T19:32:57.243061,ERROR,orders,DB failure
2026-01-28T19:32:57.445260,INFO,payment,Request OK
2026-01-28T19:32:57.646568,INFO,search,User login
2026-01-28T19:32:57.848304,INFO,search,User login
2026-01-28T19:32:58.049196,INFO,auth,Cache hit
2026-01-28T19:32:58.250327,INFO,search,User login
2026-01-28T19:32:58.451523,INFO,auth,User login
2026-01-28T19:32:58.652311,INFO,auth,User login
2026-01-28T19:32:58.854610,INFO,payment,Cache hit
2026-01-28T19:32:59.057461,ERROR,payment,DB failure
2026-01-28T19:32:59.258583,INFO,search,User login
2026-01-28T19:32:59.459562,INFO,auth,Cache hit
2026-01-28T19:32:59.661312,INFO,search,Cache hit
2026-01-28T19:32:59.862349,INFO,payment,Request OK
2026-01-28T19:33:00.063463,INFO,orders,Cache hit
2026-01-28T19:33:00.264301,INFO,payment,Request OK
2026-01-28T19:33:00.466138,INFO,search,Request OK
2026-01-28T19:33:00.667389,INFO,orders,Cache hit
2026-01-28T19:33:00.868107,INFO,payment,Cache hit
2026-01-28T19:33:01.069350,INFO,search,Cache hit
2026-01-28T19:33:01.272259,WARN,auth,Request OK
2026-01-28T19:33:01.473219,INFO,payment,Cache hit
2026-01-28T19:33:01.674163,ERROR,payment,Null pointer
2026-01-28T19:33:01.875992,WARN,search,User login
2026-01-28T19:33:02.076744,INFO,orders,User login
2026-01-28T19:33:02.277812,INFO,auth,Cache hit
2026-01-28T19:33:02.478527,INFO,orders,Cache hit
2026-01-28T19:33:02.679903,WARN,search,User login
2026-01-28T19:33:02.882129,INFO,auth,User login
2026-01-28T19:33:03.083261,INFO,search,Cache hit
2026-01-28T19:33:03.284292,INFO,orders,User login
2026-01-28T19:33:03.485147,INFO,auth,Request OK
2026-01-28T19:33:03.685651,WARN,payment,Request OK
2026-01-28T19:33:03.886586,INFO,orders,Request OK
2026-01-28T19:33:04.088755,INFO,search,User login
2026-01-28T19:33:04.289523,INFO,auth,Request OK
2026-01-28T19:33:04.490931,ERROR,auth,Null pointer
2026-01-28T19:33:04.692065,INFO,orders,User login
2026-01-28T19:33:04.893007,INFO,auth,User login
2026-01-28T19:33:05.096056,INFO,search,Cache hit
2026-01-28T19:33:05.298115,INFO,orders,Cache hit
2026-01-28T19:33:05.500580,INFO,auth,Request OK
2026-01-28T19:33:05.702051,INFO,orders,Request OK
2026-01-28T19:33:05.903447,INFO,search,Request OK
2026-01-28T19:33:06.104993,INFO,orders,Cache hit
2026-01-28T19:33:06.308424,INFO,orders,User login
2026-01-28T19:33:06.509573,INFO,search,Request OK
2026-01-28T19:33:06.710405,WARN,search,User login
2026-01-28T19:33:06.912750,INFO,search,Cache hit
2026-01-28T19:33:07.113508,INFO,orders,User login
2026-01-28T19:33:07.314588,INFO,auth,Request OK
2026-01-28T19:33:07.516738,INFO,auth,User login
2026-01-28T19:33:07.718008,INFO,search,Cache hit
2026-01-28T19:33:07.918928,INFO,orders,Cache hit
2026-01-28T19:33:08.120136,INFO,orders,Request OK
2026-01-28T19:33:08.323363,INFO,auth,Request OK
2026-01-28T19:33:08.524571,INFO,search,Cache hit
2026-01-28T19:33:08.725649,INFO,payment,Cache hit
2026-01-28T19:33:08.926963,INFO,orders,User login
2026-01-28T19:33:09.128190,ERROR,payment,Null pointer
2026-01-28T19:33:09.329529,INFO,auth,User login
2026-01-28T19:33:09.530664,INFO,payment,Cache hit
2026-01-28T19:33:09.732547,INFO,orders,User login
2026-01-28T19:33:09.933769,INFO,orders,User login
2026-01-28T19:33:10.134925,INFO,search,Cache hit
2026-01-28T19:33:10.336169,INFO,auth,Request OK
2026-01-28T19:33:10.537730,INFO,orders,Request OK
2026-01-28T19:33:10.738987,INFO,auth,User login
2026-01-28T19:33:10.940493,INFO,auth,Request OK
2026-01-28T19:33:11.142269,INFO,auth,Cache hit
2026-01-28T19:33:11.345712,ERROR,payment,Timeout
2026-01-28T19:33:11.546774,INFO,orders,User login
2026-01-28T19:33:11.749043,INFO,auth,Cache hit
2026-01-28T19:33:11.950083,WARN,auth,Cache hit
2026-01-28T19:33:12.151472,WARN,payment,User login
2026-01-28T19:33:12.352327,INFO,payment,Request OK
2026-01-28T19:33:12.554895,INFO,payment,User login
2026-01-28T19:33:12.755954,ERROR,payment,Timeout
2026-01-28T19:33:12.957190,INFO,search,Cache hit
2026-01-28T19:33:13.158386,INFO,orders,User login
2026-01-28T19:33:13.359231,INFO,search,Cache hit
2026-01-28T19:33:13.561326,INFO,payment,Request OK
2026-01-28T19:33:13.762080,INFO,auth,User login
2026-01-28T19:33:13.962895,INFO,payment,Request OK
2026-01-28T19:33:14.164094,INFO,orders,Request OK
2026-01-28T19:33:14.365992,ERROR,payment,Null pointer
2026-01-28T19:33:14.567702,INFO,auth,Cache hit
2026-01-28T19:33:14.769190,INFO,auth,Request OK
2026-01-28T19:33:14.970156,WARN,orders,Request OK
2026-01-28T19:33:15.172988,INFO,orders,Request OK
2026-01-28T19:33:15.374677,INFO,payment,User login
2026-01-28T19:33:15.575735,INFO,search,Request OK
2026-01-28T19:33:15.776541,INFO,auth,Cache hit
2026-01-28T19:33:15.978941,INFO,payment,User login
2026-01-28T19:33:16.181787,WARN,search,Request OK
2026-01-28T19:33:16.383136,INFO,orders,User login
2026-01-28T19:33:16.585294,ERROR,auth,DB failure
2026-01-28T19:33:16.786337,INFO,auth,Cache hit
2026-01-28T19:33:16.987428,WARN,orders,User login
2026-01-28T19:33:17.189036,WARN,payment,Cache hit
2026-01-28T19:33:17.389906,INFO,search,Request OK
2026-01-28T19:33:17.591311,INFO,auth,Request OK
2026-01-28T19:33:17.792223,INFO,search,Cache hit
2026-01-28T19:33:17.993206,INFO,orders,Request OK
2026-01-28T19:33:18.195183,WARN,auth,Request OK
2026-01-28T19:33:18.396097,INFO,auth,Cache hit
2026-01-28T19:33:18.597098,INFO,search,Cache hit
2026-01-28T19:33:18.798830,INFO,orders,User login
2026-01-28T19:33:19.001015,INFO,search,User login
2026-01-28T19:33:19.201867,WARN,payment,Request OK
2026-01-28T19:33:19.403295,INFO,orders,Cache hit
2026-01-28T19:33:19.604343,INFO,search,User login
2026-01-28T19:33:19.805118,INFO,search,Request OK
2026-01-28T19:33:20.006144,INFO,search,Request OK
2026-01-28T19:33:20.207253,INFO,orders,Request OK
2026-01-28T19:33:20.408424,INFO,orders,User login
2026-01-28T19:33:20.609817,INFO,auth,Request OK
2026-01-28T19:33:20.811277,ERROR,orders,Timeout
2026-01-28T19:33:21.012355,INFO,payment,Request OK
2026-01-28T19:33:21.213367,INFO,search,Request OK
2026-01-28T19:33:21.414844,INFO,orders,Request OK
2026-01-28T19:33:21.618816,INFO,orders,User login
2026-01-28T19:33:21.820083,INFO,payment,User login
2026-01-28T19:33:22.021182,INFO,search,Cache hit
2026-01-28T19:33:22.222790,INFO,search,Request OK
2026-01-28T19:33:22.427989,ERROR,payment,Null pointer
2026-01-28T19:33:22.632933,INFO,search,Request OK
2026-01-28T19:33:22.834122,WARN,payment,Cache hit
2026-01-28T19:33:23.040560,INFO,search,User login
2026-01-28T19:33:23.242245,INFO,payment,Cache hit
2026-01-28T19:33:23.443264,INFO,auth,Request OK
2026-01-28T19:33:23.644264,INFO,payment,User login
2026-01-28T19:33:23.845254,INFO,orders,User login
2026-01-28T19:33:24.046660,INFO,auth,Cache hit
2026-01-28T19:33:24.249099,INFO,auth,Request OK
2026-01-28T19:33:24.452572,INFO,payment,User login
2026-01-28T19:33:24.653389,WARN,payment,Request OK
2026-01-28T19:33:24.854505,INFO,search,Request OK
2026-01-28T19:33:25.055376,INFO,payment,Request OK
2026-01-28T19:33:25.256622,INFO,search,Request OK
2026-01-28T19:33:25.457416,ERROR,payment,Timeout
2026-01-28T19:33:25.658570,INFO,payment,Cache hit
2026-01-28T19:33:25.859679,INFO,payment,Request OK
2026-01-28T19:33:26.060297,INFO,auth,User login
2026-01-28T19:33:26.261815,INFO,search,Request OK
2026-01-28T19:33:26.462861,INFO,payment,Request OK
2026-01-28T19:33:26.663883,ERROR,search,Null pointer
2026-01-28T19:33:26.864488,WARN,orders,User login
2026-01-28T19:33:27.066170,INFO,search,Request OK
2026-01-28T19:33:27.267618,INFO,payment,Request OK
2026-01-28T19:33:27.468511,ERROR,orders,Timeout
2026-01-28T19:33:27.670418,INFO,orders,Cache hit
2026-01-28T19:33:27.871341,INFO,search,Cache hit
2026-01-28T19:33:28.072198,INFO,orders,Request OK
2026-01-28T19:33:28.273222,INFO,payment,User login
2026-01-28T19:33:28.474231,ERROR,auth,DB failure
2026-01-28T19:33:28.675196,INFO,search,Cache hit
2026-01-28T19:33:28.876106,INFO,orders,Request OK
2026-01-28T19:33:29.077252,INFO,search,User login
2026-01-28T19:33:29.279002,INFO,payment,User login
2026-01-28T19:33:29.479757,INFO,payment,Cache hit
2026-01-28T19:33:29.680592,INFO,payment,Cache hit
2026-01-28T19:33:29.881504,INFO,auth,Request OK
2026-01-28T19:33:30.082403,INFO,payment,Cache hit
2026-01-28T19:33:30.283327,INFO,auth,Request OK
2026-01-28T19:33:30.484107,INFO,payment,Request OK
2026-01-28T19:33:30.684844,ERROR,auth,Null pointer
2026-01-28T19:33:30.886047,INFO,payment,User login
2026-01-28T19:33:31.087948,INFO,auth,User login
2026-01-28T19:33:31.288813,INFO,orders,Request OK
2026-01-28T19:33:31.489837,INFO,orders,Request OK
2026-01-28T19:33:31.690619,ERROR,search,Timeout
2026-01-28T19:33:31.891840,INFO,payment,Cache hit
2026-01-28T19:33:32.093305,INFO,auth,User login
2026-01-28T19:33:32.294439,INFO,search,User login
2026-01-28T19:33:32.495275,INFO,search,User login
2026-01-28T19:33:32.696216,WARN,orders,Cache hit
2026-01-28T19:33:32.897566,INFO,auth,Cache hit
2026-01-28T19:33:33.099106,INFO,search,Request OK
2026-01-28T19:33:33.301167,INFO,search,User login
2026-01-28T19:33:33.503385,WARN,search,Request OK
2026-01-28T19:33:33.704309,INFO,auth,User login
2026-01-28T19:33:33.906221,INFO,search,Cache hit
2026-01-28T19:33:34.108945,ERROR,orders,DB failure
2026-01-28T19:33:34.311087,INFO,auth,User login
2026-01-28T19:33:34.514486,INFO,orders,Cache hit
2026-01-28T19:33:34.715431,INFO,orders,Cache hit
2026-01-28T19:33:34.916451,INFO,orders,Request OK
2026-01-28T19:33:35.117237,INFO,search,User login
2026-01-28T19:33:35.318685,WARN,auth,Cache hit
2026-01-28T19:33:35.519890,INFO,orders,User login
2026-01-28T19:33:35.720991,INFO,auth,Cache hit
2026-01-28T19:33:35.923283,ERROR,auth,Timeout
2026-01-28T19:33:36.124375,ERROR,orders,Null pointer
2026-01-28T19:33:36.325414,INFO,search,User login
2026-01-28T19:33:36.527865,INFO,search,Request OK
2026-01-28T19:33:36.728495,INFO,search,Cache hit
2026-01-28T19:33:36.929448,INFO,orders,User login
2026-01-28T19:33:37.130547,INFO,search,Cache hit
2026-01-28T19:33:37.331674,WARN,orders,Request OK
2026-01-28T19:33:37.533100,INFO,payment,Request OK
2026-01-28T19:33:37.735316,INFO,payment,User login
2026-01-28T19:33:37.937750,INFO,orders,Request OK
2026-01-28T19:33:38.138432,INFO,search,Cache hit
2026-01-28T19:33:38.339640,INFO,orders,User login
2026-01-28T19:33:38.542094,INFO,payment,User login
2026-01-28T19:33:38.744273,INFO,payment,Request OK
2026-01-28T19:33:38.945294,INFO,auth,Cache hit
2026-01-28T19:33:39.146265,INFO,orders,User login
2026-01-28T19:33:39.348320,WARN,payment,Cache hit
2026-01-28T19:33:39.549602,INFO,auth,Cache hit
2026-01-28T19:33:39.754653,INFO,orders,Request OK
2026-01-28T19:33:39.955980,WARN,payment,User login
2026-01-28T19:33:40.156784,INFO,search,Request OK
2026-01-28T19:33:40.358506,INFO,auth,Cache hit
2026-01-28T19:33:40.560692,INFO,payment,Request OK
2026-01-28T19:33:40.771373,INFO,search,Request OK
2026-01-28T19:33:40.973328,INFO,orders,User login
2026-01-28T19:33:41.175276,INFO,payment,User login
2026-01-28T19:33:41.377010,ERROR,orders,Timeout
2026-01-28T19:33:41.578077,ERROR,auth,Null pointer
2026-01-28T19:33:41.779050,ERROR,auth,DB failure
2026-01-28T19:33:41.980299,INFO,auth,User login
2026-01-28T19:33:42.182439,INFO,payment,Request OK
2026-01-28T19:33:42.384837,INFO,orders,User login
2026-01-28T19:33:42.586040,INFO,orders,Cache hit
2026-01-28T19:33:42.786852,ERROR,payment,Null pointer
2026-01-28T19:33:42.987759,INFO,payment,Cache hit
2026-01-28T19:33:43.193217,ERROR,search,Timeout
2026-01-28T19:33:43.394896,INFO,orders,Cache hit
2026-01-28T19:33:43.596170,INFO,auth,Request OK
2026-01-28T19:33:43.797217,INFO,auth,Cache hit
2026-01-28T19:33:43.999905,INFO,orders,Request OK
2026-01-28T19:33:44.201034,INFO,orders,User login
2026-01-28T19:33:44.401881,INFO,orders,User login
2026-01-28T19:33:44.603289,INFO,auth,Cache hit
2026-01-28T19:33:44.805287,INFO,orders,User login
2026-01-28T19:33:45.006188,INFO,search,User login
2026-01-28T19:33:45.207221,INFO,search,Cache hit
2026-01-28T19:33:45.408414,INFO,search,Cache hit
2026-01-28T19:33:45.609620,INFO,auth,Cache hit
2026-01-28T19:33:45.810904,INFO,payment,User login
2026-01-28T19:33:46.012233,INFO,search,User login
2026-01-28T19:33:46.213397,INFO,search,User login
2026-01-28T19:33:46.415536,INFO,auth,User login
2026-01-28T19:33:46.618523,INFO,orders,User login
2026-01-28T19:33:46.819378,INFO,payment,User login
2026-01-28T19:33:47.020321,INFO,auth,Cache hit
2026-01-28T19:33:47.221820,INFO,auth,Cache hit
2026-01-28T19:33:47.423169,INFO,payment,Request OK
2026-01-28T19:33:47.624396,INFO,orders,Cache hit
2026-01-28T19:33:47.826471,INFO,payment,Cache hit
2026-01-28T19:33:48.027621,INFO,search,User login
2026-01-28T19:33:48.228686,INFO,orders,Request OK
2026-01-28T19:33:48.430433,ERROR,auth,DB failure
2026-01-28T19:33:48.631636,INFO,auth,Cache hit
2026-01-28T19:33:48.833963,ERROR,orders,Null pointer
2026-01-28T19:33:49.034840,INFO,auth,Request OK
2026-01-28T19:33:49.236136,INFO,payment,Cache hit
2026-01-28T19:33:49.437100,INFO,auth,Cache hit
2026-01-28T19:33:49.638002,INFO,orders,Cache hit
2026-01-28T19:33:49.839097,INFO,auth,User login
2026-01-28T19:33:50.040026,INFO,search,Cache hit
2026-01-28T19:33:50.241167,INFO,auth,Cache hit
2026-01-28T19:33:50.443130,INFO,orders,User login
2026-01-28T19:33:50.643866,INFO,orders,User login
2026-01-28T19:33:50.845035,INFO,search,Request OK
2026-01-28T19:33:51.046773,ERROR,auth,Null pointer
2026-01-28T19:33:51.247558,INFO,payment,Cache hit
2026-01-28T19:33:51.448676,WARN,auth,Request OK
2026-01-28T19:33:51.649586,INFO,auth,Request OK
2026-01-28T19:33:51.850975,INFO,search,Request OK
2026-01-28T19:33:52.051721,INFO,auth,Cache hit
2026-01-28T19:33:52.254100,INFO,payment,Cache hit
2026-01-28T19:33:52.455399,WARN,payment,Request OK
2026-01-28T19:33:52.656355,INFO,search,Request OK
2026-01-28T19:33:52.857531,INFO,payment,User login
2026-01-28T19:33:53.058403,INFO,payment,Cache hit
2026-01-28T19:33:53.261104,INFO,search,User login
2026-01-28T19:33:53.462049,INFO,search,Request OK
2026-01-28T19:33:53.663240,INFO,search,User login
2026-01-28T19:33:53.864612,ERROR,orders,Timeout
2026-01-28T19:33:54.065808,INFO,auth,Cache hit
2026-01-28T19:33:54.267817,INFO,orders,User login
2026-01-28T19:33:54.469233,INFO,search,Cache hit
2026-01-28T19:33:54.670369,WARN,payment,User login
2026-01-28T19:33:54.871308,INFO,orders,Request OK
2026-01-28T19:33:55.072169,ERROR,orders,Null pointer
2026-01-28T19:33:55.273231,ERROR,orders,Null pointer
2026-01-28T19:33:55.474093,INFO,orders,User login
2026-01-28T19:33:55.675000,INFO,orders,Request OK
2026-01-28T19:33:55.876057,INFO,orders,Cache hit
2026-01-28T19:33:56.077548,WARN,search,Request OK
2026-01-28T19:33:56.278611,INFO,search,User login
2026-01-28T19:33:56.479901,WARN,payment,Request OK
2026-01-28T19:33:56.681181,INFO,auth,Request OK
2026-01-28T19:33:56.882316,INFO,payment,User login
2026-01-28T19:33:57.083687,INFO,auth,User login
2026-01-28T19:33:57.284647,ERROR,orders,DB failure
2026-01-28T19:33:57.485976,INFO,payment,Cache hit
2026-01-28T19:33:57.686974,INFO,orders,User login
2026-01-28T19:33:57.887926,INFO,search,Request OK
2026-01-28T19:33:58.089094,ERROR,auth,Null pointer
2026-01-28T19:33:58.291127,INFO,orders,Request OK
2026-01-28T19:33:58.492169,INFO,payment,Request OK
2026-01-28T19:33:58.693426,ERROR,search,DB failure
2026-01-28T19:33:58.894493,INFO,auth,Cache hit
2026-01-28T19:33:59.095906,ERROR,orders,Timeout
2026-01-28T19:33:59.297157,INFO,orders,Cache hit
2026-01-28T19:33:59.498047,INFO,orders,User login
2026-01-28T19:33:59.699308,WARN,auth,Cache hit
2026-01-28T19:33:59.900453,ERROR,payment,Timeout
2026-01-28T19:34:00.101405,INFO,payment,Cache hit
2026-01-28T19:34:00.302341,INFO,auth,Request OK
2026-01-28T19:34:00.504099,INFO,payment,Request OK
2026-01-28T19:34:00.705903,INFO,search,Cache hit
2026-01-28T19:34:00.907163,INFO,orders,User login
2026-01-28T19:34:01.108067,WARN,payment,Cache hit
2026-01-28T19:34:01.309375,INFO,orders,Request OK
2026-01-28T19:34:01.510750,INFO,orders,Request OK
2026-01-28T19:34:01.711947,ERROR,auth,Null pointer
2026-01-28T19:34:01.913094,INFO,payment,Cache hit
2026-01-28T19:34:02.114069,INFO,payment,Cache hit
2026-01-28T19:34:02.315056,WARN,search,Cache hit
2026-01-28T19:34:02.516167,INFO,payment,Request OK
2026-01-28T19:34:02.717246,INFO,orders,Cache hit
2026-01-28T19:34:02.918449,INFO,auth,Request OK
2026-01-28T19:34:03.119786,INFO,orders,Cache hit
2026-01-28T19:34:03.320997,INFO,payment,Cache hit
2026-01-28T19:34:03.523731,INFO,payment,Cache hit
2026-01-28T19:34:03.724841,INFO,payment,Request OK
2026-01-28T19:34:03.925819,INFO,search,User login
2026-01-28T19:34:04.126684,INFO,payment,User login
2026-01-28T19:34:04.327691,ERROR,orders,Timeout
2026-01-28T19:34:04.528352,INFO,payment,Request OK
2026-01-28T19:34:04.729726,INFO,payment,Request OK
2026-01-28T19:34:04.930717,ERROR,search,Null pointer
2026-01-28T19:34:05.131404,INFO,auth,Request OK
2026-01-28T19:34:05.332590,INFO,orders,User login
2026-01-28T19:34:05.534121,WARN,payment,Request OK
2026-01-28T19:34:05.735386,INFO,search,Request OK
2026-01-28T19:34:05.936267,WARN,payment,User login
2026-01-28T19:34:06.137253,INFO,search,Cache hit
2026-01-28T19:34:06.339776,INFO,search,Request OK
2026-01-28T19:34:06.542180,INFO,payment,User login
2026-01-28T19:34:06.745574,INFO,payment,Cache hit
2026-01-28T19:34:06.946463,INFO,orders,Request OK
2026-01-28T19:34:07.147912,INFO,orders,User login
2026-01-28T19:34:07.349442,WARN,orders,Cache hit
2026-01-28T19:34:07.550561,INFO,orders,Cache hit
2026-01-28T19:34:07.751448,INFO,auth,User login
2026-01-28T19:34:07.952425,WARN,orders,User login
2026-01-28T19:34:08.153582,INFO,search,Cache hit
2026-01-28T19:34:08.355666,INFO,search,Cache hit
2026-01-28T19:34:08.557007,INFO,auth,Request OK
2026-01-28T19:34:08.758107,ERROR,orders,DB failure
2026-01-28T19:34:08.980590,INFO,search,Cache hit
2026-01-28T19:34:09.181680,INFO,search,Cache hit
2026-01-28T19:34:09.383623,INFO,payment,Cache hit
2026-01-28T19:34:09.584842,INFO,auth,Request OK
2026-01-28T19:34:09.786152,INFO,auth,Cache hit
2026-01-28T19:34:09.987177,INFO,payment,Request OK
2026-01-28T19:34:10.188433,INFO,auth,Request OK
2026-01-28T19:34:10.389335,INFO,payment,Request OK
2026-01-28T19:34:10.591964,ERROR,auth,Null pointer
2026-01-28T19:34:10.792982,INFO,orders,Cache hit
2026-01-28T19:34:10.994108,WARN,payment,Request OK
2026-01-28T19:34:11.194719,ERROR,payment,Null pointer
2026-01-28T19:34:11.395855,INFO,orders,Cache hit
2026-01-28T19:34:11.597012,INFO,payment,Request OK
2026-01-28T19:34:11.798347,INFO,orders,Cache hit
2026-01-28T19:34:11.999892,INFO,auth,User login
2026-01-28T19:34:12.201227,ERROR,payment,Timeout
2026-01-28T19:34:12.402280,INFO,orders,User login
2026-01-28T19:34:12.604468,INFO,orders,Cache hit
2026-01-28T19:34:12.806695,WARN,search,User login
2026-01-28T19:34:13.007663,INFO,orders,Cache hit
2026-01-28T19:34:13.209148,INFO,auth,User login
2026-01-28T19:34:13.410498,INFO,auth,Request OK
2026-01-28T19:34:13.613738,WARN,payment,Cache hit
2026-01-28T19:34:13.814654,INFO,auth,User login
2026-01-28T19:34:14.015810,INFO,payment,User login
2026-01-28T19:34:14.216889,INFO,auth,Request OK
2026-01-28T19:34:14.418212,ERROR,auth,DB failure
2026-01-28T19:34:14.619690,INFO,orders,User login
2026-01-28T19:34:14.821243,INFO,auth,Request OK
2026-01-28T19:34:15.023790,INFO,auth,User login
2026-01-28T19:34:15.224718,INFO,search,Request OK
2026-01-28T19:34:15.425600,WARN,payment,Cache hit
2026-01-28T19:34:15.626961,INFO,auth,Request OK
2026-01-28T19:34:15.827907,INFO,orders,Request OK
2026-01-28T19:34:16.032744,INFO,orders,User login
2026-01-28T19:34:16.233782,WARN,orders,Request OK
2026-01-28T19:34:16.434944,INFO,search,User login
2026-01-28T19:34:16.636060,INFO,auth,Cache hit
2026-01-28T19:34:16.836730,INFO,payment,Request OK
2026-01-28T19:34:17.037565,INFO,auth,Request OK
2026-01-28T19:34:17.238589,ERROR,search,DB failure
2026-01-28T19:34:17.439681,INFO,orders,Request OK
2026-01-28T19:34:17.640966,INFO,payment,User login
2026-01-28T19:34:17.841872,INFO,auth,Cache hit
2026-01-28T19:34:18.043094,INFO,orders,Cache hit
2026-01-28T19:34:18.244557,INFO,payment,Request OK
2026-01-28T19:34:18.445469,INFO,auth,Cache hit
2026-01-28T19:34:18.647033,INFO,search,Cache hit
2026-01-28T19:34:18.848175,INFO,search,Cache hit
2026-01-28T19:34:19.049896,INFO,search,Request OK
2026-01-28T19:34:19.250885,INFO,orders,Cache hit
2026-01-28T19:34:19.451827,INFO,orders,User login
2026-01-28T19:34:19.652654,ERROR,orders,Null pointer
2026-01-28T19:34:19.853617,INFO,orders,User login
2026-01-28T19:34:20.054533,INFO,auth,User login
2026-01-28T19:34:20.255496,INFO,payment,Request OK
2026-01-28T19:34:20.456673,WARN,auth,Cache hit
2026-01-28T19:34:20.657494,INFO,payment,User login
2026-01-28T19:34:20.858919,INFO,payment,User login
2026-01-28T19:34:21.059810,INFO,orders,User login
2026-01-28T19:34:21.261921,INFO,orders,Request OK
2026-01-28T19:34:21.464319,INFO,payment,Request OK
2026-01-28T19:34:21.665089,INFO,search,User login
2026-01-28T19:34:21.866116,WARN,auth,User login
2026-01-28T19:34:22.067874,INFO,orders,Request OK
2026-01-28T19:34:22.278117,INFO,payment,User login
2026-01-28T19:34:22.479233,INFO,auth,Request OK
2026-01-28T19:34:22.680538,WARN,payment,Request OK
2026-01-28T19:34:22.881838,INFO,orders,User login
2026-01-28T19:34:23.083890,WARN,search,Request OK
2026-01-28T19:34:23.285404,INFO,auth,Request OK
2026-01-28T19:34:23.487679,WARN,payment,Cache hit
2026-01-28T19:34:23.690000,INFO,orders,Request OK
2026-01-28T19:34:23.890883,INFO,auth,Cache hit
2026-01-28T19:34:24.091763,INFO,payment,User login
2026-01-28T19:34:24.292575,WARN,orders,Request OK
2026-01-28T19:34:24.493934,INFO,auth,Cache hit
2026-01-28T19:34:24.695270,INFO,orders,Request OK
2026-01-28T19:34:24.896456,INFO,orders,Cache hit
2026-01-28T19:34:25.098076,INFO,search,User login
2026-01-28T19:34:25.299753,INFO,orders,Cache hit
2026-01-28T19:34:25.500755,INFO,orders,Cache hit
2026-01-28T19:34:25.703309,INFO,orders,Cache hit
2026-01-28T19:34:25.905444,INFO,search,Request OK
2026-01-28T19:34:26.108206,INFO,orders,Cache hit
2026-01-28T19:34:26.310556,INFO,auth,Request OK
2026-01-28T19:34:26.512935,INFO,orders,Cache hit
2026-01-28T19:34:26.715403,WARN,payment,Request OK
2026-01-28T19:34:26.916241,INFO,auth,User login
2026-01-28T19:34:27.117395,INFO,orders,Request OK
2026-01-28T19:34:27.318493,INFO,search,Cache hit
2026-01-28T19:34:27.520500,INFO,auth,User login
2026-01-28T19:34:27.721698,WARN,auth,User login
2026-01-28T19:34:27.924205,INFO,search,Request OK
2026-01-28T19:34:28.125603,INFO,orders,Cache hit
2026-01-28T19:34:28.326617,INFO,search,User login
2026-01-28T19:34:28.527474,INFO,search,Cache hit
2026-01-28T19:34:28.729644,INFO,auth,User login
2026-01-28T19:34:28.931024,INFO,payment,Cache hit
2026-01-28T19:34:29.132961,INFO,payment,Cache hit
2026-01-28T19:34:29.334117,INFO,payment,Cache hit
2026-01-28T19:34:29.535357,INFO,orders,Cache hit
2026-01-28T19:34:29.736681,INFO,auth,User login
2026-01-28T19:34:29.937915,INFO,auth,Cache hit
2026-01-28T19:34:30.140141,INFO,orders,Cache hit
2026-01-28T19:34:30.341299,ERROR,auth,DB failure
2026-01-28T19:34:30.542636,ERROR,payment,DB failure
2026-01-28T19:34:30.743860,INFO,orders,Cache hit
2026-01-28T19:34:30.945103,INFO,payment,Cache hit
2026-01-28T19:34:31.146317,INFO,payment,User login
2026-01-28T19:34:31.347309,WARN,search,Request OK
2026-01-28T19:34:31.548761,INFO,auth,User login
2026-01-28T19:34:31.750984,INFO,orders,Request OK
2026-01-28T19:34:31.952146,INFO,orders,Request OK
2026-01-28T19:34:32.154368,INFO,search,Cache hit
2026-01-28T19:34:32.356557,INFO,orders,User login
2026-01-28T19:34:32.558004,INFO,payment,Cache hit
2026-01-28T19:34:32.759421,INFO,payment,Request OK
2026-01-28T19:34:32.960473,ERROR,auth,Timeout
2026-01-28T19:34:33.162723,INFO,auth,Cache hit
2026-01-28T19:34:33.363761,ERROR,auth,DB failure
2026-01-28T19:34:33.565994,INFO,orders,Cache hit
2026-01-28T19:34:33.768263,ERROR,payment,Timeout
2026-01-28T19:34:33.969350,INFO,auth,User login
2026-01-28T19:34:34.171112,WARN,orders,Cache hit
2026-01-28T19:34:34.371995,INFO,search,Cache hit
2026-01-28T19:34:34.574484,INFO,auth,Cache hit
2026-01-28T19:34:34.775431,INFO,search,Cache hit
2026-01-28T19:34:34.976440,INFO,auth,Cache hit
2026-01-28T19:34:35.177512,INFO,auth,Request OK
2026-01-28T19:34:35.378250,INFO,orders,User login
2026-01-28T19:34:35.579142,INFO,search,Request OK
2026-01-28T19:34:35.781333,INFO,auth,User login
2026-01-28T19:34:35.982641,INFO,orders,Cache hit
2026-01-28T19:34:36.183508,INFO,orders,Request OK
2026-01-28T19:34:36.384383,WARN,orders,Request OK
2026-01-28T19:34:36.585478,INFO,auth,Request OK
2026-01-28T19:34:36.786788,INFO,search,Cache hit
2026-01-28T19:34:36.988000,INFO,payment,Request OK
2026-01-28T19:34:37.188981,INFO,search,Cache hit
2026-01-28T19:34:37.389754,INFO,search,Cache hit
2026-01-28T19:34:37.590653,INFO,search,Cache hit
2026-01-28T19:34:37.791726,WARN,payment,User login
2026-01-28T19:34:37.992505,ERROR,payment,DB failure
2026-01-28T19:34:38.193335,INFO,search,User login
2026-01-28T19:34:38.394085,INFO,search,Cache hit
2026-01-28T19:34:38.603278,INFO,search,User login
2026-01-28T19:34:38.804641,INFO,orders,Cache hit
2026-01-28T19:34:39.005337,INFO,auth,Request OK
2026-01-28T19:34:39.206857,INFO,orders,Cache hit
2026-01-28T19:34:39.408333,ERROR,orders,Null pointer
2026-01-28T19:34:39.610007,INFO,search,Request OK
2026-01-28T19:34:39.811211,INFO,search,User login
2026-01-28T19:34:40.012175,INFO,orders,Cache hit
2026-01-28T19:34:40.213007,INFO,orders,Cache hit
2026-01-28T19:34:40.414268,INFO,search,Cache hit
2026-01-28T19:34:40.615496,INFO,search,User login
2026-01-28T19:34:40.816472,INFO,search,Request OK
2026-01-28T19:34:41.017427,INFO,payment,Cache hit
2026-01-28T19:34:41.218596,INFO,payment,User login
2026-01-28T19:34:41.419952,ERROR,auth,Null pointer
2026-01-28T19:34:41.621055,INFO,orders,Cache hit
2026-01-28T19:34:41.822394,INFO,search,Cache hit
2026-01-28T19:34:42.023518,INFO,search,Cache hit
2026-01-28T19:34:42.225037,INFO,search,Cache hit
2026-01-28T19:34:42.426075,INFO,search,Cache hit
2026-01-28T19:34:42.627198,INFO,payment,User login
2026-01-28T19:34:42.827835,INFO,search,User login
2026-01-28T19:34:43.029301,ERROR,orders,Timeout
2026-01-28T19:34:43.230203,INFO,payment,User login
2026-01-28T19:34:43.432552,INFO,orders,User login
2026-01-28T19:34:43.633597,INFO,orders,Cache hit
2026-01-28T19:34:43.834863,INFO,orders,User login
2026-01-28T19:34:44.037540,INFO,payment,User login
2026-01-28T19:34:44.238125,INFO,search,Cache hit
2026-01-28T19:34:44.439458,INFO,payment,User login
2026-01-28T19:34:44.641036,WARN,orders,Request OK
2026-01-28T19:34:44.841748,INFO,orders,Request OK
2026-01-28T19:34:45.043407,INFO,orders,Request OK
2026-01-28T19:34:45.244349,INFO,search,Request OK
2026-01-28T19:34:45.447656,WARN,payment,Cache hit
2026-01-28T19:34:45.650536,INFO,auth,User login
2026-01-28T19:34:45.851713,INFO,orders,User login
2026-01-28T19:34:46.053126,WARN,auth,Cache hit
2026-01-28T19:34:46.254900,INFO,orders,Cache hit
2026-01-28T19:34:46.455700,INFO,payment,User login
2026-01-28T19:34:46.656747,INFO,auth,Cache hit
2026-01-28T19:34:46.857972,WARN,search,User login
2026-01-28T19:34:47.058980,INFO,payment,Request OK
2026-01-28T19:34:47.259763,INFO,orders,Request OK
2026-01-28T19:34:47.460762,INFO,search,Request OK
2026-01-28T19:34:47.661940,INFO,payment,Request OK
2026-01-28T19:34:47.862892,INFO,auth,User login
2026-01-28T19:34:48.064179,INFO,search,Request OK
2026-01-28T19:34:48.265963,INFO,search,Cache hit
2026-01-28T19:34:48.466790,INFO,auth,User login
2026-01-28T19:34:48.667417,INFO,orders,User login
2026-01-28T19:34:48.868442,INFO,search,User login
2026-01-28T19:34:49.069991,INFO,auth,Request OK
2026-01-28T19:34:49.271008,ERROR,payment,Null pointer
2026-01-28T19:34:49.471862,INFO,auth,User login
2026-01-28T19:34:49.672663,INFO,payment,User login
2026-01-28T19:34:49.873386,INFO,search,User login
2026-01-28T19:34:50.074062,ERROR,orders,Null pointer
2026-01-28T19:34:50.275243,INFO,payment,Request OK
2026-01-28T19:34:50.476110,INFO,auth,User login
2026-01-28T19:34:50.677217,INFO,payment,Request OK
2026-01-28T19:34:50.879416,INFO,payment,Request OK
2026-01-28T19:34:51.080491,INFO,search,User login
2026-01-28T19:34:51.282650,INFO,search,User login
2026-01-28T19:34:51.484080,INFO,auth,Cache hit
2026-01-28T19:34:51.685652,INFO,orders,User login
2026-01-28T19:34:51.886800,WARN,orders,Request OK
2026-01-28T19:34:52.088084,INFO,auth,User login
2026-01-28T19:34:52.290330,ERROR,payment,Null pointer
2026-01-28T19:34:52.493037,WARN,auth,Cache hit
2026-01-28T19:34:52.694931,INFO,auth,Cache hit
2026-01-28T19:34:52.895831,ERROR,auth,Timeout
2026-01-28T19:34:53.096932,INFO,search,User login
2026-01-28T19:34:53.298112,INFO,search,Request OK
2026-01-28T19:34:53.499224,INFO,orders,Cache hit
2026-01-28T19:34:53.700015,INFO,search,User login
2026-01-28T19:34:53.901661,WARN,auth,Request OK
2026-01-28T19:34:54.104732,INFO,orders,User login
2026-01-28T19:34:54.306619,INFO,auth,Request OK
2026-01-28T19:34:54.507597,WARN,search,Request OK
2026-01-28T19:34:54.708296,INFO,orders,Request OK
2026-01-28T19:34:54.909676,INFO,search,Cache hit
2026-01-28T19:34:55.110784,WARN,payment,Cache hit
2026-01-28T19:34:55.311785,WARN,orders,Request OK
2026-01-28T19:34:55.512526,INFO,auth,Cache hit
2026-01-28T19:34:55.722236,INFO,search,Request OK
2026-01-28T19:34:55.923843,INFO,auth,Cache hit
2026-01-28T19:34:56.124697,INFO,auth,Cache hit
2026-01-28T19:34:56.325519,INFO,payment,Request OK
2026-01-28T19:34:56.526554,INFO,payment,Request OK
2026-01-28T19:34:56.727279,INFO,auth,User login
2026-01-28T19:34:56.929338,INFO,auth,Request OK
2026-01-28T19:34:57.130549,INFO,payment,Request OK
2026-01-28T19:34:57.331424,WARN,payment,User login
2026-01-28T19:34:57.532732,INFO,payment,Cache hit
2026-01-28T19:34:57.733953,INFO,search,Cache hit
2026-01-28T19:34:57.934838,INFO,orders,Request OK
2026-01-28T19:34:58.139164,ERROR,search,Null pointer
2026-01-28T19:34:58.340733,INFO,orders,Cache hit
2026-01-28T19:34:58.542965,INFO,search,Request OK
2026-01-28T19:34:58.743938,INFO,auth,Cache hit
2026-01-28T19:34:58.944794,ERROR,payment,DB failure
2026-01-28T19:34:59.145984,INFO,payment,Cache hit
2026-01-28T19:34:59.347404,INFO,payment,User login
2026-01-28T19:34:59.556698,INFO,payment,Request OK
2026-01-28T19:34:59.757365,WARN,auth,Cache hit
2026-01-28T19:34:59.958314,INFO,auth,User login
2026-01-28T19:35:00.160056,WARN,search,Cache hit
2026-01-28T19:35:00.362657,INFO,payment,Request OK
2026-01-28T19:35:00.568303,INFO,orders,Cache hit
2026-01-28T19:35:00.769564,INFO,auth,Cache hit
2026-01-28T19:35:00.971026,INFO,payment,User login
2026-01-28T19:35:01.172041,INFO,search,Cache hit
2026-01-28T19:35:01.373351,INFO,orders,Cache hit
2026-01-28T19:35:01.574920,INFO,auth,Cache hit
2026-01-28T19:35:01.776092,INFO,payment,User login
2026-01-28T19:35:01.977592,INFO,auth,User login
2026-01-28T19:35:02.179627,ERROR,orders,Null pointer
2026-01-28T19:35:02.380651,INFO,payment,User login
2026-01-28T19:35:02.583637,INFO,search,User login
2026-01-28T19:35:02.784547,INFO,orders,User login
2026-01-28T19:35:02.986073,INFO,orders,Cache hit
2026-01-28T19:35:03.188651,INFO,orders,User login
2026-01-28T19:35:03.391165,INFO,search,User login
2026-01-28T19:35:03.593334,INFO,payment,Cache hit
2026-01-28T19:35:03.794616,ERROR,payment,DB failure
2026-01-28T19:35:03.995617,INFO,auth,Cache hit
2026-01-28T19:35:04.197680,WARN,payment,User login
2026-01-28T19:35:04.398905,INFO,orders,Request OK
2026-01-28T19:35:04.600156,INFO,search,Cache hit
2026-01-28T19:35:04.801365,INFO,payment,Cache hit
2026-01-28T19:35:05.002660,INFO,search,Cache hit
2026-01-28T19:35:05.203636,INFO,search,Request OK
2026-01-28T19:35:05.405471,INFO,auth,Request OK
2026-01-28T19:35:05.606497,INFO,orders,Cache hit
2026-01-28T19:35:05.807775,INFO,payment,Cache hit
2026-01-28T19:35:06.009037,INFO,payment,User login
2026-01-28T19:35:06.210446,WARN,payment,User login
2026-01-28T19:35:06.411578,INFO,payment,Request OK
2026-01-28T19:35:06.614034,INFO,orders,User login
2026-01-28T19:35:06.817212,INFO,search,User login
2026-01-28T19:35:07.019200,INFO,search,Cache hit
2026-01-28T19:35:07.219986,INFO,payment,User login
2026-01-28T19:35:07.421184,INFO,search,Request OK
2026-01-28T19:35:07.623014,ERROR,payment,DB failure
2026-01-28T19:35:07.824499,INFO,payment,Cache hit
2026-01-28T19:35:08.027680,INFO,auth,Cache hit
2026-01-28T19:35:08.228856,INFO,orders,Cache hit
2026-01-28T19:35:08.429733,INFO,search,Cache hit
2026-01-28T19:35:08.630849,INFO,payment,User login
2026-01-28T19:35:08.831782,INFO,auth,Cache hit
2026-01-28T19:35:09.032904,WARN,payment,Cache hit
2026-01-28T19:35:09.233760,ERROR,orders,Null pointer
2026-01-28T19:35:09.434807,ERROR,search,DB failure
2026-01-28T19:35:09.635845,INFO,payment,Cache hit
2026-01-28T19:35:09.836831,INFO,orders,User login
2026-01-28T19:35:10.039786,INFO,orders,User login
2026-01-28T19:35:10.240713,INFO,orders,Cache hit
2026-01-28T19:35:10.441792,INFO,payment,User login
2026-01-28T19:35:10.642787,INFO,auth,Cache hit
2026-01-28T19:35:10.845021,INFO,orders,Cache hit
2026-01-28T19:35:11.047210,WARN,orders,Request OK
2026-01-28T19:35:11.250037,INFO,search,User login
2026-01-28T19:35:11.451099,INFO,search,User login
2026-01-28T19:35:11.652125,INFO,search,Cache hit
2026-01-28T19:35:11.852991,INFO,orders,Request OK
2026-01-28T19:35:12.054062,ERROR,orders,Null pointer
2026-01-28T19:35:12.254741,INFO,search,Cache hit
2026-01-28T19:35:12.455841,INFO,orders,User login
2026-01-28T19:35:12.656688,INFO,payment,Request OK
2026-01-28T19:35:12.862697,INFO,auth,Request OK
2026-01-28T19:35:13.064483,INFO,payment,User login
2026-01-28T19:35:13.266396,INFO,search,Cache hit
2026-01-28T19:35:13.467654,INFO,payment,Cache hit
2026-01-28T19:35:13.668671,WARN,auth,Cache hit
2026-01-28T19:35:13.869694,INFO,search,User login
2026-01-28T19:35:14.070589,INFO,payment,User login
2026-01-28T19:35:14.271802,INFO,payment,User login
2026-01-28T19:35:14.473373,ERROR,orders,Null pointer
2026-01-28T19:35:14.674711,INFO,search,User login
2026-01-28T19:35:14.876601,INFO,orders,User login
2026-01-28T19:35:15.078113,INFO,auth,Request OK
2026-01-28T19:35:15.280860,ERROR,orders,DB failure
2026-01-28T19:35:15.488990,INFO,orders,Request OK
2026-01-28T19:35:15.689927,INFO,orders,Request OK
2026-01-28T19:35:15.891043,INFO,auth,Request OK
2026-01-28T19:35:16.092312,INFO,search,User login
2026-01-28T19:35:16.294024,INFO,payment,User login
2026-01-28T19:35:16.495941,INFO,payment,Request OK
2026-01-28T19:35:16.697197,ERROR,orders,Timeout
2026-01-28T19:35:16.898223,WARN,search,Cache hit
2026-01-28T19:35:17.098999,INFO,auth,User login
2026-01-28T19:35:17.299661,INFO,orders,Cache hit
2026-01-28T19:35:17.500538,INFO,orders,Cache hit
2026-01-28T19:35:17.701746,INFO,orders,Request OK
2026-01-28T19:35:17.902518,INFO,orders,Cache hit
2026-01-28T19:35:18.103226,ERROR,payment,DB failure
2026-01-28T19:35:18.304409,INFO,search,User login
2026-01-28T19:35:18.505315,WARN,auth,Cache hit
2026-01-28T19:35:18.706119,ERROR,auth,DB failure
2026-01-28T19:35:18.906896,INFO,orders,Cache hit
2026-01-28T19:35:19.107803,INFO,orders,User login
2026-01-28T19:35:19.309064,INFO,search,Cache hit
2026-01-28T19:35:19.509712,INFO,orders,Cache hit
2026-01-28T19:35:19.710982,WARN,auth,Request OK
2026-01-28T19:35:19.911980,INFO,auth,User login
2026-01-28T19:35:20.112762,INFO,search,User login
2026-01-28T19:35:20.314263,INFO,auth,User login
2026-01-28T19:35:20.515388,ERROR,orders,DB failure
2026-01-28T19:35:20.717435,WARN,search,Request OK
2026-01-28T19:35:20.919542,INFO,orders,Cache hit
2026-01-28T19:35:21.120638,INFO,auth,User login
2026-01-28T19:35:21.323200,INFO,auth,User login
2026-01-28T19:35:21.524199,INFO,search,Cache hit
2026-01-28T19:35:21.725243,WARN,payment,User login
2026-01-28T19:35:21.926189,INFO,payment,Request OK
2026-01-28T19:35:22.128177,INFO,orders,Request OK
2026-01-28T19:35:22.329726,INFO,auth,Cache hit
2026-01-28T19:35:22.532272,INFO,orders,Request OK
2026-01-28T19:35:22.733158,WARN,search,User login
2026-01-28T19:35:22.933906,ERROR,orders,Null pointer
2026-01-28T19:35:23.135900,INFO,search,Cache hit
2026-01-28T19:35:23.337000,WARN,auth,User login
2026-01-28T19:35:23.538595,INFO,orders,Cache hit
2026-01-28T19:35:23.739761,INFO,search,Request OK
2026-01-28T19:35:23.940852,WARN,payment,Request OK
2026-01-28T19:35:24.141903,INFO,search,User login
2026-01-28T19:35:24.343050,INFO,auth,Request OK
2026-01-28T19:35:24.554550,INFO,search,Cache hit
2026-01-28T19:35:24.755845,INFO,payment,User login
2026-01-28T19:35:24.957325,INFO,payment,Cache hit
2026-01-28T19:35:25.158091,INFO,auth,Cache hit
2026-01-28T19:35:25.359807,INFO,search,User login
2026-01-28T19:35:25.560984,ERROR,orders,Null pointer
2026-01-28T19:35:25.765814,WARN,auth,Request OK
2026-01-28T19:35:25.967068,INFO,payment,Request OK
2026-01-28T19:35:26.168244,ERROR,auth,DB failure
2026-01-28T19:35:26.369213,INFO,orders,Cache hit
2026-01-28T19:35:26.570300,INFO,orders,Cache hit
2026-01-28T19:35:26.771622,INFO,auth,Cache hit
2026-01-28T19:35:26.972350,ERROR,orders,Timeout
2026-01-28T19:35:27.173763,INFO,auth,Cache hit
2026-01-28T19:35:27.375666,ERROR,auth,Timeout
2026-01-28T19:35:27.576767,ERROR,payment,Timeout
2026-01-28T19:35:27.777796,INFO,search,Request OK
2026-01-28T19:35:27.978784,INFO,payment,Request OK
2026-01-28T19:35:28.180281,INFO,search,Cache hit
2026-01-28T19:35:28.380889,INFO,orders,User login
2026-01-28T19:35:28.582060,INFO,auth,Cache hit
2026-01-28T19:35:28.782811,INFO,auth,User login
2026-01-28T19:35:28.983587,INFO,auth,Cache hit
2026-01-28T19:35:29.184607,WARN,search,User login
2026-01-28T19:35:29.385590,INFO,payment,Request OK
2026-01-28T19:35:29.588273,INFO,orders,Cache hit
2026-01-28T19:35:29.791048,INFO,search,Cache hit
2026-01-28T19:35:29.991744,INFO,payment,Cache hit
2026-01-28T19:35:30.194318,INFO,auth,Request OK
2026-01-28T19:35:30.395393,INFO,orders,Cache hit
2026-01-28T19:35:30.596066,INFO,payment,Request OK
2026-01-28T19:35:30.797249,INFO,payment,Request OK
2026-01-28T19:35:30.998540,INFO,payment,Request OK
2026-01-28T19:35:31.200773,INFO,search,User login
2026-01-28T19:35:31.402500,INFO,auth,Cache hit
2026-01-28T19:35:31.603248,WARN,auth,Request OK
2026-01-28T19:35:31.804645,ERROR,payment,Timeout
2026-01-28T19:35:32.007129,INFO,search,Request OK
2026-01-28T19:35:32.207986,INFO,auth,Cache hit
2026-01-28T19:35:32.408980,ERROR,payment,Timeout
2026-01-28T19:35:32.610219,ERROR,payment,Timeout
2026-01-28T19:35:32.810974,INFO,payment,User login
2026-01-28T19:35:33.014258,WARN,orders,User login
2026-01-28T19:35:33.215799,INFO,payment,User login
2026-01-28T19:35:33.416767,WARN,payment,User login
2026-01-28T19:35:33.618755,INFO,payment,User login
2026-01-28T19:35:33.820183,INFO,search,Request OK
2026-01-28T19:35:34.021326,INFO,auth,User login
2026-01-28T19:35:34.222628,INFO,auth,Request OK
2026-01-28T19:35:34.424959,INFO,payment,User login
2026-01-28T19:35:34.626522,ERROR,payment,Timeout
2026-01-28T19:35:34.827649,INFO,orders,User login
2026-01-28T19:35:35.029170,ERROR,payment,DB failure
2026-01-28T19:35:35.230119,INFO,auth,User login
2026-01-28T19:35:35.431886,INFO,search,Request OK
2026-01-28T19:35:35.633302,INFO,auth,Cache hit
2026-01-28T19:35:35.834690,WARN,orders,Request OK
2026-01-28T19:35:36.035510,INFO,search,Cache hit
2026-01-28T19:35:36.236566,INFO,orders,User login
2026-01-28T19:35:36.437778,INFO,search,Request OK
2026-01-28T19:35:36.638963,INFO,orders,User login
2026-01-28T19:35:36.840248,INFO,search,Cache hit
2026-01-28T19:35:37.041401,WARN,search,Request OK
2026-01-28T19:35:37.243037,INFO,search,Cache hit
2026-01-28T19:35:37.444243,INFO,search,User login
2026-01-28T19:35:37.645436,INFO,orders,Cache hit
2026-01-28T19:35:37.847496,INFO,orders,Cache hit
2026-01-28T19:35:38.049992,INFO,auth,User login
2026-01-28T19:35:38.252575,INFO,orders,Cache hit
2026-01-28T19:35:38.454642,INFO,payment,User login
2026-01-28T19:35:38.656701,INFO,auth,Cache hit
2026-01-28T19:35:38.859538,INFO,payment,Request OK
2026-01-28T19:35:39.061464,INFO,orders,Cache hit
2026-01-28T19:35:39.262839,INFO,auth,Cache hit
2026-01-28T19:35:39.463857,INFO,orders,Request OK
2026-01-28T19:35:39.665469,INFO,orders,Cache hit
2026-01-28T19:35:39.867799,INFO,search,Cache hit
2026-01-28T19:35:40.069383,INFO,auth,Request OK
2026-01-28T19:35:40.270845,INFO,orders,Cache hit
2026-01-28T19:35:40.472710,INFO,auth,Request OK
2026-01-28T19:35:40.673946,INFO,orders,Cache hit
2026-01-28T19:35:40.875155,ERROR,search,Null pointer
2026-01-28T19:35:41.076473,INFO,auth,Request OK
2026-01-28T19:35:41.278084,ERROR,auth,Null pointer
2026-01-28T19:35:41.479652,INFO,auth,User login
2026-01-28T19:35:41.680677,ERROR,orders,Null pointer
2026-01-28T19:35:41.881847,INFO,auth,Cache hit
2026-01-28T19:35:42.083475,INFO,payment,User login
2026-01-28T19:35:42.284900,INFO,payment,Cache hit
2026-01-28T19:35:42.486363,ERROR,payment,Timeout
2026-01-28T19:35:42.687907,INFO,orders,Cache hit
2026-01-28T19:35:42.889848,INFO,payment,User login
2026-01-28T19:35:43.091686,INFO,search,User login
2026-01-28T19:35:43.292889,INFO,payment,User login
2026-01-28T19:35:43.494092,INFO,payment,Request OK
2026-01-28T19:35:43.695357,INFO,payment,User login
2026-01-28T19:35:43.896547,INFO,orders,Request OK
2026-01-28T19:35:44.097969,INFO,auth,Request OK
2026-01-28T19:35:44.299477,INFO,payment,User login
2026-01-28T19:35:44.501570,INFO,orders,User login
2026-01-28T19:35:44.702766,INFO,payment,Request OK
2026-01-28T19:35:44.904021,INFO,payment,User login
2026-01-28T19:35:45.104777,INFO,payment,User login
2026-01-28T19:35:45.305828,INFO,search,Cache hit
2026-01-28T19:35:45.507534,INFO,auth,Request OK
2026-01-28T19:35:45.709568,INFO,orders,Cache hit
2026-01-28T19:35:45.910603,INFO,payment,Request OK
2026-01-28T19:35:46.112095,ERROR,orders,DB failure
2026-01-28T19:35:46.314362,INFO,search,Request OK
2026-01-28T19:35:46.515784,INFO,payment,Request OK
2026-01-28T19:35:46.717783,INFO,payment,Request OK
2026-01-28T19:35:46.918904,INFO,orders,Request OK
2026-01-28T19:35:47.119784,INFO,orders,Request OK
2026-01-28T19:35:47.320902,INFO,search,Request OK
2026-01-28T19:35:47.522152,INFO,auth,Request OK
2026-01-28T19:35:47.723286,INFO,payment,Cache hit
2026-01-28T19:35:47.924230,INFO,orders,User login
2026-01-28T19:35:48.125254,WARN,auth,User login
2026-01-28T19:35:48.326676,WARN,search,Cache hit
2026-01-28T19:35:48.527673,INFO,search,User login
2026-01-28T19:35:48.729714,INFO,orders,User login
2026-01-28T19:35:48.930843,INFO,orders,Cache hit
2026-01-28T19:35:49.132017,INFO,search,User login
2026-01-28T19:35:49.333844,INFO,search,Request OK
2026-01-28T19:35:49.535229,INFO,payment,Cache hit
2026-01-28T19:35:49.738124,INFO,orders,Cache hit
2026-01-28T19:35:49.939142,INFO,auth,Cache hit
2026-01-28T19:35:50.141785,INFO,orders,Cache hit
2026-01-28T19:35:50.342932,INFO,orders,Request OK
2026-01-28T19:35:50.544372,INFO,orders,Request OK
2026-01-28T19:35:50.746271,ERROR,orders,Timeout
2026-01-28T19:35:50.947362,INFO,search,Request OK
2026-01-28T19:35:51.150508,INFO,search,Request OK
2026-01-28T19:35:51.352511,INFO,payment,Request OK
2026-01-28T19:35:51.554103,INFO,auth,Request OK
2026-01-28T19:35:51.755451,INFO,orders,Request OK
2026-01-28T19:35:51.956775,INFO,orders,User login
2026-01-28T19:35:52.158272,INFO,payment,User login
2026-01-28T19:35:52.359232,INFO,orders,User login
2026-01-28T19:35:52.560509,INFO,orders,Cache hit
2026-01-28T19:35:52.761833,INFO,orders,Cache hit
2026-01-28T19:35:52.963000,INFO,search,Cache hit
2026-01-28T19:35:53.164402,INFO,payment,User login
2026-01-28T19:35:53.365933,INFO,auth,Cache hit
2026-01-28T19:35:53.567344,INFO,auth,Cache hit
2026-01-28T19:35:53.769734,INFO,search,Request OK
2026-01-28T19:35:53.970851,INFO,auth,User login
2026-01-28T19:35:54.174146,INFO,payment,Request OK
2026-01-28T19:35:58.449410,INFO,payment,User login
2026-01-28T19:35:58.659445,INFO,orders,Cache hit
2026-01-28T19:35:58.861293,INFO,payment,User login
2026-01-28T19:35:59.063382,INFO,payment,Cache hit
2026-01-28T19:35:59.267023,INFO,payment,User login
2026-01-28T19:35:59.484284,INFO,auth,User login
2026-01-28T19:35:59.686647,INFO,payment,User login
2026-01-28T19:35:59.895670,INFO,payment,Request OK
2026-01-28T19:36:00.098438,INFO,payment,Cache hit
2026-01-28T19:36:00.300802,WARN,auth,Cache hit
2026-01-28T19:36:00.502614,INFO,auth,User login
2026-01-28T19:36:00.704256,ERROR,orders,DB failure
2026-01-28T19:36:00.905784,ERROR,orders,DB failure
2026-01-28T19:36:01.107768,INFO,orders,Cache hit
2026-01-28T19:36:01.309160,INFO,search,Request OK
2026-01-28T19:36:01.510629,INFO,auth,User login
2026-01-28T19:36:01.713885,ERROR,auth,Timeout
2026-01-28T19:36:01.923829,ERROR,auth,Null pointer
2026-01-28T19:36:02.124922,INFO,payment,Request OK
2026-01-28T19:36:02.325994,WARN,search,Request OK
2026-01-28T19:36:02.526955,INFO,orders,User login
2026-01-28T19:36:02.728166,INFO,search,Request OK
2026-01-28T19:36:02.929741,INFO,search,Request OK
2026-01-28T19:36:03.159208,INFO,search,Cache hit
2026-01-28T19:36:03.361190,INFO,orders,Cache hit
2026-01-28T19:36:03.562465,INFO,orders,Request OK
2026-01-28T19:36:03.763935,INFO,orders,User login
2026-01-28T19:36:03.964825,INFO,auth,User login
2026-01-28T19:36:04.165814,INFO,orders,User login
2026-01-28T19:36:04.366566,INFO,payment,User login
2026-01-28T19:36:04.567734,INFO,search,Request OK
2026-01-28T19:36:04.769038,INFO,search,User login
2026-01-28T19:36:04.971848,WARN,payment,Request OK
2026-01-28T19:36:05.174141,INFO,search,Request OK
2026-01-28T19:36:05.375057,INFO,orders,Cache hit
2026-01-28T19:36:05.576413,WARN,search,Request OK
2026-01-28T19:36:05.782228,INFO,orders,Cache hit
2026-01-28T19:36:05.984034,ERROR,search,DB failure
2026-01-28T19:36:06.186444,INFO,payment,User login
2026-01-28T19:36:06.388106,INFO,search,Request OK
2026-01-28T19:36:06.589277,ERROR,auth,Timeout
2026-01-28T19:36:06.790547,INFO,search,Cache hit
2026-01-28T19:36:06.991761,INFO,payment,Cache hit
2026-01-28T19:36:07.193781,ERROR,payment,Null pointer
2026-01-28T19:36:07.394892,INFO,orders,User login
2026-01-28T19:36:07.596283,ERROR,auth,Timeout
2026-01-28T19:36:07.797981,INFO,search,Request OK
2026-01-28T19:36:07.999109,INFO,search,Cache hit
2026-01-28T19:36:08.200667,INFO,search,User login
2026-01-28T19:36:08.402169,WARN,payment,Request OK
2026-01-28T19:36:08.603764,INFO,auth,User login
2026-01-28T19:36:08.806096,INFO,orders,Cache hit
2026-01-28T19:36:09.007574,INFO,orders,Request OK
2026-01-28T19:36:09.208828,INFO,payment,User login
2026-01-28T19:36:09.411638,INFO,orders,Cache hit
2026-01-28T19:36:09.617836,INFO,payment,Cache hit
2026-01-28T19:36:09.819480,INFO,auth,Request OK
2026-01-28T19:36:10.020978,INFO,orders,User login
2026-01-28T19:36:10.222220,INFO,payment,Request OK
2026-01-28T19:36:10.423392,INFO,search,Cache hit
2026-01-28T19:36:10.626300,INFO,payment,Request OK
2026-01-28T19:36:10.827774,INFO,auth,Request OK
2026-01-28T19:36:11.028959,INFO,orders,Cache hit
2026-01-28T19:36:11.229909,INFO,payment,User login
2026-01-28T19:36:11.430468,INFO,auth,Request OK
2026-01-28T19:36:11.631311,INFO,search,User login
2026-01-28T19:36:11.832417,INFO,auth,Request OK
2026-01-28T19:36:12.033898,INFO,payment,User login
2026-01-28T19:36:12.235324,INFO,search,Cache hit
2026-01-28T19:36:12.437516,INFO,payment,User login
2026-01-28T19:36:12.641063,INFO,orders,User login
2026-01-28T19:36:12.842215,INFO,auth,User login
2026-01-28T19:36:13.043281,INFO,auth,User login
2026-01-28T19:36:13.244337,ERROR,search,Null pointer
2026-01-28T19:36:13.446963,INFO,auth,User login
2026-01-28T19:36:13.648301,INFO,search,Request OK
2026-01-28T19:36:13.849159,INFO,orders,Request OK
2026-01-28T19:36:14.050093,INFO,payment,Request OK
2026-01-28T19:36:14.251393,INFO,auth,Cache hit
2026-01-28T19:36:14.454618,INFO,auth,Request OK
2026-01-28T19:36:14.655803,INFO,payment,Cache hit
2026-01-28T19:36:14.857905,INFO,payment,Request OK
2026-01-28T19:36:15.063368,INFO,orders,Request OK
2026-01-28T19:36:15.264689,INFO,auth,Request OK
2026-01-28T19:36:15.465837,INFO,auth,Cache hit
2026-01-28T19:36:15.667147,INFO,auth,Request OK
2026-01-28T19:36:15.870785,INFO,auth,Request OK
2026-01-28T19:36:16.071827,INFO,orders,Cache hit
2026-01-28T19:36:16.273026,INFO,payment,Cache hit
2026-01-28T19:36:16.474580,INFO,orders,Cache hit
2026-01-28T19:36:16.675808,INFO,payment,Cache hit
2026-01-28T19:36:16.877057,INFO,search,User login
2026-01-28T19:36:17.077978,ERROR,search,DB failure
2026-01-28T19:36:17.278873,INFO,auth,Request OK
2026-01-28T19:36:17.479921,INFO,payment,Request OK
2026-01-28T19:36:17.680737,INFO,payment,Request OK
2026-01-28T19:36:17.881789,ERROR,auth,DB failure
2026-01-28T19:36:18.082646,ERROR,orders,DB failure
2026-01-28T19:36:18.283509,INFO,payment,User login
2026-01-28T19:36:18.484475,INFO,auth,User login
2026-01-28T19:36:18.685801,INFO,payment,User login
2026-01-28T19:36:18.887567,WARN,orders,Cache hit
2026-01-28T19:36:19.088859,INFO,auth,User login
2026-01-28T19:36:19.290119,WARN,orders,User login
2026-01-28T19:36:19.491051,INFO,orders,Request OK
2026-01-28T19:36:19.692736,WARN,payment,User login
2026-01-28T19:36:19.894129,INFO,auth,Request OK
2026-01-28T19:36:20.095449,INFO,orders,Cache hit
2026-01-28T19:36:20.297113,INFO,payment,Cache hit
2026-01-28T19:36:20.498609,INFO,payment,Request OK
2026-01-28T19:36:20.701635,ERROR,orders,Null pointer
2026-01-28T19:36:20.902596,INFO,auth,Cache hit
2026-01-28T19:36:21.103477,INFO,orders,User login
2026-01-28T19:36:21.304659,INFO,payment,User login
2026-01-28T19:36:21.505644,INFO,orders,User login
2026-01-28T19:36:21.706509,INFO,auth,Request OK
2026-01-28T19:36:21.907843,INFO,orders,User login
2026-01-28T19:36:22.108809,INFO,orders,Request OK
2026-01-28T19:36:22.309769,WARN,payment,Request OK
2026-01-28T19:36:22.510445,INFO,auth,Request OK
2026-01-28T19:36:22.712130,ERROR,auth,DB failure
2026-01-28T19:36:22.914330,INFO,orders,Cache hit
2026-01-28T19:36:23.115355,INFO,search,Cache hit
2026-01-28T19:36:23.316521,INFO,payment,Request OK
2026-01-28T19:36:23.517476,INFO,payment,Request OK
2026-01-28T19:36:23.719591,WARN,orders,Request OK
2026-01-28T19:36:23.920434,INFO,search,User login
2026-01-28T19:36:24.121392,INFO,search,Request OK
2026-01-28T19:36:24.322426,WARN,payment,Request OK
2026-01-28T19:36:24.524133,ERROR,auth,Timeout
2026-01-28T19:36:24.725390,INFO,search,Request OK
2026-01-28T19:36:24.938190,INFO,search,User login
2026-01-28T19:36:25.140441,INFO,auth,Request OK
2026-01-28T19:36:25.341692,INFO,orders,Cache hit
2026-01-28T19:36:25.543621,INFO,orders,User login
2026-01-28T19:36:25.745619,WARN,payment,Request OK
2026-01-28T19:36:25.946722,INFO,orders,Request OK
2026-01-28T19:36:26.147745,INFO,search,Request OK
2026-01-28T19:36:26.348832,INFO,payment,User login
2026-01-28T19:36:26.550297,INFO,payment,Request OK
2026-01-28T19:36:26.752094,INFO,search,Request OK
2026-01-28T19:36:26.953023,ERROR,payment,DB failure
2026-01-28T19:36:27.154319,INFO,search,User login
2026-01-28T19:36:27.355907,WARN,payment,Cache hit
2026-01-28T19:36:27.556684,INFO,search,Cache hit
2026-01-28T19:36:27.757911,INFO,orders,Cache hit
2026-01-28T19:36:27.959049,INFO,orders,User login
2026-01-28T19:36:28.160297,INFO,search,Request OK
2026-01-28T19:36:28.360905,INFO,auth,User login
2026-01-28T19:36:28.561818,INFO,payment,Request OK
2026-01-28T19:36:28.763114,INFO,search,Request OK
2026-01-28T19:36:28.964218,INFO,auth,Request OK
2026-01-28T19:36:29.165932,ERROR,auth,Timeout
2026-01-28T19:36:29.367368,INFO,payment,User login
2026-01-28T19:36:29.568383,INFO,auth,Request OK
2026-01-28T19:36:29.769348,INFO,orders,Request OK
2026-01-28T19:36:29.970035,INFO,payment,Cache hit
2026-01-28T19:36:30.171007,INFO,search,User login
2026-01-28T19:36:30.376470,INFO,orders,User login
2026-01-28T19:36:30.577754,INFO,search,User login
2026-01-28T19:36:30.779051,INFO,auth,Cache hit
2026-01-28T19:36:30.980060,INFO,search,Cache hit
2026-01-28T19:36:31.181245,INFO,orders,Cache hit
2026-01-28T19:36:31.382105,INFO,payment,User login
2026-01-28T19:36:31.583034,INFO,search,Request OK
2026-01-28T19:36:31.784149,INFO,orders,Cache hit
2026-01-28T19:36:31.984999,INFO,search,User login
2026-01-28T19:36:32.186076,INFO,search,Request OK
2026-01-28T19:36:32.387409,ERROR,payment,DB failure
2026-01-28T19:36:32.592545,INFO,search,Request OK
2026-01-28T19:36:32.794170,INFO,auth,Cache hit
2026-01-28T19:36:32.994941,ERROR,orders,DB failure
2026-01-28T19:36:33.196318,INFO,search,User login
2026-01-28T19:36:33.397083,ERROR,auth,DB failure
2026-01-28T19:36:33.598770,INFO,payment,User login
2026-01-28T19:36:33.799688,INFO,search,Request OK
2026-01-28T19:36:34.000657,INFO,auth,Request OK
2026-01-28T19:36:34.201762,INFO,auth,User login
2026-01-28T19:36:34.402800,INFO,auth,Cache hit
2026-01-28T19:36:34.604109,ERROR,search,Null pointer
2026-01-28T19:36:34.805011,INFO,search,Cache hit
2026-01-28T19:36:35.005869,INFO,auth,User login
2026-01-28T19:36:35.207273,ERROR,auth,Null pointer
2026-01-28T19:36:35.408196,INFO,search,Request OK
2026-01-28T19:36:35.610091,INFO,payment,Cache hit
2026-01-28T19:36:35.819945,INFO,auth,User login
2026-01-28T19:36:36.021045,INFO,payment,Request OK
2026-01-28T19:36:36.223214,ERROR,payment,DB failure
2026-01-28T19:36:36.424185,INFO,orders,Request OK
2026-01-28T19:36:36.625105,INFO,orders,User login
2026-01-28T19:36:36.826388,INFO,auth,Cache hit
2026-01-28T19:36:37.027089,INFO,payment,Cache hit
2026-01-28T19:36:37.228085,INFO,auth,Request OK
2026-01-28T19:36:37.429007,INFO,orders,Request OK
2026-01-28T19:36:37.630413,INFO,orders,Request OK
2026-01-28T19:36:37.831913,INFO,search,Cache hit
2026-01-28T19:36:38.032654,INFO,orders,Cache hit
2026-01-28T19:36:38.234245,INFO,auth,Cache hit
2026-01-28T19:36:38.435284,INFO,orders,User login
2026-01-28T19:36:38.636304,INFO,search,User login
2026-01-28T19:36:38.837367,WARN,auth,Request OK
2026-01-28T19:36:39.038279,INFO,payment,Request OK
2026-01-28T19:36:39.239322,INFO,payment,Cache hit
2026-01-28T19:36:39.441287,INFO,orders,User login
2026-01-28T19:36:39.642445,WARN,auth,Request OK
2026-01-28T19:36:39.844604,INFO,orders,User login
2026-01-28T19:36:40.046144,INFO,auth,Cache hit
2026-01-28T19:36:40.246875,INFO,orders,Cache hit
2026-01-28T19:36:40.449047,INFO,orders,User login
2026-01-28T19:36:40.650426,WARN,orders,User login
2026-01-28T19:36:40.851370,INFO,auth,Cache hit
2026-01-28T19:36:41.053201,INFO,orders,Cache hit
2026-01-28T19:36:41.254119,WARN,search,User login
2026-01-28T19:36:41.455398,INFO,orders,Cache hit
2026-01-28T19:36:41.657009,INFO,search,User login
2026-01-28T19:36:41.858733,INFO,auth,User login
2026-01-28T19:36:42.059995,WARN,search,User login
2026-01-28T19:36:42.261127,INFO,payment,User login
2026-01-28T19:36:42.463080,INFO,orders,User login
2026-01-28T19:36:42.664337,INFO,orders,Cache hit
2026-01-28T19:36:42.865255,INFO,auth,Request OK
2026-01-28T19:36:43.066299,INFO,payment,User login
2026-01-28T19:36:43.267202,INFO,auth,User login
2026-01-28T19:36:43.468004,ERROR,payment,Timeout
2026-01-28T19:36:43.668697,INFO,orders,Request OK
2026-01-28T19:36:43.869461,WARN,payment,Cache hit
2026-01-28T19:36:44.070978,INFO,auth,Cache hit
2026-01-28T19:36:44.272458,WARN,payment,User login
2026-01-28T19:36:44.474088,INFO,payment,Cache hit
2026-01-28T19:36:44.674867,INFO,auth,User login
2026-01-28T19:36:44.875916,INFO,search,Cache hit
2026-01-28T19:36:45.076662,INFO,search,Cache hit
2026-01-28T19:36:45.277721,INFO,search,User login
2026-01-28T19:36:45.479295,INFO,payment,User login
2026-01-28T19:36:45.682769,INFO,search,Request OK
2026-01-28T19:36:45.883712,INFO,payment,Request OK
2026-01-28T19:36:46.086111,INFO,payment,Cache hit
2026-01-28T19:36:46.290777,INFO,payment,Cache hit
2026-01-28T19:36:46.491610,INFO,search,Request OK
2026-01-28T19:36:46.692610,INFO,search,User login
2026-01-28T19:36:46.893680,INFO,payment,User login
2026-01-28T19:36:47.095178,INFO,payment,Request OK
2026-01-28T19:36:47.297043,WARN,orders,User login
2026-01-28T19:36:47.500230,INFO,orders,Request OK
2026-01-28T19:36:47.701634,INFO,auth,Cache hit
2026-01-28T19:36:47.902851,INFO,payment,Cache hit
2026-01-28T19:36:48.103963,INFO,auth,User login
2026-01-28T19:36:48.307210,INFO,orders,User login
2026-01-28T19:36:48.510383,INFO,payment,User login
2026-01-28T19:36:48.711593,INFO,auth,Request OK
2026-01-28T19:36:48.912799,INFO,auth,Request OK
2026-01-28T19:36:49.114629,INFO,search,User login
2026-01-28T19:36:49.316471,INFO,search,User login
2026-01-28T19:36:49.517642,INFO,payment,Request OK
2026-01-28T19:36:49.719149,INFO,auth,Cache hit
2026-01-28T19:36:49.920651,INFO,orders,Request OK
2026-01-28T19:36:50.123250,INFO,orders,User login
2026-01-28T19:36:50.324349,INFO,auth,User login
2026-01-28T19:36:50.525709,INFO,orders,Cache hit
2026-01-28T19:36:50.727434,INFO,orders,User login
2026-01-28T19:36:50.929125,WARN,payment,Request OK
2026-01-28T19:36:51.131139,INFO,payment,User login
2026-01-28T19:36:51.332107,INFO,search,User login
2026-01-28T19:36:51.535200,INFO,auth,Cache hit
2026-01-28T19:36:51.736295,INFO,auth,Request OK
2026-01-28T19:36:51.938337,INFO,payment,Request OK
2026-01-28T19:36:52.140013,INFO,auth,Cache hit
2026-01-28T19:36:52.341621,INFO,payment,Request OK
2026-01-28T19:36:52.542452,INFO,payment,User login
2026-01-28T19:36:52.743556,INFO,payment,Request OK
2026-01-28T19:36:52.944576,INFO,search,Request OK
2026-01-28T19:36:53.145493,INFO,orders,Request OK
2026-01-28T19:36:53.346374,INFO,payment,Cache hit
2026-01-28T19:36:53.555467,INFO,payment,Request OK
2026-01-28T19:36:53.756633,INFO,search,Request OK
2026-01-28T19:36:53.957394,INFO,search,User login
2026-01-28T19:36:54.158787,INFO,auth,Cache hit
2026-01-28T19:36:54.360855,INFO,search,Request OK
2026-01-28T19:36:54.562644,INFO,search,Request OK
2026-01-28T19:36:54.765315,INFO,payment,User login
2026-01-28T19:36:54.966360,INFO,orders,User login
2026-01-28T19:36:55.167724,INFO,auth,Request OK
2026-01-28T19:36:55.369884,INFO,orders,Request OK
2026-01-28T19:36:55.571820,INFO,orders,Cache hit
2026-01-28T19:36:55.773554,INFO,orders,Request OK
2026-01-28T19:36:55.976313,INFO,auth,User login
2026-01-28T19:36:56.177613,INFO,payment,Request OK
2026-01-28T19:36:56.381470,INFO,auth,Cache hit
2026-01-28T19:36:56.583462,INFO,orders,Request OK
2026-01-28T19:36:56.784834,INFO,search,Request OK
2026-01-28T19:36:56.986256,INFO,auth,User login
2026-01-28T19:36:57.190405,WARN,orders,Cache hit
2026-01-28T19:36:57.392795,INFO,search,Request OK
2026-01-28T19:36:57.594354,INFO,auth,User login
2026-01-28T19:36:57.796270,INFO,orders,User login
2026-01-28T19:36:57.998010,WARN,payment,User login
2026-01-28T19:36:58.200594,INFO,payment,Cache hit
2026-01-28T19:36:58.402032,INFO,auth,Request OK
2026-01-28T19:36:58.604203,INFO,orders,Request OK
2026-01-28T19:36:58.806194,ERROR,auth,Timeout
2026-01-28T19:36:59.008053,INFO,auth,Request OK
2026-01-28T19:36:59.208998,INFO,payment,User login
2026-01-28T19:36:59.411152,INFO,payment,Request OK
2026-01-28T19:36:59.613343,INFO,orders,Request OK
2026-01-28T19:36:59.814880,INFO,orders,Request OK
2026-01-28T19:37:00.016814,WARN,search,Request OK
2026-01-28T19:37:00.219273,INFO,search,User login
2026-01-28T19:37:00.422772,ERROR,auth,DB failure
2026-01-28T19:37:00.624414,INFO,auth,User login
2026-01-28T19:37:00.826585,INFO,search,User login
2026-01-28T19:37:01.028865,INFO,search,Request OK
2026-01-28T19:37:01.230588,INFO,payment,User login
2026-01-28T19:37:01.432222,INFO,payment,Cache hit
2026-01-28T19:37:01.634359,INFO,orders,Cache hit
2026-01-28T19:37:01.835814,WARN,auth,Cache hit
2026-01-28T19:37:02.037192,INFO,orders,User login
2026-01-28T19:37:02.239810,INFO,payment,Request OK
2026-01-28T19:37:02.445563,INFO,payment,User login
2026-01-28T19:37:02.647455,INFO,search,Cache hit
2026-01-28T19:37:02.848730,INFO,auth,User login
2026-01-28T19:37:03.049862,INFO,auth,Cache hit
2026-01-28T19:37:03.251342,WARN,payment,Cache hit
2026-01-28T19:37:03.452621,INFO,payment,Request OK
2026-01-28T19:37:03.654852,INFO,search,Request OK
2026-01-28T19:37:03.856776,INFO,payment,User login
2026-01-28T19:37:04.059271,INFO,payment,Cache hit
2026-01-28T19:37:04.260369,INFO,auth,Cache hit
2026-01-28T19:37:04.461763,INFO,payment,Request OK
2026-01-28T19:37:04.663547,WARN,payment,Request OK
2026-01-28T19:37:04.864718,INFO,auth,User login
2026-01-28T19:37:05.065786,WARN,auth,User login
2026-01-28T19:37:05.266583,INFO,payment,Request OK
2026-01-28T19:37:05.467902,INFO,orders,Cache hit
2026-01-28T19:37:05.669000,INFO,orders,Request OK
2026-01-28T19:37:05.870509,INFO,payment,Request OK
2026-01-28T19:37:06.071707,INFO,auth,User login
2026-01-28T19:37:06.272710,INFO,auth,Request OK
2026-01-28T19:37:06.473483,INFO,auth,Cache hit
2026-01-28T19:37:06.674367,INFO,auth,Cache hit
2026-01-28T19:37:06.875188,INFO,auth,Request OK
2026-01-28T19:37:07.075939,INFO,payment,User login
2026-01-28T19:37:07.276617,ERROR,search,Null pointer
2026-01-28T19:37:07.478162,ERROR,orders,DB failure
2026-01-28T19:37:07.679357,INFO,search,Request OK
2026-01-28T19:37:07.880530,INFO,search,User login
2026-01-28T19:37:08.081394,INFO,payment,Request OK
2026-01-28T19:37:08.282266,ERROR,payment,Timeout
2026-01-28T19:37:08.483143,INFO,auth,Cache hit
2026-01-28T19:37:08.684002,ERROR,payment,DB failure
2026-01-28T19:37:08.884940,ERROR,payment,Timeout
2026-01-28T19:37:09.086602,ERROR,search,Timeout
2026-01-28T19:37:09.287872,INFO,search,Cache hit
2026-01-28T19:37:09.488817,ERROR,auth,DB failure
2026-01-28T19:37:09.689764,INFO,orders,Cache hit
2026-01-28T19:37:09.890709,ERROR,orders,Timeout
2026-01-28T19:37:10.092040,INFO,payment,Request OK
2026-01-28T19:37:10.293782,INFO,search,Cache hit
2026-01-28T19:37:10.495103,INFO,search,User login
2026-01-28T19:37:10.696782,ERROR,auth,Null pointer
2026-01-28T19:37:10.899708,INFO,search,Request OK
2026-01-28T19:37:11.101091,INFO,search,Request OK
2026-01-28T19:37:11.302502,INFO,orders,Cache hit
2026-01-28T19:37:11.503833,INFO,orders,User login
2026-01-28T19:37:11.705420,ERROR,payment,Timeout
2026-01-28T19:37:11.906367,INFO,search,Cache hit
2026-01-28T19:37:12.107764,INFO,auth,User login
2026-01-28T19:37:12.309313,WARN,search,Cache hit
2026-01-28T19:37:12.510177,INFO,orders,User login
2026-01-28T19:37:12.712082,INFO,search,Cache hit
2026-01-28T19:37:12.913173,INFO,search,Cache hit
2026-01-28T19:37:13.114238,INFO,orders,Cache hit
2026-01-28T19:37:13.315220,INFO,auth,Cache hit
2026-01-28T19:37:13.516175,INFO,search,Request OK
2026-01-28T19:37:13.717272,INFO,search,Cache hit
2026-01-28T19:37:13.918136,INFO,auth,Cache hit
2026-01-28T19:37:14.119057,ERROR,search,DB failure
2026-01-28T19:37:14.320307,INFO,auth,Request OK
2026-01-28T19:37:14.523116,ERROR,auth,DB failure
2026-01-28T19:37:14.724210,ERROR,orders,Null pointer
2026-01-28T19:37:14.924873,INFO,payment,Cache hit
2026-01-28T19:37:15.125909,INFO,orders,Cache hit
2026-01-28T19:37:15.327172,INFO,auth,Request OK
2026-01-28T19:37:15.528171,INFO,orders,User login
2026-01-28T19:37:15.728947,INFO,orders,Request OK
2026-01-28T19:37:15.929854,INFO,search,Request OK
2026-01-28T19:37:16.130659,INFO,auth,Request OK
2026-01-28T19:37:16.332012,INFO,orders,Cache hit
2026-01-28T19:37:16.532814,INFO,payment,Request OK
2026-01-28T19:37:16.733813,INFO,payment,Cache hit
2026-01-28T19:37:16.935092,INFO,auth,Request OK
2026-01-28T19:37:17.136401,INFO,payment,Cache hit
2026-01-28T19:37:17.337215,INFO,search,Cache hit
2026-01-28T19:37:17.538194,INFO,auth,Cache hit
2026-01-28T19:37:17.739358,INFO,orders,Request OK
2026-01-28T19:37:17.940757,INFO,payment,Cache hit
2026-01-28T19:37:18.142442,ERROR,payment,Timeout
2026-01-28T19:37:18.343568,INFO,search,Cache hit
2026-01-28T19:37:18.545131,INFO,auth,Cache hit
2026-01-28T19:37:18.746052,INFO,orders,Request OK
2026-01-28T19:37:18.946930,INFO,search,Request OK
2026-01-28T19:37:19.148136,INFO,payment,Request OK
2026-01-28T19:37:19.348784,INFO,search,Request OK
2026-01-28T19:37:19.550180,INFO,orders,Cache hit
2026-01-28T19:37:19.750950,ERROR,payment,DB failure
2026-01-28T19:37:19.953038,WARN,orders,Cache hit
2026-01-28T19:37:20.155714,INFO,auth,User login
2026-01-28T19:37:20.358351,INFO,auth,Cache hit
2026-01-28T19:37:20.559426,WARN,auth,Request OK
2026-01-28T19:37:20.760675,INFO,auth,Cache hit
2026-01-28T19:37:20.961901,INFO,search,Request OK
2026-01-28T19:37:21.163569,INFO,search,Cache hit
2026-01-28T19:37:21.364394,INFO,orders,Cache hit
2026-01-28T19:37:21.565288,INFO,orders,Cache hit
2026-01-28T19:37:21.766615,INFO,payment,Request OK
2026-01-28T19:37:21.969449,INFO,auth,User login
2026-01-28T19:37:22.170567,INFO,payment,User login
2026-01-28T19:37:22.371809,INFO,orders,Request OK
2026-01-28T19:37:22.573065,WARN,auth,Request OK
2026-01-28T19:37:22.774022,WARN,search,Request OK
2026-01-28T19:37:22.976769,ERROR,payment,Timeout
2026-01-28T19:37:23.177696,INFO,auth,User login
2026-01-28T19:37:23.378772,INFO,search,Request OK
2026-01-28T19:37:23.579503,INFO,payment,User login
2026-01-28T19:37:23.780525,INFO,payment,User login
2026-01-28T19:37:23.981584,INFO,payment,Cache hit
2026-01-28T19:37:24.182563,INFO,auth,User login
2026-01-28T19:37:24.383515,INFO,search,User login
2026-01-28T19:37:24.585360,ERROR,auth,DB failure
2026-01-28T19:37:24.787112,INFO,payment,User login
2026-01-28T19:37:24.987889,INFO,search,Request OK
2026-01-28T19:37:25.188639,INFO,search,User login
2026-01-28T19:37:25.390103,INFO,payment,User login
2026-01-28T19:37:25.591139,INFO,auth,Request OK
2026-01-28T19:37:25.793359,INFO,payment,User login
2026-01-28T19:37:25.994833,INFO,payment,Cache hit
2026-01-28T19:37:26.196462,INFO,auth,User login
2026-01-28T19:37:26.398094,INFO,orders,Cache hit
2026-01-28T19:37:26.599270,INFO,orders,Request OK
2026-01-28T19:37:26.800252,INFO,search,Request OK
2026-01-28T19:37:27.001945,INFO,payment,User login
2026-01-28T19:37:27.203453,INFO,auth,Cache hit
2026-01-28T19:37:27.404535,INFO,search,Request OK
2026-01-28T19:37:27.605503,INFO,search,Request OK
2026-01-28T19:37:27.806627,INFO,auth,User login
2026-01-28T19:37:28.008366,INFO,auth,Cache hit
2026-01-28T19:37:28.209558,INFO,auth,Request OK
2026-01-28T19:37:28.410909,WARN,payment,Request OK
2026-01-28T19:37:28.612276,INFO,search,Request OK
2026-01-28T19:37:28.813605,INFO,orders,Request OK
2026-01-28T19:37:29.014359,INFO,payment,Request OK
2026-01-28T19:37:29.215812,WARN,auth,Request OK
2026-01-28T19:37:29.417471,INFO,orders,User login
2026-01-28T19:37:29.618479,INFO,payment,Cache hit
2026-01-28T19:37:29.819947,INFO,search,Cache hit
2026-01-28T19:37:30.020886,INFO,search,Cache hit
2026-01-28T19:37:30.221784,INFO,auth,Request OK
2026-01-28T19:37:30.422596,INFO,orders,User login
2026-01-28T19:37:30.623787,INFO,orders,Request OK
2026-01-28T19:37:30.824791,INFO,search,Cache hit
2026-01-28T19:37:31.025918,WARN,auth,Cache hit
2026-01-28T19:37:31.227043,INFO,orders,Cache hit
2026-01-28T19:37:31.428336,INFO,auth,Cache hit
2026-01-28T19:37:31.629641,INFO,payment,Request OK
2026-01-28T19:37:31.830826,ERROR,orders,Null pointer
2026-01-28T19:37:32.032034,INFO,search,User login
2026-01-28T19:37:32.233195,INFO,auth,Request OK
2026-01-28T19:37:32.434091,INFO,auth,Request OK
2026-01-28T19:37:32.635081,INFO,orders,Cache hit
2026-01-28T19:37:32.835715,INFO,orders,Request OK
2026-01-28T19:37:33.036544,INFO,search,Cache hit
2026-01-28T19:37:33.237967,INFO,auth,Cache hit
2026-01-28T19:37:33.439452,INFO,payment,Cache hit
2026-01-28T19:37:33.640527,INFO,orders,User login
2026-01-28T19:37:33.841404,INFO,search,Cache hit
2026-01-28T19:37:34.042853,INFO,search,User login
2026-01-28T19:37:34.247891,INFO,search,Request OK
2026-01-28T19:37:34.449667,INFO,orders,Cache hit
2026-01-28T19:37:34.650780,WARN,search,User login
2026-01-28T19:37:34.851606,ERROR,orders,Null pointer
2026-01-28T19:37:35.052545,WARN,payment,Cache hit
2026-01-28T19:37:35.254605,WARN,auth,Cache hit
2026-01-28T19:37:35.455216,INFO,auth,Cache hit
2026-01-28T19:37:35.656139,INFO,auth,Request OK
2026-01-28T19:37:35.857181,INFO,search,User login
2026-01-28T19:37:36.058276,INFO,payment,Request OK
2026-01-28T19:37:36.262252,INFO,orders,Cache hit
2026-01-28T19:37:36.464631,INFO,search,User login
2026-01-28T19:37:36.665937,INFO,search,Request OK
2026-01-28T19:37:36.867098,INFO,search,Cache hit
2026-01-28T19:37:37.068490,INFO,payment,Request OK
2026-01-28T19:37:37.269271,ERROR,payment,Null pointer
2026-01-28T19:37:37.470088,INFO,payment,Cache hit
2026-01-28T19:37:37.670722,INFO,payment,User login
2026-01-28T19:37:37.872010,INFO,payment,Cache hit
2026-01-28T19:37:38.073381,INFO,payment,Cache hit
2026-01-28T19:37:38.275177,INFO,payment,Request OK
2026-01-28T19:37:38.483005,INFO,auth,Cache hit
2026-01-28T19:37:38.684597,INFO,orders,Request OK
2026-01-28T19:37:38.885632,WARN,search,Request OK
2026-01-28T19:37:39.086526,ERROR,orders,Timeout
2026-01-28T19:37:39.287402,INFO,payment,Cache hit
2026-01-28T19:37:39.488310,INFO,orders,User login
2026-01-28T19:37:39.689516,INFO,payment,User login
2026-01-28T19:37:39.890460,INFO,orders,User login
2026-01-28T19:37:40.091611,INFO,orders,Cache hit
2026-01-28T19:37:40.292404,INFO,orders,Cache hit
2026-01-28T19:37:40.493404,WARN,auth,Cache hit
2026-01-28T19:37:40.695140,ERROR,search,DB failure
2026-01-28T19:37:40.896211,INFO,payment,Request OK
2026-01-28T19:37:41.097087,INFO,payment,User login
2026-01-28T19:37:41.298142,INFO,search,Cache hit
2026-01-28T19:37:41.499447,INFO,auth,Request OK
2026-01-28T19:37:41.700483,WARN,auth,Cache hit
2026-01-28T19:37:41.901295,INFO,search,Cache hit
2026-01-28T19:37:42.102406,INFO,search,Cache hit
2026-01-28T19:37:42.303517,INFO,search,User login
2026-01-28T19:37:42.505311,INFO,search,User login
2026-01-28T19:37:42.706454,INFO,payment,Cache hit
2026-01-28T19:37:42.907512,INFO,orders,User login
2026-01-28T19:37:43.109405,INFO,payment,Cache hit
2026-01-28T19:37:43.311347,WARN,search,Request OK
2026-01-28T19:37:43.512128,INFO,payment,Request OK
2026-01-28T19:37:43.713283,INFO,orders,User login
2026-01-28T19:37:43.914595,INFO,search,User login
2026-01-28T19:37:44.116650,WARN,search,Cache hit
2026-01-28T19:37:44.317463,INFO,payment,User login
2026-01-28T19:37:44.518555,ERROR,auth,Null pointer
2026-01-28T19:37:44.719659,INFO,payment,Cache hit
2026-01-28T19:37:44.920437,INFO,payment,Cache hit
2026-01-28T19:37:45.121449,INFO,search,Request OK
2026-01-28T19:37:45.322149,INFO,search,User login
2026-01-28T19:37:45.523333,INFO,payment,Request OK
2026-01-28T19:37:45.724834,INFO,payment,User login
2026-01-28T19:37:45.926043,INFO,search,Request OK
2026-01-28T19:37:46.128326,INFO,search,User login
2026-01-28T19:37:46.329943,WARN,orders,Request OK
2026-01-28T19:37:46.531624,INFO,payment,Cache hit
2026-01-28T19:37:46.733013,INFO,payment,User login
2026-01-28T19:37:46.934059,INFO,orders,User login
2026-01-28T19:37:47.135230,INFO,orders,Cache hit
2026-01-28T19:37:47.335997,ERROR,orders,DB failure
2026-01-28T19:37:47.536790,WARN,payment,User login
2026-01-28T19:37:47.738308,INFO,search,Request OK
2026-01-28T19:37:47.939344,INFO,auth,Cache hit
2026-01-28T19:37:48.140189,INFO,payment,Request OK
2026-01-28T19:37:48.341437,INFO,search,Request OK
2026-01-28T19:37:48.542645,INFO,orders,Cache hit
2026-01-28T19:37:48.744093,WARN,search,Cache hit
2026-01-28T19:37:48.945038,ERROR,search,Null pointer
2026-01-28T19:37:49.146116,WARN,payment,Request OK
2026-01-28T19:37:49.347673,INFO,orders,Request OK
2026-01-28T19:37:49.549632,INFO,orders,User login
2026-01-28T19:37:49.750444,INFO,auth,Request OK
2026-01-28T19:37:49.951180,INFO,payment,Cache hit
2026-01-28T19:37:50.153469,INFO,orders,Cache hit
2026-01-28T19:37:50.354622,INFO,orders,Cache hit
2026-01-28T19:37:50.555615,ERROR,auth,DB failure
2026-01-28T19:37:50.756498,INFO,auth,User login
2026-01-28T19:37:50.957600,INFO,auth,Request OK
2026-01-28T19:37:51.158447,INFO,auth,Cache hit
2026-01-28T19:37:51.360133,INFO,auth,User login
2026-01-28T19:37:51.561109,ERROR,search,DB failure
2026-01-28T19:37:51.761811,INFO,auth,Request OK
2026-01-28T19:37:51.963053,INFO,payment,Cache hit
2026-01-28T19:37:52.164398,INFO,payment,Cache hit
2026-01-28T19:37:52.365202,INFO,orders,Request OK
2026-01-28T19:37:52.566186,INFO,orders,Cache hit
2026-01-28T19:37:52.767019,INFO,payment,User login
2026-01-28T19:37:52.968128,INFO,payment,Cache hit
2026-01-28T19:37:53.169612,INFO,orders,Request OK
2026-01-28T19:37:53.370445,INFO,auth,Cache hit
2026-01-28T19:37:53.571362,INFO,auth,User login
2026-01-28T19:37:53.772395,INFO,auth,Request OK
2026-01-28T19:37:53.973882,ERROR,auth,Timeout
2026-01-28T19:37:54.174920,INFO,search,Cache hit
2026-01-28T19:37:54.376073,INFO,orders,Cache hit
2026-01-28T19:37:54.577291,INFO,auth,Cache hit
2026-01-28T19:37:54.779149,INFO,search,User login
2026-01-28T19:37:54.980509,INFO,search,Request OK
2026-01-28T19:37:55.181385,INFO,orders,Request OK
2026-01-28T19:37:55.382577,INFO,search,Request OK
2026-01-28T19:37:55.583581,INFO,orders,Request OK
2026-01-28T19:37:55.784493,INFO,search,Request OK
2026-01-28T19:37:55.985606,INFO,auth,User login
2026-01-28T19:37:56.186826,INFO,payment,User login
2026-01-28T19:37:56.387751,INFO,search,Cache hit
2026-01-28T19:37:56.589057,INFO,search,User login
2026-01-28T19:37:56.790719,INFO,payment,Cache hit
2026-01-28T19:37:56.992089,INFO,payment,User login
2026-01-28T19:37:57.193521,INFO,payment,Cache hit
2026-01-28T19:37:57.394846,INFO,auth,User login
2026-01-28T19:37:57.596420,WARN,auth,Cache hit
2026-01-28T19:37:57.797631,INFO,auth,Request OK
2026-01-28T19:37:57.998533,WARN,search,Request OK
2026-01-28T19:37:58.199654,INFO,auth,Cache hit
2026-01-28T19:37:58.400456,ERROR,auth,DB failure
2026-01-28T19:37:58.601687,INFO,payment,User login
2026-01-28T19:37:58.803211,INFO,search,Cache hit
2026-01-28T19:37:59.004018,WARN,search,Cache hit
2026-01-28T19:37:59.204970,INFO,orders,Request OK
2026-01-28T19:37:59.406236,INFO,orders,Cache hit
2026-01-28T19:37:59.607496,INFO,auth,Request OK
2026-01-28T19:37:59.808569,INFO,orders,User login
2026-01-28T19:38:00.009238,INFO,payment,User login
2026-01-28T19:38:00.210506,INFO,payment,Request OK
2026-01-28T19:38:00.411712,INFO,orders,Cache hit
2026-01-28T19:38:00.613597,INFO,payment,Request OK
2026-01-28T19:38:00.814572,INFO,search,Cache hit
2026-01-28T19:38:01.015672,INFO,auth,Cache hit
2026-01-28T19:38:01.216584,INFO,auth,Cache hit
2026-01-28T19:38:01.417468,ERROR,payment,Timeout
2026-01-28T19:38:01.619319,ERROR,payment,DB failure
2026-01-28T19:38:01.821442,INFO,orders,User login
2026-01-28T19:38:02.022582,INFO,auth,User login
2026-01-28T19:38:02.223272,WARN,search,Request OK
2026-01-28T19:38:02.424587,INFO,auth,Request OK
2026-01-28T19:38:02.625948,ERROR,auth,Null pointer
2026-01-28T19:38:02.826722,INFO,search,Cache hit
2026-01-28T19:38:03.027974,INFO,payment,Cache hit
2026-01-28T19:38:03.228971,INFO,auth,Request OK
2026-01-28T19:38:03.430234,INFO,payment,Cache hit
2026-01-28T19:38:03.631880,INFO,search,Cache hit
2026-01-28T19:38:03.832923,WARN,search,Cache hit
2026-01-28T19:38:04.033967,INFO,search,Request OK
2026-01-28T19:38:04.234966,ERROR,auth,Null pointer
2026-01-28T19:38:04.436136,INFO,auth,User login
2026-01-28T19:38:04.637365,INFO,payment,Cache hit
2026-01-28T19:38:04.838503,ERROR,orders,Timeout
2026-01-28T19:38:05.039333,INFO,orders,Cache hit
2026-01-28T19:38:05.240401,INFO,auth,User login
2026-01-28T19:38:05.441227,INFO,search,User login
2026-01-28T19:38:05.642281,INFO,orders,User login
2026-01-28T19:38:05.843176,INFO,payment,Cache hit
2026-01-28T19:38:06.044299,INFO,orders,Cache hit
2026-01-28T19:38:06.245056,INFO,orders,User login
2026-01-28T19:38:06.446172,INFO,orders,Request OK
2026-01-28T19:38:06.647181,INFO,payment,Cache hit
2026-01-28T19:38:06.847991,INFO,payment,Request OK
2026-01-28T19:38:07.049255,INFO,orders,User login
2026-01-28T19:38:07.251046,INFO,payment,User login
2026-01-28T19:38:07.452701,INFO,orders,User login
2026-01-28T19:38:07.654203,INFO,search,Cache hit
2026-01-28T19:38:07.855147,INFO,auth,Cache hit
2026-01-28T19:38:08.056806,WARN,orders,Cache hit
2026-01-28T19:38:08.257671,INFO,payment,Request OK
2026-01-28T19:38:08.458538,INFO,orders,User login
2026-01-28T19:38:08.659575,INFO,search,Request OK
2026-01-28T19:38:08.860980,INFO,auth,Cache hit
2026-01-28T19:38:09.062683,ERROR,payment,Timeout
2026-01-28T19:38:09.263989,INFO,payment,Request OK
2026-01-28T19:38:09.464659,ERROR,auth,DB failure
2026-01-28T19:38:09.665601,INFO,auth,User login
2026-01-28T19:38:09.866364,INFO,orders,Cache hit
2026-01-28T19:38:10.067394,WARN,payment,Request OK
2026-01-28T19:38:10.268555,INFO,payment,User login
2026-01-28T19:38:10.469742,ERROR,orders,Null pointer
2026-01-28T19:38:10.671288,INFO,auth,Cache hit
2026-01-28T19:38:10.872683,INFO,search,Request OK
2026-01-28T19:38:11.073608,INFO,payment,User login
2026-01-28T19:38:11.274288,INFO,auth,Cache hit
2026-01-28T19:38:11.475095,INFO,auth,User login
2026-01-28T19:38:11.675930,INFO,search,Request OK
2026-01-28T19:38:11.876800,INFO,search,Cache hit
2026-01-28T19:38:12.078821,WARN,orders,Cache hit
2026-01-28T19:38:12.280372,INFO,orders,Cache hit
2026-01-28T19:38:12.481198,ERROR,search,Timeout
2026-01-28T19:38:12.681914,INFO,payment,Cache hit
2026-01-28T19:38:12.882757,INFO,search,Request OK
2026-01-28T19:38:13.083776,ERROR,auth,DB failure
2026-01-28T19:38:13.284645,INFO,auth,Request OK
2026-01-28T19:38:13.485961,INFO,payment,Request OK
2026-01-28T19:38:13.687091,INFO,payment,Request OK
2026-01-28T19:38:13.889306,INFO,auth,Request OK
2026-01-28T19:38:14.090685,INFO,payment,Request OK
2026-01-28T19:38:14.291722,INFO,auth,Cache hit
2026-01-28T19:38:14.492689,WARN,search,User login
2026-01-28T19:38:14.693677,INFO,orders,User login
2026-01-28T19:38:14.894773,INFO,search,Request OK
2026-01-28T19:38:15.095674,INFO,payment,Request OK
2026-01-28T19:38:15.296668,INFO,search,User login
2026-01-28T19:38:15.498595,INFO,orders,Request OK
2026-01-28T19:38:15.700577,INFO,search,Request OK
2026-01-28T19:38:15.902375,INFO,payment,Cache hit
2026-01-28T19:38:16.104053,INFO,search,Request OK
2026-01-28T19:38:16.305455,ERROR,orders,Null pointer
2026-01-28T19:38:16.506798,INFO,auth,Cache hit
2026-01-28T19:38:16.707817,INFO,auth,Cache hit
2026-01-28T19:38:16.909250,ERROR,payment,Null pointer
2026-01-28T19:38:17.112637,WARN,search,User login
2026-01-28T19:38:17.313500,INFO,orders,Cache hit
2026-01-28T19:38:17.514757,INFO,auth,Cache hit
2026-01-28T19:38:17.715669,INFO,payment,Cache hit
2026-01-28T19:38:17.916352,ERROR,orders,DB failure
2026-01-28T19:38:18.117481,WARN,auth,User login
2026-01-28T19:38:18.318378,INFO,search,User login
2026-01-28T19:38:18.519509,INFO,search,Cache hit
2026-01-28T19:38:18.721186,INFO,payment,User login
2026-01-28T19:38:18.922668,INFO,auth,Cache hit
2026-01-28T19:38:19.123475,WARN,search,User login
2026-01-28T19:38:19.324410,INFO,search,Request OK
2026-01-28T19:38:19.525184,WARN,payment,Request OK
2026-01-28T19:38:19.727190,INFO,auth,Cache hit
2026-01-28T19:38:19.928938,INFO,search,User login
2026-01-28T19:38:20.130005,INFO,auth,Cache hit
2026-01-28T19:38:20.331389,WARN,search,User login
2026-01-28T19:38:20.532795,INFO,orders,Cache hit
2026-01-28T19:38:20.733894,ERROR,orders,Null pointer
2026-01-28T19:38:20.934750,INFO,search,User login
2026-01-28T19:38:21.135976,WARN,search,Cache hit
2026-01-28T19:38:21.336710,INFO,payment,Request OK
2026-01-28T19:38:21.538137,ERROR,auth,Timeout
2026-01-28T19:38:21.739352,INFO,payment,Request OK
2026-01-28T19:38:21.940530,ERROR,search,DB failure
2026-01-28T19:38:22.144414,INFO,auth,Request OK
2026-01-28T19:38:22.345392,INFO,orders,User login
2026-01-28T19:38:22.546260,INFO,auth,Request OK
2026-01-28T19:38:22.747013,INFO,search,User login
2026-01-28T19:38:22.948033,INFO,auth,Cache hit
2026-01-28T19:38:23.149017,INFO,search,Cache hit
2026-01-28T19:38:23.349958,INFO,auth,Request OK
2026-01-28T19:38:23.551131,INFO,search,User login
2026-01-28T19:38:23.753035,INFO,payment,Request OK
2026-01-28T19:38:23.953882,INFO,search,User login
2026-01-28T19:38:24.155098,INFO,search,User login
2026-01-28T19:38:24.356078,INFO,search,User login
2026-01-28T19:38:24.556863,INFO,search,Cache hit
2026-01-28T19:38:24.757625,INFO,auth,User login
2026-01-28T19:38:24.958724,INFO,payment,Cache hit
2026-01-28T19:38:25.160396,INFO,payment,Request OK
2026-01-28T19:38:25.361524,INFO,search,Request OK
2026-01-28T19:38:25.562311,INFO,auth,Request OK
2026-01-28T19:38:25.763666,INFO,auth,Cache hit
2026-01-28T19:38:25.964798,INFO,payment,Request OK
2026-01-28T19:38:26.166012,INFO,orders,Cache hit
2026-01-28T19:38:26.367295,INFO,orders,Request OK
2026-01-28T19:38:26.568618,INFO,payment,Cache hit
2026-01-28T19:38:26.770339,WARN,orders,User login
2026-01-28T19:38:26.973323,INFO,payment,Request OK
2026-01-28T19:38:27.174973,INFO,orders,Request OK
2026-01-28T19:38:27.376121,INFO,search,Request OK
2026-01-28T19:38:27.577728,INFO,orders,User login
2026-01-28T19:38:27.778932,INFO,payment,Cache hit
2026-01-28T19:38:27.980253,INFO,payment,Request OK
2026-01-28T19:38:28.181387,INFO,search,Request OK
2026-01-28T19:38:28.382566,INFO,search,Cache hit
2026-01-28T19:38:28.583445,WARN,search,User login
2026-01-28T19:38:28.785483,INFO,orders,User login
2026-01-28T19:38:28.988733,INFO,auth,Request OK
2026-01-28T19:38:29.189756,ERROR,auth,Timeout
2026-01-28T19:38:29.391008,INFO,auth,User login
2026-01-28T19:38:29.591948,INFO,payment,User login
2026-01-28T19:38:29.794261,INFO,orders,User login
2026-01-28T19:38:29.997161,INFO,auth,Request OK
2026-01-28T19:38:30.198813,WARN,payment,User login
2026-01-28T19:38:30.399925,INFO,search,User login
2026-01-28T19:38:30.601211,INFO,search,User login
2026-01-28T19:38:30.803429,ERROR,orders,Null pointer
2026-01-28T19:38:31.005229,INFO,search,User login
2026-01-28T19:38:31.206344,WARN,auth,User login
2026-01-28T19:38:31.407878,INFO,search,Request OK
2026-01-28T19:38:31.609997,INFO,payment,User login
2026-01-28T19:38:31.811342,INFO,search,Request OK
2026-01-28T19:38:32.013858,INFO,auth,Cache hit
2026-01-28T19:38:32.216399,INFO,payment,Cache hit
2026-01-28T19:38:32.418062,INFO,payment,Request OK
2026-01-28T19:38:32.619521,INFO,search,Request OK
2026-01-28T19:38:32.821201,INFO,orders,Request OK
2026-01-28T19:38:33.022405,INFO,search,User login
2026-01-28T19:38:33.223562,ERROR,auth,DB failure
2026-01-28T19:38:33.424688,ERROR,auth,Timeout
2026-01-28T19:38:33.628131,INFO,payment,User login
2026-01-28T19:38:33.829822,INFO,orders,User login
2026-01-28T19:38:34.030643,INFO,orders,Request OK
2026-01-28T19:38:34.231356,INFO,payment,Request OK
2026-01-28T19:38:34.432087,INFO,search,User login
2026-01-28T19:38:34.633601,INFO,auth,Request OK
2026-01-28T19:38:34.834661,ERROR,auth,DB failure
2026-01-28T19:38:35.036017,INFO,payment,Cache hit
2026-01-28T19:38:35.237099,INFO,payment,Cache hit
2026-01-28T19:38:35.437868,INFO,payment,Cache hit
2026-01-28T19:38:35.639080,INFO,auth,User login
2026-01-28T19:38:35.840386,WARN,auth,User login
2026-01-28T19:38:36.041693,INFO,payment,Request OK
2026-01-28T19:38:36.242742,INFO,search,Cache hit
2026-01-28T19:38:36.444073,INFO,orders,Cache hit
2026-01-28T19:38:36.645530,INFO,search,User login
2026-01-28T19:38:36.846703,WARN,orders,User login
2026-01-28T19:38:37.047561,INFO,payment,Cache hit
2026-01-28T19:38:37.249125,INFO,auth,Cache hit
2026-01-28T19:38:37.450449,INFO,auth,Cache hit
2026-01-28T19:38:37.651514,INFO,auth,Cache hit
2026-01-28T19:38:37.852671,INFO,payment,User login
2026-01-28T19:38:38.053833,INFO,auth,Request OK
2026-01-28T19:38:38.254827,INFO,orders,Cache hit
2026-01-28T19:38:38.455572,INFO,auth,Request OK
2026-01-28T19:38:38.656413,INFO,orders,User login
2026-01-28T19:38:38.857142,INFO,orders,Request OK
2026-01-28T19:38:39.058312,INFO,payment,User login
2026-01-28T19:38:39.258910,INFO,orders,User login
2026-01-28T19:38:39.460162,INFO,orders,User login
2026-01-28T19:38:39.661210,INFO,orders,Request OK
2026-01-28T19:38:39.862168,ERROR,auth,Timeout
2026-01-28T19:38:40.063572,INFO,payment,Request OK
2026-01-28T19:38:40.264264,INFO,payment,Cache hit
2026-01-28T19:38:40.465358,INFO,payment,Request OK
2026-01-28T19:38:40.666390,WARN,payment,Request OK
2026-01-28T19:38:40.868140,INFO,orders,Cache hit
2026-01-28T19:38:41.069621,INFO,orders,Request OK
2026-01-28T19:38:41.270625,INFO,payment,User login
2026-01-28T19:38:41.471783,INFO,payment,Cache hit
2026-01-28T19:38:41.672745,INFO,orders,Cache hit
2026-01-28T19:38:41.873946,INFO,orders,Request OK
2026-01-28T19:38:42.076712,INFO,auth,Request OK
2026-01-28T19:38:42.277754,INFO,auth,User login
2026-01-28T19:38:42.479199,INFO,orders,Request OK
2026-01-28T19:38:42.680093,INFO,payment,Request OK
2026-01-28T19:38:42.881235,INFO,orders,User login
2026-01-28T19:38:43.084703,INFO,search,Request OK
2026-01-28T19:38:43.286688,INFO,payment,Cache hit
2026-01-28T19:38:43.488287,INFO,auth,Cache hit
2026-01-28T19:38:43.689577,INFO,payment,Cache hit
2026-01-28T19:38:43.891116,INFO,payment,User login
2026-01-28T19:38:44.092941,ERROR,search,Null pointer
2026-01-28T19:38:44.294551,INFO,orders,Cache hit
2026-01-28T19:38:44.496412,INFO,auth,Cache hit
2026-01-28T19:38:44.697508,INFO,orders,User login
2026-01-28T19:38:44.900677,INFO,auth,Request OK
2026-01-28T19:38:45.102662,INFO,payment,Request OK
2026-01-28T19:38:45.303994,WARN,orders,Request OK
2026-01-28T19:38:45.507141,INFO,orders,Request OK
2026-01-28T19:38:45.710005,WARN,orders,Cache hit
2026-01-28T19:38:45.911045,INFO,payment,User login
2026-01-28T19:38:46.112430,ERROR,payment,Timeout
2026-01-28T19:38:46.314499,INFO,orders,User login
2026-01-28T19:38:46.516317,ERROR,orders,Timeout
2026-01-28T19:38:46.717870,INFO,auth,User login
2026-01-28T19:38:46.919292,INFO,payment,Request OK
2026-01-28T19:38:47.120642,INFO,auth,Request OK
2026-01-28T19:38:47.322638,WARN,search,Cache hit
2026-01-28T19:38:47.524550,WARN,auth,User login
2026-01-28T19:38:47.726069,INFO,auth,Cache hit
2026-01-28T19:38:47.927451,INFO,payment,Cache hit
2026-01-28T19:38:48.128455,INFO,orders,Request OK
2026-01-28T19:38:48.329701,ERROR,auth,DB failure
2026-01-28T19:38:48.531389,ERROR,search,DB failure
2026-01-28T19:38:48.733249,WARN,orders,Cache hit
2026-01-28T19:38:48.934108,ERROR,payment,Timeout
2026-01-28T19:38:49.135941,INFO,auth,Cache hit
2026-01-28T19:38:49.337850,INFO,orders,Request OK
2026-01-28T19:38:49.539339,WARN,orders,Cache hit
2026-01-28T19:38:49.742417,INFO,orders,Request OK
2026-01-28T19:38:49.943744,INFO,auth,User login
2026-01-28T19:38:50.144790,ERROR,payment,DB failure
2026-01-28T19:38:50.345763,INFO,payment,Request OK
2026-01-28T19:38:50.547511,INFO,payment,Request OK
2026-01-28T19:38:50.749486,ERROR,auth,DB failure
2026-01-28T19:38:50.950510,INFO,orders,User login
2026-01-28T19:38:51.151490,INFO,payment,User login
2026-01-28T19:38:51.352275,INFO,payment,Cache hit
2026-01-28T19:38:51.553431,INFO,orders,User login
2026-01-28T19:38:51.754204,INFO,auth,Request OK
2026-01-28T19:38:51.955705,ERROR,search,Timeout
2026-01-28T19:38:52.195439,WARN,search,User login
2026-01-28T19:38:52.397174,WARN,auth,Request OK
2026-01-28T19:38:52.598607,WARN,search,User login
2026-01-28T19:38:52.799515,INFO,auth,User login
2026-01-28T19:38:53.000874,INFO,payment,Request OK
2026-01-28T19:38:53.201920,WARN,payment,Request OK
2026-01-28T19:38:53.402743,INFO,search,Cache hit
2026-01-28T19:38:53.603765,INFO,orders,Request OK
2026-01-28T19:38:53.804795,INFO,orders,Cache hit
2026-01-28T19:38:54.006556,INFO,payment,User login
2026-01-28T19:38:54.207265,INFO,search,Cache hit
2026-01-28T19:38:54.408185,INFO,orders,Cache hit
2026-01-28T19:38:54.609079,INFO,payment,User login
2026-01-28T19:38:54.810221,ERROR,orders,DB failure
2026-01-28T19:38:55.011282,INFO,auth,Request OK
2026-01-28T19:38:55.212376,INFO,payment,Cache hit
2026-01-28T19:38:55.413188,INFO,search,Cache hit
2026-01-28T19:38:55.615641,INFO,payment,Cache hit
2026-01-28T19:38:55.816546,INFO,auth,Request OK
2026-01-28T19:38:56.017793,INFO,orders,Cache hit
2026-01-28T19:38:56.219062,INFO,orders,Request OK
2026-01-28T19:38:56.419870,INFO,orders,User login
2026-01-28T19:38:56.620902,WARN,auth,Cache hit
2026-01-28T19:38:56.822436,ERROR,search,Timeout
2026-01-28T19:38:57.023455,INFO,payment,Cache hit
2026-01-28T19:38:57.224997,WARN,payment,Request OK
2026-01-28T19:38:57.425940,INFO,search,Cache hit
2026-01-28T19:38:57.627514,INFO,orders,User login
2026-01-28T19:38:57.828732,INFO,auth,User login
2026-01-28T19:38:58.030633,INFO,orders,User login
2026-01-28T19:38:58.232193,INFO,payment,Cache hit
2026-01-28T19:38:58.433104,ERROR,orders,Timeout
2026-01-28T19:38:58.634374,INFO,search,User login
2026-01-28T19:38:58.835814,INFO,auth,Cache hit
2026-01-28T19:38:59.036829,INFO,payment,User login
2026-01-28T19:38:59.238346,INFO,payment,User login
2026-01-28T19:38:59.439608,INFO,auth,Cache hit
2026-01-28T19:38:59.641014,INFO,search,Request OK
2026-01-28T19:38:59.842579,INFO,payment,Cache hit
2026-01-28T19:39:00.043867,WARN,payment,Request OK
2026-01-28T19:39:00.245079,INFO,auth,User login
2026-01-28T19:39:00.447405,INFO,orders,User login
2026-01-28T19:39:00.648434,INFO,orders,Request OK
2026-01-28T19:39:00.849301,INFO,payment,Request OK
2026-01-28T19:39:01.050234,INFO,search,User login
2026-01-28T19:39:01.251021,INFO,orders,User login
2026-01-28T19:39:01.451973,INFO,payment,User login
2026-01-28T19:39:01.653091,ERROR,auth,Null pointer
2026-01-28T19:39:01.853884,INFO,orders,Request OK
2026-01-28T19:39:02.055640,WARN,auth,Request OK
2026-01-28T19:39:02.256949,INFO,payment,Request OK
2026-01-28T19:39:02.457882,INFO,auth,Request OK
2026-01-28T19:39:02.658756,INFO,search,Cache hit
2026-01-28T19:39:02.859880,ERROR,payment,DB failure
2026-01-28T19:39:03.061042,INFO,payment,User login
2026-01-28T19:39:03.261855,INFO,payment,Cache hit
2026-01-28T19:39:03.462969,INFO,payment,Request OK
2026-01-28T19:39:03.664813,INFO,payment,Cache hit
2026-01-28T19:39:03.865915,INFO,payment,User login
2026-01-28T19:39:04.067379,INFO,payment,Cache hit
2026-01-28T19:39:04.268518,INFO,search,Request OK
2026-01-28T19:39:04.469695,INFO,payment,Cache hit
2026-01-28T19:39:04.670855,WARN,auth,Cache hit
2026-01-28T19:39:04.872731,INFO,auth,User login
2026-01-28T19:39:05.074270,INFO,auth,Cache hit
2026-01-28T19:39:05.275450,INFO,orders,Cache hit
2026-01-28T19:39:05.476648,INFO,orders,Request OK
2026-01-28T19:39:05.677393,ERROR,orders,Timeout
2026-01-28T19:39:05.878726,INFO,orders,User login
2026-01-28T19:39:06.079691,INFO,payment,Request OK
2026-01-28T19:39:06.280643,INFO,orders,User login
2026-01-28T19:39:06.481509,INFO,auth,User login
2026-01-28T19:39:06.682323,INFO,search,User login
2026-01-28T19:39:06.883236,WARN,auth,User login
2026-01-28T19:39:07.083895,INFO,search,Request OK
2026-01-28T19:39:07.285552,INFO,auth,Request OK
2026-01-28T19:39:07.486604,INFO,auth,User login
2026-01-28T19:39:07.688066,ERROR,search,Timeout
2026-01-28T19:39:07.888865,ERROR,search,Timeout
2026-01-28T19:39:08.090448,INFO,payment,Cache hit
2026-01-28T19:39:08.291638,INFO,search,User login
2026-01-28T19:39:08.492766,INFO,auth,User login
2026-01-28T19:39:08.693513,ERROR,search,Null pointer
2026-01-28T19:39:08.896538,INFO,payment,Request OK
2026-01-28T19:39:09.097317,ERROR,search,Null pointer
2026-01-28T19:39:09.298281,INFO,orders,Request OK
2026-01-28T19:39:09.499065,INFO,search,Request OK
2026-01-28T19:39:09.700380,INFO,auth,User login
2026-01-28T19:39:09.901482,INFO,payment,Request OK
2026-01-28T19:39:10.102953,INFO,payment,Cache hit
2026-01-28T19:39:10.304623,INFO,search,Request OK
2026-01-28T19:39:10.505554,WARN,search,Cache hit
2026-01-28T19:39:10.706628,INFO,orders,Request OK
2026-01-28T19:39:10.907529,INFO,payment,User login
2026-01-28T19:39:11.108358,INFO,auth,Cache hit
2026-01-28T19:39:11.309041,INFO,payment,Request OK
2026-01-28T19:39:11.510610,INFO,auth,Cache hit
2026-01-28T19:39:11.712732,WARN,auth,Request OK
2026-01-28T19:39:11.915019,INFO,search,User login
2026-01-28T19:39:12.116245,INFO,auth,User login
2026-01-28T19:39:12.317100,INFO,auth,User login
2026-01-28T19:39:12.518289,INFO,search,Request OK
2026-01-28T19:39:12.720487,INFO,orders,Cache hit
2026-01-28T19:39:12.922539,INFO,orders,Request OK
2026-01-28T19:39:13.123832,INFO,search,Cache hit
2026-01-28T19:39:13.325167,WARN,payment,User login
2026-01-28T19:39:13.526544,INFO,orders,Cache hit
2026-01-28T19:39:13.727664,INFO,auth,Request OK
2026-01-28T19:39:13.929554,INFO,auth,Request OK
2026-01-28T19:39:14.130461,INFO,orders,Cache hit
2026-01-28T19:39:14.331426,INFO,orders,Request OK
2026-01-28T19:39:14.532431,INFO,search,Request OK
2026-01-28T19:39:14.733415,INFO,payment,Request OK
2026-01-28T19:39:14.934266,INFO,orders,User login
2026-01-28T19:39:15.135843,INFO,auth,User login
2026-01-28T19:39:15.337155,INFO,auth,User login
2026-01-28T19:39:15.538470,INFO,auth,User login
2026-01-28T19:39:15.739468,INFO,search,User login
2026-01-28T19:39:15.940503,WARN,payment,Cache hit
2026-01-28T19:39:16.141750,INFO,search,Cache hit
2026-01-28T19:39:16.343178,INFO,payment,Request OK
2026-01-28T19:39:16.544223,INFO,orders,Request OK
2026-01-28T19:39:16.745780,ERROR,auth,Null pointer
2026-01-28T19:39:16.947325,INFO,search,Cache hit
2026-01-28T19:39:17.148301,WARN,search,Cache hit
2026-01-28T19:39:17.349637,INFO,orders,Request OK
2026-01-28T19:39:17.550586,INFO,orders,Cache hit
2026-01-28T19:39:17.751261,INFO,payment,Cache hit
2026-01-28T19:39:17.952645,INFO,orders,Cache hit
2026-01-28T19:39:18.153434,INFO,orders,User login
2026-01-28T19:39:18.354220,INFO,auth,User login
2026-01-28T19:39:18.555764,INFO,search,User login
2026-01-28T19:39:18.756770,INFO,auth,Request OK
2026-01-28T19:39:18.957774,INFO,orders,Request OK
2026-01-28T19:39:19.159114,INFO,search,Request OK
2026-01-28T19:39:19.359978,INFO,auth,Request OK
2026-01-28T19:39:19.560790,WARN,auth,User login
2026-01-28T19:39:19.761443,INFO,auth,Cache hit
2026-01-28T19:39:19.962466,INFO,search,Cache hit
2026-01-28T19:39:20.164066,INFO,orders,Cache hit
2026-01-28T19:39:20.365442,INFO,orders,Request OK
2026-01-28T19:39:20.566715,ERROR,auth,Timeout
2026-01-28T19:39:20.767491,INFO,payment,Cache hit
2026-01-28T19:39:20.969036,INFO,search,Request OK
2026-01-28T19:39:21.169879,INFO,payment,Request OK
2026-01-28T19:39:21.370490,INFO,payment,Request OK
2026-01-28T19:39:21.571211,INFO,auth,Request OK
2026-01-28T19:39:21.772100,INFO,search,User login
2026-01-28T19:39:21.973378,INFO,auth,Request OK
2026-01-28T19:39:22.174293,ERROR,search,Timeout
2026-01-28T19:39:22.375585,WARN,auth,User login
2026-01-28T19:39:22.576501,INFO,auth,Cache hit
2026-01-28T19:39:22.777751,INFO,search,User login
2026-01-28T19:39:22.978882,ERROR,search,DB failure
2026-01-28T19:39:23.179882,INFO,orders,Request OK
2026-01-28T19:39:23.381126,INFO,search,Request OK
2026-01-28T19:39:23.582841,INFO,search,Cache hit
2026-01-28T19:39:23.783688,INFO,payment,Request OK
2026-01-28T19:39:23.984710,INFO,auth,User login
2026-01-28T19:39:24.186078,INFO,search,Request OK
2026-01-28T19:39:24.386792,INFO,auth,Cache hit
2026-01-28T19:39:24.587569,INFO,orders,Cache hit
2026-01-28T19:39:24.788209,ERROR,search,DB failure
2026-01-28T19:39:24.989051,INFO,auth,Cache hit
2026-01-28T19:39:25.190534,INFO,search,Request OK
2026-01-28T19:39:25.391381,INFO,auth,Cache hit
2026-01-28T19:39:25.592028,INFO,auth,Request OK
2026-01-28T19:39:25.793215,INFO,auth,Cache hit
2026-01-28T19:39:25.993940,INFO,auth,Cache hit
2026-01-28T19:39:26.195236,INFO,orders,Cache hit
2026-01-28T19:39:26.396390,WARN,orders,Cache hit
2026-01-28T19:39:26.597186,INFO,auth,Cache hit
2026-01-28T19:39:26.798983,INFO,payment,Cache hit
2026-01-28T19:39:27.000381,INFO,orders,Request OK
2026-01-28T19:39:27.201177,INFO,payment,User login
2026-01-28T19:39:27.402015,INFO,search,Cache hit
2026-01-28T19:39:27.603176,INFO,auth,User login
2026-01-28T19:39:27.804175,INFO,orders,Request OK
2026-01-28T19:39:28.004951,INFO,search,Request OK
2026-01-28T19:39:28.205888,INFO,payment,User login
2026-01-28T19:39:28.407137,INFO,payment,Cache hit
2026-01-28T19:39:28.607910,INFO,auth,Cache hit
2026-01-28T19:39:28.809052,INFO,payment,Request OK
2026-01-28T19:39:29.009929,INFO,orders,Request OK
2026-01-28T19:39:29.210596,INFO,orders,Request OK
2026-01-28T19:39:29.412147,INFO,search,Request OK
2026-01-28T19:39:29.613171,WARN,orders,Request OK
2026-01-28T19:39:29.814264,INFO,search,Request OK
2026-01-28T19:39:30.016615,INFO,orders,Request OK
2026-01-28T19:39:30.218211,WARN,search,Request OK
2026-01-28T19:39:30.419823,WARN,payment,User login
2026-01-28T19:39:30.620944,INFO,payment,Cache hit
2026-01-28T19:39:30.821804,INFO,orders,User login
2026-01-28T19:39:31.022900,INFO,auth,Cache hit
2026-01-28T19:39:31.223931,INFO,search,Request OK
2026-01-28T19:39:31.425521,WARN,payment,User login
2026-01-28T19:39:31.627273,INFO,search,User login
2026-01-28T19:39:31.828316,INFO,search,User login
2026-01-28T19:39:32.029073,WARN,payment,User login
2026-01-28T19:39:32.230486,INFO,payment,User login
2026-01-28T19:39:32.431430,INFO,auth,User login
2026-01-28T19:39:32.632270,INFO,search,User login
2026-01-28T19:39:32.833120,INFO,orders,User login
2026-01-28T19:39:33.035910,INFO,auth,Cache hit
2026-01-28T19:39:33.237493,INFO,orders,User login
2026-01-28T19:39:33.438208,INFO,payment,User login
2026-01-28T19:39:33.639007,INFO,orders,Request OK
2026-01-28T19:39:33.840101,ERROR,payment,DB failure
2026-01-28T19:39:34.041154,INFO,orders,Request OK
2026-01-28T19:39:34.242253,INFO,auth,Cache hit
2026-01-28T19:39:34.443352,INFO,orders,Cache hit
2026-01-28T19:39:34.644226,INFO,payment,User login
2026-01-28T19:39:34.846038,INFO,orders,User login
2026-01-28T19:39:35.046825,INFO,payment,Request OK
2026-01-28T19:39:35.248269,ERROR,payment,Timeout
2026-01-28T19:39:35.449285,INFO,auth,Cache hit
2026-01-28T19:39:35.650629,INFO,payment,User login
2026-01-28T19:39:35.851582,INFO,payment,Request OK
2026-01-28T19:39:36.052898,INFO,search,User login
2026-01-28T19:39:36.253979,INFO,search,Request OK
2026-01-28T19:39:36.455141,ERROR,auth,Timeout
2026-01-28T19:39:36.656111,INFO,auth,User login
2026-01-28T19:39:36.857255,ERROR,orders,Null pointer
2026-01-28T19:39:37.058333,INFO,search,Request OK
2026-01-28T19:39:37.259260,INFO,payment,Request OK
2026-01-28T19:39:37.460331,INFO,search,Request OK
2026-01-28T19:39:37.661176,INFO,orders,Cache hit
2026-01-28T19:39:37.862686,INFO,payment,User login
2026-01-28T19:39:38.064313,ERROR,payment,Null pointer
2026-01-28T19:39:38.266083,INFO,payment,User login
2026-01-28T19:39:38.466923,ERROR,orders,Timeout
2026-01-28T19:39:38.667685,INFO,auth,Cache hit
2026-01-28T19:39:38.869299,ERROR,search,DB failure
2026-01-28T19:39:39.073905,INFO,auth,Request OK
2026-01-28T19:39:39.274801,INFO,search,User login
2026-01-28T19:39:39.475744,INFO,payment,Request OK
2026-01-28T19:39:39.677053,INFO,search,Cache hit
2026-01-28T19:39:39.879176,INFO,orders,Request OK
2026-01-28T19:39:40.080565,INFO,auth,User login
2026-01-28T19:39:40.281340,INFO,orders,Cache hit
2026-01-28T19:39:40.481992,INFO,auth,User login
2026-01-28T19:39:40.682612,INFO,orders,User login
2026-01-28T19:39:40.883933,INFO,search,Request OK
2026-01-28T19:39:41.085350,INFO,orders,Request OK
2026-01-28T19:39:41.286504,INFO,search,User login
2026-01-28T19:39:41.487676,INFO,payment,Cache hit
2026-01-28T19:39:41.688871,ERROR,search,Timeout
2026-01-28T19:39:41.889802,INFO,auth,Cache hit
2026-01-28T19:39:42.090912,INFO,orders,User login
2026-01-28T19:39:42.291635,INFO,orders,User login
2026-01-28T19:39:42.493082,INFO,search,User login
2026-01-28T19:39:42.694151,WARN,orders,Request OK
2026-01-28T19:39:42.895229,ERROR,search,Null pointer
2026-01-28T19:39:43.096400,ERROR,search,Null pointer
2026-01-28T19:39:43.297272,INFO,auth,User login
2026-01-28T19:39:43.498381,INFO,payment,User login
2026-01-28T19:39:43.698999,INFO,payment,Request OK
2026-01-28T19:39:43.900644,INFO,search,Cache hit
2026-01-28T19:39:44.101734,INFO,payment,Request OK
2026-01-28T19:39:44.304090,INFO,auth,Cache hit
2026-01-28T19:39:44.504995,INFO,payment,Cache hit
2026-01-28T19:39:44.706329,INFO,auth,Request OK
2026-01-28T19:39:44.907706,INFO,search,Request OK
2026-01-28T19:39:45.108808,INFO,auth,Cache hit
2026-01-28T19:39:45.309739,INFO,orders,Cache hit
2026-01-28T19:39:45.510741,INFO,search,User login
2026-01-28T19:39:45.711826,INFO,auth,User login
2026-01-28T19:39:45.912409,ERROR,payment,Timeout
2026-01-28T19:39:46.113420,INFO,search,Request OK
2026-01-28T19:39:46.314870,INFO,search,User login
2026-01-28T19:39:46.515979,WARN,search,Cache hit
2026-01-28T19:39:46.716824,INFO,auth,Cache hit
2026-01-28T19:39:46.917675,INFO,payment,Request OK
2026-01-28T19:39:47.118476,INFO,payment,Cache hit
2026-01-28T19:39:47.319261,INFO,search,Request OK
2026-01-28T19:39:47.520116,INFO,orders,User login
2026-01-28T19:39:47.721082,INFO,orders,Request OK
2026-01-28T19:39:47.921985,INFO,auth,Request OK
2026-01-28T19:39:48.123504,ERROR,search,Timeout
2026-01-28T19:39:48.324321,INFO,payment,User login
2026-01-28T19:39:48.525200,INFO,payment,Cache hit
2026-01-28T19:39:48.726159,INFO,search,Request OK
2026-01-28T19:39:48.927094,INFO,payment,Cache hit
2026-01-28T19:39:49.128263,INFO,auth,User login
2026-01-28T19:39:49.330614,INFO,orders,Cache hit
2026-01-28T19:39:49.531618,INFO,search,Request OK
2026-01-28T19:39:49.732924,INFO,payment,User login
2026-01-28T19:39:49.933759,INFO,search,Cache hit
2026-01-28T19:39:50.134695,INFO,search,Cache hit
2026-01-28T19:39:50.335779,INFO,payment,User login
2026-01-28T19:39:50.537030,ERROR,payment,Null pointer
2026-01-28T19:39:50.738073,INFO,payment,User login
2026-01-28T19:39:50.939305,INFO,orders,User login
2026-01-28T19:39:51.140883,INFO,orders,Request OK
2026-01-28T19:39:51.342404,INFO,search,Request OK
2026-01-28T19:39:51.543519,INFO,search,User login
2026-01-28T19:39:51.744393,INFO,orders,Cache hit
2026-01-28T19:39:51.945209,INFO,search,Cache hit
2026-01-28T19:39:52.146128,INFO,search,User login
2026-01-28T19:39:52.347568,INFO,orders,Cache hit
2026-01-28T19:39:52.548953,INFO,search,User login
2026-01-28T19:39:52.750008,INFO,auth,Request OK
2026-01-28T19:39:52.951049,INFO,payment,Request OK
2026-01-28T19:39:53.152159,INFO,auth,Request OK
2026-01-28T19:39:53.353725,INFO,search,Cache hit
2026-01-28T19:39:53.555104,INFO,orders,User login
2026-01-28T19:39:53.756311,INFO,search,User login
2026-01-28T19:39:53.957987,INFO,payment,Request OK
2026-01-28T19:39:54.159410,INFO,payment,Request OK
2026-01-28T19:39:54.362215,INFO,orders,User login
2026-01-28T19:39:54.563948,INFO,orders,Cache hit
2026-01-28T19:39:54.765937,INFO,orders,Request OK
2026-01-28T19:39:54.966798,INFO,payment,Cache hit
2026-01-28T19:39:55.167541,INFO,payment,User login
2026-01-28T19:39:55.368382,WARN,search,User login
2026-01-28T19:39:55.569450,INFO,search,User login
2026-01-28T19:39:55.770323,INFO,payment,Request OK
2026-01-28T19:39:55.971421,INFO,payment,Cache hit
2026-01-28T19:39:56.172335,INFO,auth,Request OK
2026-01-28T19:39:56.374330,ERROR,payment,Timeout
2026-01-28T19:39:56.575326,INFO,search,User login
2026-01-28T19:39:56.776483,INFO,auth,User login
2026-01-28T19:39:56.977684,INFO,auth,Request OK
2026-01-28T19:39:57.178917,INFO,auth,Request OK
2026-01-28T19:39:57.380163,INFO,auth,User login
2026-01-28T19:39:57.581606,INFO,orders,User login
2026-01-28T19:39:57.782565,INFO,auth,Request OK
2026-01-28T19:39:57.984873,INFO,payment,User login
2026-01-28T19:39:58.186075,INFO,payment,Request OK
2026-01-28T19:39:58.387546,INFO,search,Request OK
2026-01-28T19:39:58.588671,INFO,auth,Cache hit
2026-01-28T19:39:58.789867,WARN,payment,Request OK
2026-01-28T19:39:58.991357,INFO,orders,Cache hit
2026-01-28T19:39:59.192214,INFO,search,Cache hit
2026-01-28T19:39:59.392988,INFO,orders,Cache hit
2026-01-28T19:39:59.594401,INFO,payment,Cache hit
2026-01-28T19:39:59.795381,INFO,search,Cache hit
2026-01-28T19:39:59.996357,INFO,payment,Request OK
2026-01-28T19:40:00.197331,INFO,auth,User login
2026-01-28T19:40:00.398485,INFO,auth,User login
2026-01-28T19:40:00.599367,INFO,payment,Request OK
2026-01-28T19:40:00.800209,INFO,search,Request OK
2026-01-28T19:40:01.001331,INFO,payment,Request OK
2026-01-28T19:40:01.202698,INFO,search,User login
2026-01-28T19:40:01.403998,WARN,payment,Cache hit
2026-01-28T19:40:01.605417,WARN,search,Request OK
2026-01-28T19:40:01.806260,INFO,search,User login
2026-01-28T19:40:02.007576,INFO,payment,Cache hit
2026-01-28T19:40:02.208960,INFO,payment,Cache hit
2026-01-28T19:40:02.410286,INFO,orders,Cache hit
2026-01-28T19:40:02.611524,INFO,search,User login
2026-01-28T19:40:02.813016,INFO,payment,Request OK
2026-01-28T19:40:03.013950,ERROR,search,Null pointer
2026-01-28T19:40:03.214720,INFO,payment,User login
2026-01-28T19:40:03.415951,INFO,search,Cache hit
2026-01-28T19:40:03.616805,INFO,search,Request OK
2026-01-28T19:40:03.817859,INFO,payment,User login
2026-01-28T19:40:04.018646,INFO,auth,Request OK
2026-01-28T19:40:04.220023,WARN,payment,Request OK
2026-01-28T19:40:04.422429,INFO,auth,Request OK
2026-01-28T19:40:04.623240,INFO,search,User login
2026-01-28T19:40:04.824256,INFO,payment,Request OK
2026-01-28T19:40:05.025209,INFO,payment,Cache hit
2026-01-28T19:40:05.226402,INFO,auth,Cache hit
2026-01-28T19:40:05.427206,INFO,payment,Cache hit
2026-01-28T19:40:05.628473,INFO,search,Request OK
2026-01-28T19:40:05.829342,INFO,auth,Cache hit
2026-01-28T19:40:06.030959,WARN,auth,Request OK
2026-01-28T19:40:06.231763,INFO,search,Request OK
2026-01-28T19:40:06.432518,ERROR,orders,Null pointer
2026-01-28T19:40:06.633367,INFO,orders,Cache hit
2026-01-28T19:40:06.834301,INFO,orders,Cache hit
2026-01-28T19:40:07.035087,INFO,search,Cache hit
2026-01-28T19:40:07.236665,ERROR,auth,DB failure
2026-01-28T19:40:07.437866,WARN,search,Request OK
2026-01-28T19:40:07.639813,ERROR,search,DB failure
2026-01-28T19:40:07.841147,INFO,payment,User login
2026-01-28T19:40:08.042480,INFO,orders,Request OK
2026-01-28T19:40:08.243273,ERROR,auth,Timeout
2026-01-28T19:40:08.444117,INFO,auth,User login
2026-01-28T19:40:08.646117,INFO,search,Cache hit
2026-01-28T19:40:08.846933,INFO,search,User login
2026-01-28T19:40:09.047789,INFO,search,Cache hit
2026-01-28T19:40:09.249167,ERROR,auth,DB failure
2026-01-28T19:40:09.450001,INFO,orders,Request OK
2026-01-28T19:40:09.651014,INFO,auth,User login
2026-01-28T19:40:09.851825,INFO,orders,Request OK
2026-01-28T19:40:10.052881,WARN,orders,Request OK
2026-01-28T19:40:10.253457,INFO,payment,User login
2026-01-28T19:40:10.454279,INFO,orders,Request OK
2026-01-28T19:40:10.655647,INFO,payment,User login
2026-01-28T19:40:10.857051,INFO,search,User login
2026-01-28T19:40:11.058094,INFO,orders,Cache hit
2026-01-28T19:40:11.259056,INFO,orders,Cache hit
2026-01-28T19:40:11.459956,INFO,orders,Cache hit
2026-01-28T19:40:11.661373,WARN,payment,Cache hit
2026-01-28T19:40:11.862205,INFO,orders,User login
2026-01-28T19:40:12.063784,ERROR,auth,Null pointer
2026-01-28T19:40:12.264978,INFO,orders,User login
2026-01-28T19:40:12.465723,INFO,search,Cache hit
2026-01-28T19:40:12.667644,INFO,orders,User login
2026-01-28T19:40:12.868949,INFO,search,Request OK
2026-01-28T19:40:13.070054,INFO,orders,User login
2026-01-28T19:40:13.271526,INFO,payment,User login
2026-01-28T19:40:13.472265,INFO,payment,Request OK
2026-01-28T19:40:13.673254,INFO,orders,Request OK
2026-01-28T19:40:13.874515,INFO,payment,User login
2026-01-28T19:40:14.075537,INFO,auth,User login
2026-01-28T19:40:14.277170,INFO,search,Cache hit
2026-01-28T19:40:14.478487,WARN,auth,Cache hit
2026-01-28T19:40:14.680587,INFO,orders,User login
2026-01-28T19:40:14.881822,INFO,orders,Cache hit
2026-01-28T19:40:15.082704,INFO,auth,Cache hit
2026-01-28T19:40:15.284167,INFO,payment,User login
2026-01-28T19:40:15.486429,INFO,auth,User login
2026-01-28T19:40:15.688318,INFO,payment,Cache hit
2026-01-28T19:40:15.889200,INFO,payment,Cache hit
2026-01-28T19:40:16.089968,INFO,payment,Cache hit
2026-01-28T19:40:16.290726,INFO,auth,User login
2026-01-28T19:40:16.491482,INFO,auth,User login
2026-01-28T19:40:16.692796,INFO,orders,Cache hit
2026-01-28T19:40:16.894265,INFO,search,Cache hit
2026-01-28T19:40:17.096957,INFO,payment,Cache hit
2026-01-28T19:40:17.297960,INFO,search,User login
2026-01-28T19:40:17.499203,INFO,payment,Request OK
2026-01-28T19:40:17.701086,INFO,orders,Request OK
2026-01-28T19:40:17.902643,INFO,orders,Request OK
2026-01-28T19:40:18.104550,INFO,payment,Request OK
2026-01-28T19:40:18.305873,INFO,auth,Cache hit
2026-01-28T19:40:18.507230,INFO,search,Request OK
2026-01-28T19:40:18.708556,INFO,auth,User login
2026-01-28T19:40:18.910287,INFO,payment,Request OK
2026-01-28T19:40:19.112106,INFO,orders,Request OK
2026-01-28T19:40:19.315568,INFO,auth,Cache hit
2026-01-28T19:40:19.517010,INFO,orders,User login
2026-01-28T19:40:19.719009,INFO,payment,Request OK
2026-01-28T19:40:19.921103,INFO,auth,User login
2026-01-28T19:40:20.122342,INFO,orders,Request OK
2026-01-28T19:40:20.324447,INFO,auth,Cache hit
2026-01-28T19:40:20.526325,INFO,payment,User login
2026-01-28T19:40:20.728365,INFO,auth,Request OK
2026-01-28T19:40:20.930419,INFO,auth,User login
2026-01-28T19:40:21.131663,WARN,search,Cache hit
2026-01-28T19:40:21.332977,INFO,search,Request OK
2026-01-28T19:40:21.534070,ERROR,payment,Timeout
2026-01-28T19:40:21.735017,INFO,search,Request OK
2026-01-28T19:40:21.935888,WARN,auth,Request OK
2026-01-28T19:40:22.137254,INFO,search,Cache hit
2026-01-28T19:40:22.338428,INFO,auth,Cache hit
2026-01-28T19:40:22.541683,INFO,payment,User login
2026-01-28T19:40:22.742678,INFO,search,User login
2026-01-28T19:40:22.943858,INFO,payment,Cache hit
2026-01-28T19:40:23.146468,INFO,auth,Request OK
2026-01-28T19:40:23.349784,INFO,orders,Request OK
2026-01-28T19:40:23.550544,INFO,orders,Cache hit
2026-01-28T19:40:23.751775,INFO,search,User login
2026-01-28T19:40:23.952816,INFO,search,Request OK
2026-01-28T19:40:24.154092,INFO,search,User login
2026-01-28T19:40:24.355517,INFO,payment,Request OK
2026-01-28T19:40:24.556305,INFO,orders,User login
2026-01-28T19:40:24.757997,INFO,orders,Cache hit
2026-01-28T19:40:24.959067,INFO,auth,Request OK
2026-01-28T19:40:25.160143,ERROR,search,Timeout
2026-01-28T19:40:25.360961,INFO,orders,Request OK
2026-01-28T19:40:25.561692,INFO,search,Cache hit
2026-01-28T19:40:25.762624,ERROR,payment,DB failure
2026-01-28T19:40:25.964197,ERROR,payment,Null pointer
2026-01-28T19:40:26.165737,INFO,auth,User login
2026-01-28T19:40:26.366646,INFO,payment,Cache hit
2026-01-28T19:40:26.567334,ERROR,search,Null pointer
2026-01-28T19:40:26.768267,WARN,search,Request OK
2026-01-28T19:40:26.969570,INFO,payment,Cache hit
2026-01-28T19:40:27.170684,ERROR,orders,Timeout
2026-01-28T19:40:27.371817,WARN,orders,Request OK
2026-01-28T19:40:27.573836,INFO,search,Request OK
2026-01-28T19:40:27.774776,INFO,orders,Cache hit
2026-01-28T19:40:27.975830,INFO,auth,User login
2026-01-28T19:40:28.177451,INFO,payment,Cache hit
2026-01-28T19:40:28.378388,INFO,auth,User login
2026-01-28T19:40:28.579680,INFO,orders,Request OK
2026-01-28T19:40:28.780355,WARN,search,User login
2026-01-28T19:40:28.982169,INFO,orders,Cache hit
2026-01-28T19:40:29.183932,INFO,search,Cache hit
2026-01-28T19:40:29.384870,INFO,payment,Cache hit
2026-01-28T19:40:29.585980,INFO,orders,Request OK
2026-01-28T19:40:29.786912,INFO,payment,User login
2026-01-28T19:40:29.988053,INFO,orders,User login
2026-01-28T19:40:30.189414,WARN,search,User login
2026-01-28T19:40:30.391357,INFO,search,Cache hit
2026-01-28T19:40:30.592331,INFO,orders,Request OK
2026-01-28T19:40:30.793633,ERROR,search,Timeout
2026-01-28T19:40:30.994769,ERROR,payment,DB failure
2026-01-28T19:40:31.195778,INFO,search,Request OK
2026-01-28T19:40:31.396706,INFO,orders,Request OK
2026-01-28T19:40:31.597867,INFO,payment,User login
2026-01-28T19:40:31.799672,INFO,search,Cache hit
2026-01-28T19:40:32.001116,INFO,payment,Request OK
2026-01-28T19:40:32.202188,INFO,auth,Cache hit
2026-01-28T19:40:32.403386,INFO,payment,User login
2026-01-28T19:40:32.604381,INFO,orders,Cache hit
2026-01-28T19:40:32.805445,INFO,search,Request OK
2026-01-28T19:40:33.006831,INFO,auth,User login
2026-01-28T19:40:33.207882,INFO,search,User login
2026-01-28T19:40:33.409343,INFO,payment,User login
2026-01-28T19:40:33.610731,INFO,auth,Cache hit
2026-01-28T19:40:33.811805,INFO,orders,User login
2026-01-28T19:40:34.012870,INFO,search,Request OK
2026-01-28T19:40:34.214046,INFO,auth,Request OK
2026-01-28T19:40:34.415044,INFO,search,User login
2026-01-28T19:40:34.615851,INFO,auth,User login
2026-01-28T19:40:34.816948,INFO,payment,User login
2026-01-28T19:40:35.018704,INFO,orders,Cache hit
2026-01-28T19:40:35.219986,INFO,search,Cache hit
2026-01-28T19:40:35.420962,INFO,search,Cache hit
2026-01-28T19:40:35.621720,ERROR,payment,DB failure
2026-01-28T19:40:35.822434,INFO,auth,Request OK
2026-01-28T19:40:36.023442,INFO,payment,Cache hit
2026-01-28T19:40:36.224638,INFO,search,User login
2026-01-28T19:40:36.425958,INFO,orders,Request OK
2026-01-28T19:40:36.628042,INFO,orders,Request OK
2026-01-28T19:40:36.829102,INFO,search,Cache hit
2026-01-28T19:40:37.030031,INFO,search,User login
2026-01-28T19:40:37.231012,ERROR,auth,Null pointer
2026-01-28T19:40:37.431940,INFO,auth,Request OK
2026-01-28T19:40:37.633331,INFO,auth,User login
2026-01-28T19:40:37.834790,WARN,search,Request OK
2026-01-28T19:40:38.035757,INFO,auth,User login
2026-01-28T19:40:38.236978,INFO,auth,User login
2026-01-28T19:40:38.437913,INFO,auth,User login
2026-01-28T19:40:38.638989,INFO,payment,Cache hit
2026-01-28T19:40:38.840072,WARN,orders,Cache hit
2026-01-28T19:40:39.040747,INFO,orders,User login
2026-01-28T19:40:39.242152,INFO,auth,Cache hit
2026-01-28T19:40:39.443179,WARN,payment,Cache hit
2026-01-28T19:40:39.644929,INFO,orders,User login
2026-01-28T19:40:39.847636,ERROR,orders,DB failure
2026-01-28T19:40:40.048657,WARN,payment,Request OK
2026-01-28T19:40:40.249810,WARN,payment,User login
2026-01-28T19:40:40.450990,INFO,auth,Cache hit
2026-01-28T19:40:40.652588,INFO,orders,Request OK
2026-01-28T19:40:40.853548,WARN,orders,Cache hit
2026-01-28T19:40:41.055829,INFO,payment,Cache hit
2026-01-28T19:40:41.259142,WARN,auth,Request OK
2026-01-28T19:40:41.460048,INFO,payment,User login
2026-01-28T19:40:41.660877,INFO,orders,Request OK
2026-01-28T19:40:41.862862,INFO,search,Cache hit
2026-01-28T19:40:42.064370,INFO,search,Cache hit
2026-01-28T19:40:42.265140,INFO,orders,Cache hit
2026-01-28T19:40:42.466075,INFO,orders,User login
2026-01-28T19:40:42.668240,INFO,orders,Cache hit
2026-01-28T19:40:42.869498,INFO,search,Cache hit
2026-01-28T19:40:43.071126,INFO,search,User login
2026-01-28T19:40:43.272219,INFO,payment,User login
2026-01-28T19:40:43.473195,INFO,search,Cache hit
2026-01-28T19:40:43.675516,INFO,orders,User login
2026-01-28T19:40:43.877157,INFO,auth,Request OK
2026-01-28T19:40:44.078345,INFO,orders,Request OK
2026-01-28T19:40:44.280905,INFO,payment,Cache hit
2026-01-28T19:40:44.481733,INFO,auth,Request OK
2026-01-28T19:40:44.682980,WARN,orders,Cache hit
2026-01-28T19:40:44.884368,INFO,search,User login
2026-01-28T19:40:45.085704,INFO,auth,Cache hit
2026-01-28T19:40:45.287760,INFO,orders,User login
2026-01-28T19:40:45.489710,INFO,auth,Cache hit
2026-01-28T19:40:45.698408,INFO,search,User login
2026-01-28T19:40:45.899815,INFO,search,User login
2026-01-28T19:40:46.101390,INFO,auth,Request OK
2026-01-28T19:40:46.302846,WARN,search,Request OK
2026-01-28T19:40:46.503840,INFO,orders,Cache hit
2026-01-28T19:40:46.704721,INFO,orders,Request OK
2026-01-28T19:40:46.905769,INFO,payment,User login
2026-01-28T19:40:47.106735,INFO,auth,Cache hit
2026-01-28T19:40:47.310208,INFO,payment,Request OK
2026-01-28T19:40:47.511374,ERROR,auth,DB failure
2026-01-28T19:40:47.712333,INFO,payment,Request OK
2026-01-28T19:40:47.912992,INFO,auth,Request OK
2026-01-28T19:40:48.114043,INFO,auth,Request OK
2026-01-28T19:40:48.315228,INFO,payment,Request OK
2026-01-28T19:40:48.516307,INFO,search,Cache hit
2026-01-28T19:40:48.717628,INFO,search,Cache hit
2026-01-28T19:40:48.918972,WARN,orders,Cache hit
2026-01-28T19:40:49.119765,ERROR,orders,Timeout
2026-01-28T19:40:49.320493,INFO,search,Request OK
2026-01-28T19:40:49.521488,INFO,orders,Request OK
2026-01-28T19:40:49.722534,INFO,orders,Cache hit
2026-01-28T19:40:49.924360,INFO,orders,User login
2026-01-28T19:40:50.125666,INFO,search,Cache hit
2026-01-28T19:40:50.327578,INFO,auth,Cache hit
2026-01-28T19:40:50.528374,INFO,payment,User login
2026-01-28T19:40:50.772082,INFO,search,Cache hit
2026-01-28T19:40:50.973306,INFO,payment,User login
2026-01-28T19:40:51.174624,INFO,auth,Request OK
2026-01-28T19:40:51.375407,INFO,payment,Cache hit
2026-01-28T19:40:51.576469,INFO,auth,Cache hit
2026-01-28T19:40:51.777819,ERROR,payment,Null pointer
2026-01-28T19:40:51.979181,INFO,orders,Request OK
2026-01-28T19:40:52.179965,INFO,search,Cache hit
2026-01-28T19:40:52.381026,WARN,search,Request OK
2026-01-28T19:40:52.582480,INFO,payment,Request OK
2026-01-28T19:40:52.783988,INFO,search,Request OK
2026-01-28T19:40:52.988642,INFO,search,Cache hit
2026-01-28T19:40:53.196329,INFO,search,Request OK
2026-01-28T19:40:53.398176,INFO,orders,Cache hit
2026-01-28T19:40:53.600396,INFO,orders,User login
2026-01-28T19:40:53.802043,INFO,orders,Request OK
2026-01-28T19:40:54.004643,INFO,auth,Cache hit
2026-01-28T19:40:54.207298,INFO,payment,User login
2026-01-28T19:40:54.409927,INFO,auth,Request OK
2026-01-28T19:40:54.611523,INFO,auth,Cache hit
2026-01-28T19:40:54.814191,INFO,auth,Request OK
2026-01-28T19:40:55.015976,INFO,auth,User login
2026-01-28T19:40:55.217547,INFO,payment,User login
2026-01-28T19:40:55.419709,INFO,search,User login
2026-01-28T19:40:55.620888,INFO,auth,User login
2026-01-28T19:40:55.826360,ERROR,auth,Timeout
2026-01-28T19:40:56.027425,INFO,payment,Cache hit
2026-01-28T19:40:56.228620,INFO,auth,Request OK
2026-01-28T19:40:56.429648,INFO,auth,Cache hit
2026-01-28T19:40:56.630494,INFO,orders,User login
2026-01-28T19:40:56.831604,INFO,payment,Request OK
2026-01-28T19:40:57.033938,INFO,search,Cache hit
2026-01-28T19:40:57.236206,INFO,orders,Cache hit
2026-01-28T19:40:57.437663,INFO,auth,Cache hit
2026-01-28T19:40:57.639734,INFO,search,Request OK
2026-01-28T19:40:57.842713,INFO,payment,Cache hit
2026-01-28T19:40:58.043825,INFO,orders,Cache hit
2026-01-28T19:40:58.245499,INFO,orders,User login
2026-01-28T19:40:58.447203,INFO,payment,User login
2026-01-28T19:40:58.649958,INFO,payment,User login
2026-01-28T19:40:58.851429,INFO,search,Cache hit
2026-01-28T19:40:59.052694,INFO,payment,Request OK
2026-01-28T19:40:59.253506,INFO,auth,Request OK
2026-01-28T19:40:59.454786,INFO,search,Cache hit
2026-01-28T19:40:59.655725,INFO,search,Request OK
2026-01-28T19:40:59.857989,INFO,payment,User login
2026-01-28T19:41:00.092026,WARN,payment,Request OK
2026-01-28T19:41:00.292912,INFO,payment,Request OK
2026-01-28T19:41:00.494085,INFO,search,Request OK
2026-01-28T19:41:00.695006,ERROR,auth,DB failure
2026-01-28T19:41:00.896257,INFO,orders,Cache hit
2026-01-28T19:41:01.097445,INFO,orders,Cache hit
2026-01-28T19:41:01.299170,INFO,orders,User login
2026-01-28T19:41:01.499940,WARN,payment,Request OK
2026-01-28T19:41:01.700660,INFO,search,User login
2026-01-28T19:41:01.902143,INFO,payment,Cache hit
2026-01-28T19:41:02.102969,WARN,orders,User login
2026-01-28T19:41:02.304267,INFO,auth,User login
2026-01-28T19:41:02.505363,INFO,orders,User login
2026-01-28T19:41:02.706938,INFO,auth,Cache hit
2026-01-28T19:41:02.907777,INFO,search,Cache hit
2026-01-28T19:41:03.108485,INFO,auth,User login
2026-01-28T19:41:03.309288,INFO,search,User login
2026-01-28T19:41:03.510393,INFO,payment,User login
2026-01-28T19:41:03.711280,INFO,payment,Request OK
2026-01-28T19:41:03.912011,INFO,search,User login
2026-01-28T19:41:04.113410,INFO,search,Request OK
2026-01-28T19:41:04.314632,INFO,payment,User login
2026-01-28T19:41:04.515767,INFO,search,User login
2026-01-28T19:41:04.717144,INFO,search,Cache hit
2026-01-28T19:41:04.918233,INFO,auth,Request OK
2026-01-28T19:41:05.119403,INFO,auth,Cache hit
2026-01-28T19:41:05.320673,INFO,auth,Cache hit
2026-01-28T19:41:05.525763,INFO,payment,Cache hit
2026-01-28T19:41:05.726719,INFO,search,User login
2026-01-28T19:41:05.927484,INFO,orders,Request OK
2026-01-28T19:41:06.128366,INFO,auth,User login
2026-01-28T19:41:06.329187,INFO,payment,User login
2026-01-28T19:41:06.530326,INFO,auth,User login
2026-01-28T19:41:06.731837,INFO,orders,Cache hit
2026-01-28T19:41:06.934760,INFO,payment,User login
2026-01-28T19:41:07.135605,INFO,auth,Request OK
2026-01-28T19:41:07.336435,INFO,payment,User login
2026-01-28T19:41:07.537317,INFO,orders,Cache hit
2026-01-28T19:41:07.738292,INFO,payment,Request OK
2026-01-28T19:41:07.939452,WARN,payment,User login
2026-01-28T19:41:08.140947,INFO,search,User login
2026-01-28T19:41:08.342236,INFO,payment,Cache hit
2026-01-28T19:41:08.543215,INFO,orders,Cache hit
2026-01-28T19:41:08.744463,INFO,auth,Request OK
2026-01-28T19:41:08.945360,INFO,orders,User login
2026-01-28T19:41:09.145982,INFO,payment,Cache hit
2026-01-28T19:41:09.346911,INFO,search,User login
2026-01-28T19:41:09.547850,INFO,payment,Cache hit
2026-01-28T19:41:09.749232,WARN,payment,User login
2026-01-28T19:41:09.950223,INFO,search,User login
2026-01-28T19:41:10.150972,INFO,auth,Request OK
2026-01-28T19:41:10.351619,INFO,search,Cache hit
2026-01-28T19:41:10.552733,ERROR,search,Timeout
2026-01-28T19:41:10.754090,INFO,auth,Cache hit
2026-01-28T19:41:10.955530,WARN,payment,Cache hit
2026-01-28T19:41:11.157277,INFO,orders,Request OK
2026-01-28T19:41:11.360992,WARN,search,User login
2026-01-28T19:41:11.561860,INFO,payment,Cache hit
2026-01-28T19:41:11.763086,WARN,payment,Cache hit
2026-01-28T19:41:11.964378,INFO,payment,Request OK
2026-01-28T19:41:12.165846,INFO,orders,Request OK
2026-01-28T19:41:12.367026,ERROR,orders,Null pointer
2026-01-28T19:41:12.568638,INFO,payment,Request OK
2026-01-28T19:41:12.770380,INFO,orders,User login
2026-01-28T19:41:12.971805,WARN,payment,Request OK
2026-01-28T19:41:13.173109,INFO,orders,User login
2026-01-28T19:41:13.373977,INFO,auth,User login
2026-01-28T19:41:13.575506,INFO,orders,Cache hit
2026-01-28T19:41:13.776592,INFO,auth,User login
2026-01-28T19:41:13.977616,INFO,orders,Cache hit
2026-01-28T19:41:14.179312,INFO,orders,Cache hit
2026-01-28T19:41:14.380497,INFO,search,Cache hit
2026-01-28T19:41:14.582171,ERROR,payment,Timeout
2026-01-28T19:41:14.783576,INFO,search,Cache hit
2026-01-28T19:41:14.984899,INFO,search,Request OK
2026-01-28T19:41:15.186161,WARN,search,User login
2026-01-28T19:41:15.387286,INFO,orders,Request OK
2026-01-28T19:41:15.589101,INFO,search,Cache hit
2026-01-28T19:41:15.790013,INFO,payment,Request OK
2026-01-28T19:41:15.991384,INFO,search,User login
2026-01-28T19:41:16.192507,ERROR,payment,Null pointer
2026-01-28T19:41:16.393270,ERROR,auth,Timeout
2026-01-28T19:41:16.594494,INFO,search,Cache hit
2026-01-28T19:41:16.796432,INFO,payment,User login
2026-01-28T19:41:16.997955,INFO,payment,Request OK
2026-01-28T19:41:17.199005,INFO,auth,Cache hit
2026-01-28T19:41:17.399923,INFO,auth,Request OK
2026-01-28T19:41:17.600912,INFO,search,Cache hit
2026-01-28T19:41:17.802292,INFO,orders,Request OK
2026-01-28T19:41:18.003475,WARN,search,Cache hit
2026-01-28T19:41:18.207370,INFO,orders,Cache hit
2026-01-28T19:41:18.411616,WARN,search,Request OK
2026-01-28T19:41:18.613820,INFO,payment,Request OK
2026-01-28T19:41:18.814814,INFO,auth,Cache hit
2026-01-28T19:41:19.015866,ERROR,auth,Null pointer
2026-01-28T19:41:19.216797,INFO,payment,Request OK
2026-01-28T19:41:19.418172,INFO,auth,Cache hit
2026-01-28T19:41:19.620502,ERROR,auth,Null pointer
2026-01-28T19:41:19.822336,INFO,orders,Request OK
2026-01-28T19:41:20.023414,WARN,auth,Cache hit
2026-01-28T19:41:20.224470,ERROR,payment,Timeout
2026-01-28T19:41:20.425528,INFO,payment,Cache hit
2026-01-28T19:41:20.626956,INFO,orders,Request OK
2026-01-28T19:41:20.827754,INFO,auth,Cache hit
2026-01-28T19:41:21.029619,INFO,auth,User login
2026-01-28T19:41:21.231165,INFO,payment,Request OK
2026-01-28T19:41:21.432795,INFO,search,User login
2026-01-28T19:41:21.634295,INFO,orders,Cache hit
2026-01-28T19:41:21.835434,INFO,auth,Request OK
2026-01-28T19:41:22.037128,INFO,payment,Cache hit
2026-01-28T19:41:22.238751,ERROR,search,DB failure
2026-01-28T19:41:22.442068,INFO,payment,Cache hit
2026-01-28T19:41:22.645413,INFO,search,Cache hit
2026-01-28T19:41:22.846904,INFO,orders,User login
2026-01-28T19:41:23.047961,INFO,orders,User login
2026-01-28T19:41:23.249128,INFO,search,Cache hit
2026-01-28T19:41:23.450230,INFO,search,Cache hit
2026-01-28T19:41:23.650895,WARN,payment,Cache hit
2026-01-28T19:41:23.853162,INFO,auth,Cache hit
2026-01-28T19:41:24.054614,INFO,orders,Cache hit
2026-01-28T19:41:24.255493,INFO,payment,User login
2026-01-28T19:41:24.456702,WARN,search,User login
2026-01-28T19:41:24.658175,WARN,search,User login
2026-01-28T19:41:24.859541,INFO,payment,Cache hit
2026-01-28T19:41:25.060924,INFO,orders,User login
2026-01-28T19:41:25.262343,WARN,auth,Request OK
2026-01-28T19:41:25.464089,ERROR,orders,Null pointer
2026-01-28T19:41:25.665369,INFO,orders,User login
2026-01-28T19:41:25.866475,INFO,payment,User login
2026-01-28T19:41:26.067487,INFO,auth,Cache hit
2026-01-28T19:41:26.270200,INFO,auth,User login
2026-01-28T19:41:26.471155,INFO,orders,Request OK
2026-01-28T19:41:26.672072,WARN,auth,Request OK
2026-01-28T19:41:26.873676,INFO,search,User login
2026-01-28T19:41:27.075160,INFO,auth,User login
2026-01-28T19:41:27.276001,INFO,payment,Cache hit
2026-01-28T19:41:27.477033,INFO,orders,User login
2026-01-28T19:41:27.682945,INFO,search,Cache hit
2026-01-28T19:41:27.883742,INFO,auth,Request OK
2026-01-28T19:41:28.084704,INFO,search,User login
2026-01-28T19:41:28.286972,INFO,auth,Cache hit
2026-01-28T19:41:28.487989,INFO,orders,User login
2026-01-28T19:41:28.689101,INFO,auth,Cache hit
2026-01-28T19:41:28.890577,INFO,auth,Request OK
2026-01-28T19:41:29.091856,ERROR,auth,DB failure
2026-01-28T19:41:29.293409,INFO,payment,Request OK
2026-01-28T19:41:29.494531,INFO,auth,Request OK
2026-01-28T19:41:29.695800,INFO,orders,Cache hit
2026-01-28T19:41:29.897165,WARN,search,Cache hit
2026-01-28T19:41:30.097857,ERROR,search,DB failure
2026-01-28T19:41:30.299026,WARN,orders,Cache hit
2026-01-28T19:41:30.499887,INFO,auth,Cache hit
2026-01-28T19:41:30.700964,ERROR,search,DB failure
2026-01-28T19:41:30.902152,INFO,payment,Request OK
2026-01-28T19:41:31.103164,INFO,search,Request OK
2026-01-28T19:41:31.304588,ERROR,payment,Timeout
2026-01-28T19:41:31.505789,INFO,payment,User login
2026-01-28T19:41:31.719965,INFO,payment,User login
2026-01-28T19:41:31.921397,INFO,orders,User login
2026-01-28T19:41:32.122192,INFO,search,Request OK
2026-01-28T19:41:32.323177,INFO,search,Cache hit
2026-01-28T19:41:32.524353,WARN,search,Request OK
2026-01-28T19:41:32.726018,WARN,auth,User login
2026-01-28T19:41:32.927720,INFO,orders,Cache hit
2026-01-28T19:41:33.128607,WARN,auth,Request OK
2026-01-28T19:41:33.329755,INFO,payment,Request OK
2026-01-28T19:41:33.530538,INFO,search,User login
2026-01-28T19:41:33.731535,INFO,payment,Cache hit
2026-01-28T19:41:33.932194,WARN,orders,User login
2026-01-28T19:41:34.134020,INFO,orders,Cache hit
2026-01-28T19:41:34.335058,INFO,orders,User login
2026-01-28T19:41:34.536122,INFO,orders,User login
2026-01-28T19:41:34.737634,INFO,search,Request OK
2026-01-28T19:41:34.938611,INFO,search,User login
2026-01-28T19:41:35.139676,INFO,payment,Request OK
2026-01-28T19:41:35.340994,INFO,auth,Cache hit
2026-01-28T19:41:35.542508,INFO,payment,Request OK
2026-01-28T19:41:35.743586,INFO,search,Cache hit
2026-01-28T19:41:35.944718,INFO,auth,User login
2026-01-28T19:41:36.145780,INFO,auth,Request OK
2026-01-28T19:41:36.346751,INFO,search,Cache hit
2026-01-28T19:41:36.547821,INFO,orders,Request OK
2026-01-28T19:41:36.748936,INFO,search,Cache hit
2026-01-28T19:41:36.950941,INFO,search,Request OK
2026-01-28T19:41:37.161755,INFO,auth,Request OK
2026-01-28T19:41:37.363163,INFO,payment,Cache hit
2026-01-28T19:41:37.564505,INFO,auth,Request OK
2026-01-28T19:41:37.765558,WARN,orders,User login
2026-01-28T19:41:37.966279,INFO,payment,User login
2026-01-28T19:41:38.167021,INFO,orders,Cache hit
2026-01-28T19:41:38.368150,ERROR,auth,Timeout
2026-01-28T19:41:38.569616,ERROR,payment,Null pointer
2026-01-28T19:41:38.770445,INFO,search,Request OK
2026-01-28T19:41:38.971611,INFO,search,Cache hit
2026-01-28T19:41:39.172617,WARN,search,Cache hit
2026-01-28T19:41:39.373753,INFO,orders,Cache hit
2026-01-28T19:41:39.574728,INFO,orders,Request OK
2026-01-28T19:41:39.775992,INFO,payment,Cache hit
2026-01-28T19:41:39.978252,INFO,orders,User login
2026-01-28T19:41:40.179244,INFO,search,Cache hit
2026-01-28T19:41:40.380061,INFO,auth,User login
2026-01-28T19:41:40.580864,INFO,payment,Cache hit
2026-01-28T19:41:40.781818,INFO,auth,User login
2026-01-28T19:41:40.982836,INFO,payment,Cache hit
2026-01-28T19:41:41.184167,INFO,payment,Cache hit
2026-01-28T19:41:41.385914,INFO,payment,Cache hit
2026-01-28T19:41:41.587238,INFO,orders,Cache hit
2026-01-28T19:41:41.788178,INFO,payment,Request OK
2026-01-28T19:41:41.989550,INFO,search,User login
2026-01-28T19:41:42.190998,INFO,search,Request OK
2026-01-28T19:41:42.391743,INFO,auth,User login
2026-01-28T19:41:42.592645,INFO,payment,Cache hit
2026-01-28T19:41:42.793991,INFO,auth,User login
2026-01-28T19:41:42.994913,INFO,payment,User login
2026-01-28T19:41:43.195984,INFO,search,Cache hit
2026-01-28T19:41:43.396757,INFO,auth,Request OK
2026-01-28T19:41:43.597538,INFO,auth,User login
2026-01-28T19:41:43.798244,INFO,orders,User login
2026-01-28T19:41:43.999042,INFO,auth,Cache hit
2026-01-28T19:41:44.200560,INFO,orders,Cache hit
2026-01-28T19:41:44.402112,ERROR,search,Timeout
2026-01-28T19:41:44.603099,INFO,auth,Cache hit
2026-01-28T19:41:44.803896,INFO,payment,User login
2026-01-28T19:41:45.005008,ERROR,auth,Null pointer
2026-01-28T19:41:45.206110,INFO,payment,Cache hit
2026-01-28T19:41:45.407038,INFO,orders,Request OK
2026-01-28T19:41:45.611174,INFO,orders,User login
2026-01-28T19:41:45.812201,INFO,auth,User login
2026-01-28T19:41:46.013157,WARN,auth,User login
2026-01-28T19:41:46.214251,INFO,orders,User login
2026-01-28T19:41:46.415029,WARN,orders,Cache hit
2026-01-28T19:41:46.616018,INFO,search,User login
2026-01-28T19:41:46.817075,INFO,auth,User login
2026-01-28T19:41:47.018827,INFO,search,Request OK
2026-01-28T19:41:47.219937,INFO,search,Cache hit
2026-01-28T19:41:47.420823,INFO,search,Cache hit
2026-01-28T19:41:47.622199,WARN,auth,Cache hit
2026-01-28T19:41:47.823245,ERROR,orders,Null pointer
2026-01-28T19:41:48.024070,INFO,auth,Cache hit
2026-01-28T19:41:48.225428,ERROR,auth,Timeout
2026-01-28T19:41:48.427067,WARN,search,Request OK
2026-01-28T19:41:48.628327,ERROR,payment,Timeout
2026-01-28T19:41:48.829523,INFO,payment,Cache hit
2026-01-28T19:41:49.030730,INFO,search,User login
2026-01-28T19:41:49.232487,INFO,auth,Cache hit
2026-01-28T19:41:49.433497,INFO,payment,Request OK
2026-01-28T19:41:49.634479,INFO,auth,User login
2026-01-28T19:41:49.836065,INFO,payment,Request OK
2026-01-28T19:41:50.037673,ERROR,search,Timeout
2026-01-28T19:41:50.238911,WARN,auth,Request OK
2026-01-28T19:41:50.440035,INFO,search,Request OK
2026-01-28T19:41:50.641092,WARN,search,User login
2026-01-28T19:41:50.842594,WARN,payment,Request OK
2026-01-28T19:41:51.045010,INFO,payment,Request OK
2026-01-28T19:41:51.246380,INFO,orders,Request OK
2026-01-28T19:41:51.447223,INFO,search,User login
2026-01-28T19:41:51.649318,INFO,auth,Request OK
2026-01-28T19:41:51.850550,WARN,orders,Request OK
2026-01-28T19:41:52.051423,INFO,search,Request OK
2026-01-28T19:41:52.252483,INFO,orders,Request OK
2026-01-28T19:41:52.453421,INFO,search,Cache hit
2026-01-28T19:41:52.654454,WARN,search,Cache hit
2026-01-28T19:41:52.855422,INFO,search,User login
2026-01-28T19:41:53.056294,INFO,auth,Request OK
2026-01-28T19:41:53.257663,INFO,payment,User login
2026-01-28T19:41:53.459026,INFO,payment,User login
2026-01-28T19:41:53.659892,ERROR,orders,DB failure
2026-01-28T19:41:53.860880,INFO,search,Request OK
2026-01-28T19:41:54.062778,INFO,orders,Cache hit
2026-01-28T19:41:54.263810,WARN,search,User login
2026-01-28T19:41:54.464628,ERROR,payment,Timeout
2026-01-28T19:41:54.665590,INFO,payment,Cache hit
2026-01-28T19:41:54.866958,INFO,search,Cache hit
2026-01-28T19:41:55.068286,WARN,payment,Request OK
2026-01-28T19:41:55.269177,INFO,auth,Request OK
2026-01-28T19:41:55.470615,INFO,orders,Request OK
2026-01-28T19:41:55.671560,INFO,search,Cache hit
2026-01-28T19:41:55.872462,INFO,search,Cache hit
2026-01-28T19:41:56.073227,INFO,orders,Cache hit
2026-01-28T19:41:56.274440,ERROR,payment,Timeout
2026-01-28T19:41:56.475332,INFO,auth,Cache hit
2026-01-28T19:41:56.676189,INFO,orders,User login
2026-01-28T19:41:56.877250,INFO,orders,User login
2026-01-28T19:41:57.078816,INFO,payment,User login
2026-01-28T19:41:57.279940,INFO,auth,User login
2026-01-28T19:41:57.481299,ERROR,payment,Timeout
2026-01-28T19:41:57.682579,ERROR,orders,Timeout
2026-01-28T19:41:57.883952,ERROR,search,Timeout
2026-01-28T19:41:58.084881,INFO,search,User login
2026-01-28T19:41:58.286757,INFO,auth,Request OK
2026-01-28T19:41:58.488421,WARN,search,Cache hit
2026-01-28T19:41:58.689392,INFO,payment,User login
2026-01-28T19:41:58.890568,INFO,payment,Request OK
2026-01-28T19:41:59.091995,ERROR,orders,Timeout
2026-01-28T19:41:59.292793,INFO,orders,User login
2026-01-28T19:41:59.493798,INFO,search,Request OK
2026-01-28T19:41:59.694637,INFO,orders,User login
2026-01-28T19:41:59.895982,INFO,orders,User login
2026-01-28T19:42:00.097275,WARN,orders,User login
2026-01-28T19:42:00.298437,INFO,auth,Request OK
2026-01-28T19:42:00.499962,INFO,orders,Cache hit
2026-01-28T19:42:00.700926,ERROR,auth,Timeout
2026-01-28T19:42:00.902036,INFO,auth,Cache hit
2026-01-28T19:42:01.103106,INFO,auth,Cache hit
2026-01-28T19:42:01.304064,INFO,search,Cache hit
2026-01-28T19:42:01.505258,INFO,auth,Request OK
2026-01-28T19:42:01.706811,INFO,payment,Cache hit
2026-01-28T19:42:01.907733,INFO,auth,Request OK
2026-01-28T19:42:02.108710,INFO,auth,Cache hit
2026-01-28T19:42:02.309699,INFO,orders,Cache hit
2026-01-28T19:42:02.510729,ERROR,payment,Timeout
2026-01-28T19:42:02.711657,INFO,search,Cache hit
2026-01-28T19:42:02.912622,INFO,auth,Request OK
2026-01-28T19:42:03.113866,INFO,auth,User login
2026-01-28T19:42:03.315515,INFO,auth,User login
2026-01-28T19:42:03.516414,INFO,search,Cache hit
2026-01-28T19:42:03.717285,INFO,auth,Cache hit
2026-01-28T19:42:03.918723,INFO,orders,Cache hit
2026-01-28T19:42:04.119739,INFO,orders,Cache hit
2026-01-28T19:42:04.320718,INFO,payment,Cache hit
2026-01-28T19:42:04.521763,ERROR,payment,Timeout
2026-01-28T19:42:04.723677,INFO,auth,User login
2026-01-28T19:42:04.924757,INFO,auth,Request OK
2026-01-28T19:42:05.125574,INFO,payment,User login
2026-01-28T19:42:05.326516,INFO,search,Request OK
2026-01-28T19:42:05.527262,INFO,payment,Cache hit
2026-01-28T19:42:05.728194,INFO,payment,User login
2026-01-28T19:42:05.929321,INFO,payment,User login
2026-01-28T19:42:06.130910,INFO,orders,Cache hit
2026-01-28T19:42:06.332527,INFO,search,Request OK
2026-01-28T19:42:06.533739,INFO,orders,Cache hit
2026-01-28T19:42:06.734614,ERROR,payment,Null pointer
2026-01-28T19:42:06.935733,INFO,orders,User login
2026-01-28T19:42:07.136606,INFO,payment,Request OK
2026-01-28T19:42:07.337472,INFO,search,Request OK
2026-01-28T19:42:07.538261,INFO,auth,Request OK
2026-01-28T19:42:07.739506,INFO,orders,Request OK
2026-01-28T19:42:07.940692,INFO,search,User login
2026-01-28T19:42:08.142105,INFO,search,Request OK
2026-01-28T19:42:08.343396,INFO,payment,Cache hit
2026-01-28T19:42:08.544299,INFO,payment,Cache hit
2026-01-28T19:42:08.745284,INFO,orders,User login
2026-01-28T19:42:08.946222,INFO,orders,Cache hit
2026-01-28T19:42:09.147297,ERROR,search,DB failure
2026-01-28T19:42:09.348216,INFO,payment,User login
2026-01-28T19:42:09.549657,INFO,payment,Request OK
2026-01-28T19:42:09.750826,INFO,auth,User login
2026-01-28T19:42:09.951654,INFO,search,Cache hit
2026-01-28T19:42:10.152592,INFO,orders,Request OK
2026-01-28T19:42:10.353326,INFO,payment,Cache hit
2026-01-28T19:42:10.554965,INFO,orders,User login
2026-01-28T19:42:10.756304,INFO,orders,Request OK
2026-01-28T19:42:10.957477,INFO,search,Request OK
2026-01-28T19:42:11.158900,INFO,payment,Cache hit
2026-01-28T19:42:11.359697,INFO,payment,Cache hit
2026-01-28T19:42:11.560435,INFO,payment,Cache hit
2026-01-28T19:42:11.761269,INFO,payment,Request OK
2026-01-28T19:42:11.962392,INFO,payment,Cache hit
2026-01-28T19:42:12.163357,INFO,auth,User login
2026-01-28T19:42:12.364556,INFO,auth,User login
2026-01-28T19:42:12.565695,INFO,auth,Cache hit
2026-01-28T19:42:12.766835,INFO,payment,Request OK
2026-01-28T19:42:12.967850,INFO,orders,Cache hit
2026-01-28T19:42:13.168728,ERROR,payment,Timeout
2026-01-28T19:42:13.369394,INFO,search,Cache hit
2026-01-28T19:42:13.570324,INFO,orders,Cache hit
2026-01-28T19:42:13.771745,INFO,auth,User login
2026-01-28T19:42:13.973707,INFO,payment,User login
2026-01-28T19:42:14.174648,INFO,auth,Cache hit
2026-01-28T19:42:14.375716,INFO,search,User login
2026-01-28T19:42:14.576616,INFO,payment,User login
2026-01-28T19:42:14.777504,ERROR,search,Null pointer
2026-01-28T19:42:14.978465,INFO,auth,Cache hit
2026-01-28T19:42:15.179573,INFO,search,Cache hit
2026-01-28T19:42:15.381342,INFO,payment,User login
2026-01-28T19:42:15.582192,INFO,auth,Cache hit
2026-01-28T19:42:15.783090,INFO,payment,Cache hit
2026-01-28T19:42:15.984338,INFO,payment,User login
2026-01-28T19:42:16.185367,INFO,search,Request OK
2026-01-28T19:42:16.386516,INFO,search,Cache hit
2026-01-28T19:42:16.587963,INFO,payment,Request OK
2026-01-28T19:42:16.789282,INFO,auth,Request OK
2026-01-28T19:42:16.990508,INFO,search,User login
2026-01-28T19:42:17.191663,ERROR,orders,Null pointer
2026-01-28T19:42:17.392480,INFO,search,User login
2026-01-28T19:42:17.593956,WARN,search,Cache hit
2026-01-28T19:42:17.794592,WARN,auth,User login
2026-01-28T19:42:17.995603,INFO,auth,User login
2026-01-28T19:42:18.197253,INFO,search,User login
2026-01-28T19:42:18.399241,ERROR,search,Timeout
2026-01-28T19:42:18.600851,INFO,orders,Request OK
2026-01-28T19:42:18.801779,INFO,search,Request OK
2026-01-28T19:42:19.002725,INFO,orders,Request OK
2026-01-28T19:42:19.203939,INFO,auth,Cache hit
2026-01-28T19:42:19.404872,ERROR,auth,DB failure
2026-01-28T19:42:19.605813,INFO,orders,Request OK
2026-01-28T19:42:19.807480,INFO,auth,Request OK
2026-01-28T19:42:20.008494,INFO,orders,Request OK
2026-01-28T19:42:20.209146,INFO,payment,Request OK
2026-01-28T19:42:20.410208,INFO,search,Cache hit
2026-01-28T19:42:20.611184,WARN,orders,Request OK
2026-01-28T19:42:20.811972,INFO,search,Cache hit
2026-01-28T19:42:21.013460,ERROR,search,Timeout
2026-01-28T19:42:21.214701,INFO,search,Cache hit
2026-01-28T19:42:21.415741,INFO,auth,Cache hit
2026-01-28T19:42:21.617173,INFO,search,User login
2026-01-28T19:42:21.818374,INFO,auth,User login
2026-01-28T19:42:22.018992,INFO,orders,User login
2026-01-28T19:42:22.219876,INFO,payment,Request OK
2026-01-28T19:42:22.420976,INFO,payment,Request OK
2026-01-28T19:42:22.622318,INFO,orders,Request OK
2026-01-28T19:42:22.823188,ERROR,orders,DB failure
2026-01-28T19:42:23.024233,INFO,auth,Cache hit
2026-01-28T19:42:23.225140,WARN,auth,Cache hit
2026-01-28T19:42:23.426239,INFO,orders,User login
2026-01-28T19:42:23.627317,INFO,orders,Request OK
2026-01-28T19:42:23.828810,INFO,search,Cache hit
2026-01-28T19:42:24.030442,INFO,search,User login
2026-01-28T19:42:24.232652,INFO,payment,Request OK
2026-01-28T19:42:24.433615,INFO,auth,Cache hit
2026-01-28T19:42:24.634525,INFO,payment,Cache hit
2026-01-28T19:42:24.835846,ERROR,payment,Timeout
2026-01-28T19:42:25.036924,INFO,payment,Cache hit
2026-01-28T19:42:25.238266,ERROR,search,Timeout
2026-01-28T19:42:25.439741,WARN,auth,Request OK
2026-01-28T19:42:25.642284,ERROR,orders,Null pointer
2026-01-28T19:42:25.843936,INFO,auth,Request OK
2026-01-28T19:42:26.045469,INFO,payment,User login
2026-01-28T19:42:26.248893,INFO,search,Request OK
2026-01-28T19:42:26.450186,INFO,payment,User login
2026-01-28T19:42:26.652459,ERROR,search,Null pointer
2026-01-28T19:42:26.854351,INFO,search,Request OK
2026-01-28T19:42:27.056485,INFO,search,Request OK
2026-01-28T19:42:27.257733,INFO,payment,Request OK
2026-01-28T19:42:27.458912,INFO,orders,User login
2026-01-28T19:42:27.660380,INFO,search,Request OK
2026-01-28T19:42:27.864244,INFO,orders,Cache hit
2026-01-28T19:42:28.065962,INFO,auth,User login
2026-01-28T19:42:28.266946,ERROR,payment,Null pointer
2026-01-28T19:42:28.468740,WARN,orders,Request OK
2026-01-28T19:42:28.670894,INFO,orders,User login
2026-01-28T19:42:28.872802,ERROR,search,Null pointer
2026-01-28T19:42:29.074488,INFO,auth,User login
2026-01-28T19:42:29.275554,WARN,auth,Request OK
2026-01-28T19:42:29.476865,INFO,orders,Cache hit
2026-01-28T19:42:29.679045,INFO,auth,Request OK
2026-01-28T19:42:29.882123,INFO,search,Cache hit
2026-01-28T19:42:30.084335,ERROR,auth,Timeout
2026-01-28T19:42:30.285572,INFO,auth,User login
2026-01-28T19:42:30.487489,ERROR,search,Null pointer
2026-01-28T19:42:30.689051,INFO,auth,Request OK
2026-01-28T19:42:30.889996,INFO,payment,User login
2026-01-28T19:42:31.091098,INFO,payment,Cache hit
2026-01-28T19:42:31.292203,INFO,payment,Request OK
2026-01-28T19:42:31.493967,INFO,orders,Cache hit
2026-01-28T19:42:31.695567,INFO,payment,User login
2026-01-28T19:42:31.897005,INFO,auth,Cache hit
2026-01-28T19:42:32.105292,ERROR,auth,Timeout
2026-01-28T19:42:32.313647,WARN,auth,Request OK
2026-01-28T19:42:32.517280,WARN,orders,User login
2026-01-28T19:42:32.720066,INFO,orders,User login
2026-01-28T19:42:32.921358,INFO,orders,Request OK
2026-01-28T19:42:33.122599,INFO,payment,User login
2026-01-28T19:42:33.323626,INFO,auth,User login
2026-01-28T19:42:33.525249,ERROR,payment,DB failure
2026-01-28T19:42:33.726782,INFO,auth,Cache hit
2026-01-28T19:42:33.927973,INFO,orders,User login
2026-01-28T19:42:34.128979,ERROR,auth,Null pointer
2026-01-28T19:42:34.329661,INFO,payment,User login
2026-01-28T19:42:34.530349,INFO,orders,User login
2026-01-28T19:42:34.731496,INFO,orders,Cache hit
2026-01-28T19:42:34.932699,INFO,auth,User login
2026-01-28T19:42:35.133854,INFO,orders,Request OK
2026-01-28T19:42:35.334898,INFO,auth,Cache hit
2026-01-28T19:42:35.536267,INFO,auth,Request OK
2026-01-28T19:42:35.737507,INFO,orders,User login
2026-01-28T19:42:35.939095,INFO,auth,Request OK
2026-01-28T19:42:36.140010,INFO,auth,Request OK
2026-01-28T19:42:36.340823,INFO,payment,User login
2026-01-28T19:42:36.541623,INFO,search,Request OK
2026-01-28T19:42:36.742541,WARN,payment,Request OK
2026-01-28T19:42:36.943501,INFO,orders,Request OK
2026-01-28T19:42:37.144549,INFO,payment,Request OK
2026-01-28T19:42:37.346306,ERROR,auth,Null pointer
2026-01-28T19:42:37.547419,INFO,search,Request OK
2026-01-28T19:42:37.748204,ERROR,search,Timeout
2026-01-28T19:42:37.949044,INFO,auth,Cache hit
2026-01-28T19:42:38.149843,INFO,payment,User login
2026-01-28T19:42:38.350929,INFO,auth,Cache hit
2026-01-28T19:42:38.552727,INFO,orders,User login
2026-01-28T19:42:38.754333,INFO,search,User login
2026-01-28T19:42:38.955273,INFO,auth,Request OK
2026-01-28T19:42:39.156615,INFO,orders,User login
2026-01-28T19:42:39.357793,INFO,payment,User login
2026-01-28T19:42:39.559046,INFO,payment,Cache hit
2026-01-28T19:42:39.760421,INFO,orders,Cache hit
2026-01-28T19:42:39.961597,WARN,auth,Request OK
2026-01-28T19:42:40.163069,INFO,orders,Cache hit
2026-01-28T19:42:40.364080,INFO,search,Request OK
2026-01-28T19:42:40.565000,INFO,search,Cache hit
2026-01-28T19:42:40.765858,WARN,auth,Request OK
2026-01-28T19:42:40.966725,INFO,orders,User login
2026-01-28T19:42:41.168095,INFO,payment,Request OK
2026-01-28T19:42:41.368992,INFO,orders,User login
2026-01-28T19:42:41.570368,ERROR,payment,DB failure
2026-01-28T19:42:41.771232,INFO,search,User login
2026-01-28T19:42:41.972413,INFO,orders,User login
2026-01-28T19:42:42.173563,INFO,search,Request OK
2026-01-28T19:42:42.374339,INFO,orders,Cache hit
2026-01-28T19:42:42.575135,INFO,payment,Cache hit
2026-01-28T19:42:42.776269,INFO,search,User login
2026-01-28T19:42:42.977420,INFO,payment,User login
2026-01-28T19:42:43.178752,INFO,auth,User login
2026-01-28T19:42:43.379505,INFO,search,Request OK
2026-01-28T19:42:43.580836,INFO,payment,Cache hit
2026-01-28T19:42:43.781805,INFO,payment,User login
2026-01-28T19:42:43.982980,INFO,orders,Request OK
2026-01-28T19:42:44.184492,INFO,auth,Request OK
2026-01-28T19:42:44.385629,INFO,orders,User login
2026-01-28T19:42:44.587241,INFO,search,Request OK
2026-01-28T19:42:44.788597,INFO,orders,Cache hit
2026-01-28T19:42:44.989811,INFO,search,Cache hit
2026-01-28T19:42:45.190728,INFO,payment,User login
2026-01-28T19:42:45.391754,INFO,payment,Request OK
2026-01-28T19:42:45.592823,INFO,payment,Cache hit
2026-01-28T19:42:45.795922,INFO,search,User login
2026-01-28T19:42:45.997167,WARN,orders,User login
2026-01-28T19:42:46.198235,INFO,payment,Request OK
2026-01-28T19:42:46.399661,INFO,auth,Request OK
2026-01-28T19:42:46.602314,INFO,auth,Cache hit
2026-01-28T19:42:46.804024,INFO,search,Cache hit
2026-01-28T19:42:47.006281,INFO,auth,User login
2026-01-28T19:42:47.207164,INFO,auth,User login
2026-01-28T19:42:47.408019,INFO,orders,Cache hit
2026-01-28T19:42:47.609078,INFO,payment,User login
2026-01-28T19:42:47.810448,INFO,payment,Cache hit
2026-01-28T19:42:48.012290,INFO,payment,Cache hit
2026-01-28T19:42:48.214802,INFO,orders,Request OK
2026-01-28T19:42:48.416101,INFO,auth,User login
2026-01-28T19:42:48.618430,INFO,payment,Cache hit
2026-01-28T19:42:48.819199,INFO,payment,Cache hit
2026-01-28T19:42:49.020276,INFO,payment,User login
2026-01-28T19:42:49.221357,INFO,orders,Cache hit
2026-01-28T19:42:49.422911,INFO,payment,Cache hit
2026-01-28T19:42:49.623885,INFO,payment,Request OK
2026-01-28T19:42:49.824924,ERROR,payment,DB failure
2026-01-28T19:42:50.025989,INFO,payment,Cache hit
2026-01-28T19:42:50.227332,INFO,payment,User login
2026-01-28T19:42:50.428243,ERROR,search,Timeout
2026-01-28T19:42:50.629964,INFO,auth,User login
2026-01-28T19:42:50.830865,INFO,search,Request OK
2026-01-28T19:42:51.031657,INFO,payment,Request OK
2026-01-28T19:42:51.232483,INFO,payment,User login
2026-01-28T19:42:51.433573,INFO,payment,Request OK
2026-01-28T19:42:51.635044,INFO,orders,User login
2026-01-28T19:42:51.836442,WARN,payment,Request OK
2026-01-28T19:42:52.037497,INFO,orders,Request OK
2026-01-28T19:42:52.238772,INFO,search,Cache hit
2026-01-28T19:42:52.439769,ERROR,auth,DB failure
2026-01-28T19:42:52.640765,INFO,search,User login
2026-01-28T19:42:52.841488,INFO,search,Request OK
2026-01-28T19:42:53.043079,WARN,payment,User login
2026-01-28T19:42:53.244732,ERROR,search,Timeout
2026-01-28T19:42:53.445542,INFO,search,User login
2026-01-28T19:42:53.646407,INFO,payment,Request OK
2026-01-28T19:42:53.847591,WARN,payment,User login
2026-01-28T19:42:54.048254,ERROR,payment,Null pointer
2026-01-28T19:42:54.249277,INFO,orders,Cache hit
2026-01-28T19:42:54.450317,INFO,auth,User login
2026-01-28T19:42:54.652466,WARN,orders,Cache hit
2026-01-28T19:42:54.857251,INFO,orders,User login
2026-01-28T19:42:55.058130,INFO,payment,User login
2026-01-28T19:42:55.258867,INFO,search,Cache hit
2026-01-28T19:42:55.460203,INFO,search,User login
2026-01-28T19:42:55.661513,INFO,orders,Cache hit
2026-01-28T19:42:55.862234,INFO,orders,Request OK
2026-01-28T19:42:56.063417,INFO,orders,Request OK
2026-01-28T19:42:56.265211,INFO,search,Cache hit
2026-01-28T19:42:56.466629,INFO,orders,Request OK
2026-01-28T19:42:56.667607,INFO,auth,User login
2026-01-28T19:42:56.868493,INFO,payment,Cache hit
2026-01-28T19:42:57.069224,INFO,payment,Cache hit
2026-01-28T19:42:57.270232,INFO,search,Request OK
2026-01-28T19:42:57.471326,INFO,auth,Cache hit
2026-01-28T19:42:57.672490,INFO,auth,Request OK
2026-01-28T19:42:57.873363,INFO,search,Request OK
2026-01-28T19:42:58.074676,INFO,auth,User login
2026-01-28T19:42:58.276300,INFO,orders,Request OK
2026-01-28T19:42:58.477629,INFO,orders,User login
2026-01-28T19:42:58.678707,ERROR,payment,Timeout
2026-01-28T19:42:58.879901,INFO,auth,Cache hit
2026-01-28T19:42:59.081233,INFO,orders,Request OK
2026-01-28T19:42:59.282863,INFO,payment,User login
2026-01-28T19:42:59.483848,INFO,auth,User login
2026-01-28T19:42:59.684544,INFO,orders,Cache hit
2026-01-28T19:42:59.885266,INFO,search,Cache hit
2026-01-28T19:43:00.086137,INFO,auth,Cache hit
2026-01-28T19:43:00.287323,INFO,orders,User login
2026-01-28T19:43:00.489225,INFO,orders,User login
2026-01-28T19:43:00.690940,INFO,search,User login
2026-01-28T19:43:00.892186,INFO,auth,User login
2026-01-28T19:43:01.093037,INFO,orders,User login
2026-01-28T19:43:01.293968,INFO,search,Request OK
2026-01-28T19:43:01.494827,INFO,search,Request OK
2026-01-28T19:43:01.695509,WARN,payment,Request OK
2026-01-28T19:43:01.896672,INFO,orders,User login
2026-01-28T19:43:02.098074,INFO,payment,Request OK
2026-01-28T19:43:02.299453,ERROR,orders,DB failure
2026-01-28T19:43:02.500124,ERROR,auth,Null pointer
2026-01-28T19:43:02.700973,ERROR,orders,Null pointer
2026-01-28T19:43:02.901768,INFO,orders,Request OK
2026-01-28T19:43:03.102964,INFO,auth,User login
2026-01-28T19:43:03.303783,INFO,search,Cache hit
2026-01-28T19:43:03.505992,INFO,orders,Request OK
2026-01-28T19:43:03.707193,INFO,auth,User login
2026-01-28T19:43:03.907969,INFO,payment,Cache hit
2026-01-28T19:43:04.109030,INFO,auth,Cache hit
2026-01-28T19:43:04.310009,INFO,payment,User login
2026-01-28T19:43:04.511295,INFO,orders,Cache hit
2026-01-28T19:43:04.712954,INFO,payment,User login
2026-01-28T19:43:04.914330,INFO,orders,Cache hit
2026-01-28T19:43:05.115495,WARN,search,Cache hit
2026-01-28T19:43:05.316264,INFO,search,User login
2026-01-28T19:43:05.517280,INFO,payment,Cache hit
2026-01-28T19:43:05.718071,ERROR,orders,DB failure
2026-01-28T19:43:05.918958,INFO,auth,Request OK
2026-01-28T19:43:06.120353,INFO,orders,Cache hit
2026-01-28T19:43:06.322282,INFO,orders,Cache hit
2026-01-28T19:43:06.523958,INFO,payment,Request OK
2026-01-28T19:43:06.724908,INFO,orders,Cache hit
2026-01-28T19:43:06.925603,INFO,payment,Request OK
2026-01-28T19:43:07.126393,INFO,auth,Cache hit
2026-01-28T19:43:07.327732,ERROR,search,Timeout
2026-01-28T19:43:07.528845,WARN,orders,Cache hit
2026-01-28T19:43:07.730469,INFO,search,Request OK
2026-01-28T19:43:07.931340,INFO,search,Request OK
2026-01-28T19:43:08.132414,INFO,payment,Request OK
2026-01-28T19:43:08.333725,INFO,auth,Cache hit
2026-01-28T19:43:08.534790,INFO,search,User login
2026-01-28T19:43:08.735607,ERROR,auth,DB failure
2026-01-28T19:43:08.936576,INFO,auth,User login
2026-01-28T19:43:09.138630,INFO,payment,User login
2026-01-28T19:43:09.339721,INFO,search,Cache hit
2026-01-28T19:43:09.540663,INFO,payment,User login
2026-01-28T19:43:09.741664,INFO,orders,Request OK
2026-01-28T19:43:09.943117,WARN,search,User login
2026-01-28T19:43:10.144181,INFO,auth,Cache hit
2026-01-28T19:43:10.345230,WARN,search,Cache hit
2026-01-28T19:43:10.547119,INFO,auth,Cache hit
2026-01-28T19:43:10.747839,INFO,payment,Request OK
2026-01-28T19:43:10.948684,INFO,payment,User login
2026-01-28T19:43:11.149905,INFO,orders,Request OK
2026-01-28T19:43:11.350949,INFO,search,User login
2026-01-28T19:43:11.551774,INFO,search,User login
2026-01-28T19:43:11.753265,INFO,payment,User login
2026-01-28T19:43:11.954383,WARN,auth,Cache hit
2026-01-28T19:43:12.155436,ERROR,payment,Null pointer
2026-01-28T19:43:12.356949,INFO,search,User login
2026-01-28T19:43:12.558264,INFO,payment,Request OK
2026-01-28T19:43:12.759720,INFO,payment,User login
2026-01-28T19:43:12.960740,INFO,search,User login
2026-01-28T19:43:13.161453,INFO,search,Request OK
2026-01-28T19:43:13.362213,ERROR,orders,Null pointer
2026-01-28T19:43:13.563208,WARN,orders,User login
2026-01-28T19:43:13.764998,INFO,orders,User login
2026-01-28T19:43:13.966135,WARN,search,Request OK
2026-01-28T19:43:14.166922,INFO,search,User login
2026-01-28T19:43:14.367935,WARN,auth,Cache hit
2026-01-28T19:43:14.568775,INFO,orders,Request OK
2026-01-28T19:43:14.769575,INFO,auth,Request OK
2026-01-28T19:43:14.971004,INFO,payment,Request OK
2026-01-28T19:43:15.172387,INFO,orders,Cache hit
2026-01-28T19:43:15.373143,INFO,orders,Request OK
2026-01-28T19:43:15.574148,INFO,payment,Request OK
2026-01-28T19:43:15.775025,INFO,search,Request OK
2026-01-28T19:43:15.976217,INFO,search,User login
2026-01-28T19:43:16.177328,INFO,orders,Request OK
2026-01-28T19:43:16.378492,ERROR,search,Timeout
2026-01-28T19:43:16.580046,INFO,search,Request OK
2026-01-28T19:43:16.780963,INFO,auth,Request OK
2026-01-28T19:43:16.981997,WARN,orders,Request OK
2026-01-28T19:43:17.183136,INFO,search,User login
2026-01-28T19:43:17.384334,INFO,auth,Cache hit
2026-01-28T19:43:17.585540,INFO,payment,Cache hit
2026-01-28T19:43:17.786529,WARN,payment,Cache hit
2026-01-28T19:43:17.987869,ERROR,auth,Null pointer
2026-01-28T19:43:18.188948,INFO,orders,Request OK
2026-01-28T19:43:18.389916,ERROR,search,Null pointer
2026-01-28T19:43:18.590679,INFO,auth,User login
2026-01-28T19:43:18.791682,ERROR,payment,Timeout
2026-01-28T19:43:18.992406,INFO,orders,Cache hit
2026-01-28T19:43:19.193533,INFO,payment,Request OK
2026-01-28T19:43:19.394959,INFO,orders,Request OK
2026-01-28T19:43:19.595993,INFO,search,User login
2026-01-28T19:43:19.796641,ERROR,auth,Null pointer
2026-01-28T19:43:19.997682,INFO,search,Request OK
2026-01-28T19:43:20.198373,INFO,orders,Cache hit
2026-01-28T19:43:20.399155,INFO,search,Cache hit
2026-01-28T19:43:20.600342,INFO,search,Cache hit
2026-01-28T19:43:20.801914,INFO,auth,Request OK
2026-01-28T19:43:21.002886,INFO,payment,User login
2026-01-28T19:43:21.204246,INFO,auth,Request OK
2026-01-28T19:43:21.405504,INFO,search,User login
2026-01-28T19:43:21.606380,WARN,search,Cache hit
2026-01-28T19:43:21.807313,ERROR,orders,DB failure
2026-01-28T19:43:22.008244,WARN,payment,Request OK
2026-01-28T19:43:22.209534,INFO,auth,Request OK
2026-01-28T19:43:22.410653,INFO,search,Cache hit
2026-01-28T19:43:22.611711,ERROR,payment,Null pointer
2026-01-28T19:43:22.812733,INFO,auth,User login
2026-01-28T19:43:23.013609,INFO,payment,Cache hit
2026-01-28T19:43:23.214758,INFO,orders,Cache hit
2026-01-28T19:43:23.415622,INFO,search,User login
2026-01-28T19:43:23.617402,WARN,auth,Request OK
2026-01-28T19:43:23.818316,INFO,search,User login
2026-01-28T19:43:24.019140,ERROR,orders,Timeout
2026-01-28T19:43:24.220498,INFO,search,User login
2026-01-28T19:43:24.421865,INFO,payment,Cache hit
2026-01-28T19:43:24.623094,INFO,orders,Request OK
2026-01-28T19:43:24.823953,ERROR,search,DB failure
2026-01-28T19:43:25.025373,ERROR,auth,DB failure
2026-01-28T19:43:25.226125,INFO,search,Request OK
2026-01-28T19:43:25.427868,INFO,orders,Cache hit
2026-01-28T19:43:25.629734,INFO,auth,Cache hit
2026-01-28T19:43:25.830765,INFO,payment,Cache hit
2026-01-28T19:43:26.031357,INFO,search,Cache hit
2026-01-28T19:43:26.232145,WARN,orders,User login
2026-01-28T19:43:26.434065,WARN,auth,Request OK
2026-01-28T19:43:26.635890,INFO,auth,Cache hit
2026-01-28T19:43:26.837063,ERROR,payment,Null pointer
2026-01-28T19:43:27.038618,INFO,auth,Request OK
2026-01-28T19:43:27.239566,INFO,auth,Request OK
2026-01-28T19:43:27.441174,INFO,orders,User login
2026-01-28T19:43:27.643003,INFO,auth,User login
2026-01-28T19:43:27.844423,INFO,search,Cache hit
2026-01-28T19:43:28.045587,INFO,payment,Cache hit
2026-01-28T19:43:28.246791,INFO,orders,Cache hit
2026-01-28T19:43:28.447750,ERROR,auth,Null pointer
2026-01-28T19:43:28.648664,INFO,search,Cache hit
2026-01-28T19:43:28.849583,INFO,auth,Request OK
2026-01-28T19:43:29.050716,INFO,orders,Request OK
2026-01-28T19:43:29.252499,WARN,payment,Cache hit
2026-01-28T19:43:29.454380,ERROR,orders,Null pointer
2026-01-28T19:43:29.656506,ERROR,auth,Timeout
2026-01-28T19:43:29.857474,INFO,orders,Cache hit
2026-01-28T19:43:30.058381,INFO,search,Cache hit
2026-01-28T19:43:30.259723,ERROR,auth,DB failure
2026-01-28T19:43:30.461182,INFO,orders,Request OK
2026-01-28T19:43:30.662954,INFO,auth,User login
2026-01-28T19:43:30.863660,INFO,search,Request OK
2026-01-28T19:43:31.064908,ERROR,payment,Null pointer
2026-01-28T19:43:31.266122,INFO,auth,User login
2026-01-28T19:43:31.467884,INFO,auth,Request OK
2026-01-28T19:43:31.671869,ERROR,payment,DB failure
2026-01-28T19:43:31.872823,INFO,orders,Request OK
2026-01-28T19:43:32.073708,WARN,payment,Request OK
2026-01-28T19:43:32.274769,INFO,orders,User login
2026-01-28T19:43:32.476419,INFO,payment,Cache hit
2026-01-28T19:43:32.677597,INFO,payment,User login
2026-01-28T19:43:32.878465,INFO,auth,User login
2026-01-28T19:43:33.079794,INFO,payment,Cache hit
2026-01-28T19:43:33.280898,INFO,orders,Request OK
2026-01-28T19:43:33.483016,INFO,payment,Request OK
2026-01-28T19:43:33.684256,INFO,payment,Request OK
2026-01-28T19:43:33.885765,INFO,payment,User login
2026-01-28T19:43:34.087958,WARN,payment,Cache hit
2026-01-28T19:43:34.288681,INFO,search,Cache hit
2026-01-28T19:43:34.489672,INFO,auth,Request OK
2026-01-28T19:43:34.690487,INFO,search,Request OK
2026-01-28T19:43:34.891452,INFO,search,Cache hit
2026-01-28T19:43:35.092271,INFO,search,Cache hit
2026-01-28T19:43:35.293702,INFO,orders,Request OK
2026-01-28T19:43:35.494671,INFO,orders,Cache hit
2026-01-28T19:43:35.696086,INFO,auth,User login
2026-01-28T19:43:35.897160,INFO,search,Cache hit
2026-01-28T19:43:36.098100,INFO,payment,Cache hit
2026-01-28T19:43:36.298937,INFO,payment,Request OK
2026-01-28T19:43:36.500452,INFO,search,Cache hit
2026-01-28T19:43:36.703164,INFO,payment,Cache hit
2026-01-28T19:43:36.904664,INFO,orders,Cache hit
2026-01-28T19:43:37.109353,INFO,auth,Request OK
2026-01-28T19:43:37.310967,INFO,search,Request OK
2026-01-28T19:43:37.512077,INFO,auth,User login
2026-01-28T19:43:37.713216,INFO,auth,User login
2026-01-28T19:43:37.914843,INFO,auth,User login
2026-01-28T19:43:38.115740,WARN,orders,User login
2026-01-28T19:43:38.316895,INFO,orders,Cache hit
2026-01-28T19:43:38.520197,INFO,search,Request OK
2026-01-28T19:43:38.722037,ERROR,payment,Null pointer
2026-01-28T19:43:38.922965,INFO,search,User login
2026-01-28T19:43:39.124890,INFO,search,User login
2026-01-28T19:43:39.326211,INFO,search,Request OK
2026-01-28T19:43:39.527690,WARN,orders,Cache hit
2026-01-28T19:43:39.729496,INFO,search,Request OK
2026-01-28T19:43:39.930762,INFO,orders,User login
2026-01-28T19:43:40.132033,ERROR,orders,DB failure
2026-01-28T19:43:40.332853,INFO,payment,Request OK
2026-01-28T19:43:40.533956,ERROR,payment,DB failure
2026-01-28T19:43:40.735981,INFO,auth,Cache hit
2026-01-28T19:43:40.936997,INFO,search,Cache hit
2026-01-28T19:43:41.138322,INFO,payment,User login
2026-01-28T19:43:41.339424,INFO,auth,Cache hit
2026-01-28T19:43:41.540373,INFO,orders,Cache hit
2026-01-28T19:43:41.741263,INFO,auth,User login
2026-01-28T19:43:41.942483,INFO,search,User login
2026-01-28T19:43:42.143924,INFO,search,Request OK
2026-01-28T19:43:42.345121,INFO,payment,User login
2026-01-28T19:43:42.547189,INFO,auth,User login
2026-01-28T19:43:42.748898,ERROR,search,Timeout
2026-01-28T19:43:42.949956,INFO,orders,Request OK
2026-01-28T19:43:43.150647,INFO,search,Request OK
2026-01-28T19:43:43.351341,INFO,payment,Request OK
2026-01-28T19:43:43.553655,INFO,orders,Request OK
2026-01-28T19:43:43.756164,WARN,search,User login
2026-01-28T19:43:43.957207,INFO,search,Cache hit
2026-01-28T19:43:44.158523,INFO,orders,Cache hit
2026-01-28T19:43:44.359607,INFO,payment,Cache hit
2026-01-28T19:43:44.561444,INFO,orders,Request OK
2026-01-28T19:43:44.763382,WARN,payment,Request OK
2026-01-28T19:43:44.964529,INFO,auth,User login
2026-01-28T19:43:45.166102,INFO,payment,Cache hit
2026-01-28T19:43:45.366966,INFO,auth,User login
2026-01-28T19:43:45.567863,INFO,payment,Request OK
2026-01-28T19:43:45.769294,INFO,auth,Cache hit
2026-01-28T19:43:45.970360,WARN,auth,Cache hit
2026-01-28T19:43:46.171445,INFO,search,Cache hit
2026-01-28T19:43:46.373123,INFO,orders,User login
2026-01-28T19:43:46.573961,INFO,auth,User login
2026-01-28T19:43:46.775180,ERROR,orders,Timeout
2026-01-28T19:43:46.976224,INFO,search,Cache hit
2026-01-28T19:43:47.177358,ERROR,auth,Null pointer
2026-01-28T19:43:47.378603,WARN,orders,Request OK
2026-01-28T19:43:47.579909,INFO,search,Cache hit
2026-01-28T19:43:47.781608,INFO,orders,Request OK
2026-01-28T19:43:47.982631,INFO,auth,Cache hit
2026-01-28T19:43:48.183373,INFO,payment,Request OK
2026-01-28T19:43:48.384266,INFO,search,Cache hit
2026-01-28T19:43:48.586082,INFO,search,Cache hit
2026-01-28T19:43:48.787616,INFO,orders,Cache hit
2026-01-28T19:43:48.988626,INFO,payment,Request OK
2026-01-28T19:43:49.190853,INFO,orders,User login
2026-01-28T19:43:49.392730,INFO,payment,Request OK
2026-01-28T19:43:49.594209,INFO,orders,User login
2026-01-28T19:43:49.795280,INFO,auth,Request OK
2026-01-28T19:43:49.996322,INFO,orders,Cache hit
2026-01-28T19:43:50.197222,INFO,search,Cache hit
2026-01-28T19:43:50.398250,WARN,orders,Request OK
2026-01-28T19:43:50.600196,INFO,search,Request OK
2026-01-28T19:43:50.802616,INFO,search,Request OK
2026-01-28T19:43:51.003709,INFO,auth,User login
2026-01-28T19:43:51.204776,INFO,payment,User login
2026-01-28T19:43:51.405714,INFO,search,User login
2026-01-28T19:43:51.606543,INFO,payment,User login
2026-01-28T19:43:51.807296,INFO,orders,User login
2026-01-28T19:43:52.008294,INFO,search,Cache hit
2026-01-28T19:43:52.210247,INFO,auth,Request OK
2026-01-28T19:43:52.411691,INFO,search,User login
2026-01-28T19:43:52.612845,ERROR,search,Timeout
2026-01-28T19:43:52.814436,INFO,auth,Request OK
2026-01-28T19:43:53.015977,INFO,auth,User login
2026-01-28T19:43:53.217374,INFO,search,User login
2026-01-28T19:43:53.418682,INFO,orders,User login
2026-01-28T19:43:53.620488,INFO,orders,Request OK
2026-01-28T19:43:53.823049,INFO,orders,User login
2026-01-28T19:43:54.023849,INFO,search,Cache hit
2026-01-28T19:43:54.225293,INFO,auth,Cache hit
2026-01-28T19:43:54.426475,INFO,orders,User login
2026-01-28T19:43:54.627879,INFO,payment,Cache hit
2026-01-28T19:43:54.832575,INFO,auth,Cache hit
2026-01-28T19:43:55.033635,WARN,payment,User login
2026-01-28T19:43:55.235166,INFO,search,User login
2026-01-28T19:43:55.436303,INFO,payment,Request OK
2026-01-28T19:43:55.637328,INFO,orders,Request OK
2026-01-28T19:43:55.838624,INFO,auth,User login
2026-01-28T19:43:56.039987,INFO,search,Request OK
2026-01-28T19:43:56.241281,WARN,orders,User login
2026-01-28T19:43:56.442510,INFO,payment,Request OK
2026-01-28T19:43:56.644620,INFO,auth,User login
2026-01-28T19:43:56.846825,INFO,auth,Request OK
2026-01-28T19:43:57.047792,WARN,payment,Request OK
2026-01-28T19:43:57.249305,WARN,auth,Cache hit
2026-01-28T19:43:57.450532,INFO,auth,User login
2026-01-28T19:43:57.652070,INFO,auth,Request OK
2026-01-28T19:43:57.852789,INFO,payment,Request OK
2026-01-28T19:43:58.053701,INFO,search,Request OK
2026-01-28T19:43:58.255699,INFO,orders,User login
2026-01-28T19:43:58.456881,INFO,auth,Cache hit
2026-01-28T19:43:58.657842,ERROR,search,Timeout
2026-01-28T19:43:58.859410,INFO,search,Request OK
2026-01-28T19:43:59.060553,INFO,auth,Request OK
2026-01-28T19:43:59.261393,INFO,orders,Request OK
2026-01-28T19:43:59.462229,ERROR,payment,Null pointer
2026-01-28T19:43:59.663295,ERROR,auth,Timeout
2026-01-28T19:43:59.865161,INFO,payment,Cache hit
2026-01-28T19:44:00.067069,ERROR,search,Null pointer
2026-01-28T19:44:00.268147,WARN,search,User login
2026-01-28T19:44:00.469049,WARN,auth,Cache hit
2026-01-28T19:44:00.670231,INFO,orders,Cache hit
2026-01-28T19:44:00.870846,INFO,orders,Cache hit
2026-01-28T19:44:01.071556,ERROR,payment,Null pointer
2026-01-28T19:44:01.272817,INFO,auth,User login
2026-01-28T19:44:01.474026,INFO,orders,User login
2026-01-28T19:44:01.675304,INFO,search,Cache hit
2026-01-28T19:44:01.876493,INFO,payment,Request OK
2026-01-28T19:44:02.077766,INFO,auth,User login
2026-01-28T19:44:02.279036,INFO,payment,Cache hit
2026-01-28T19:44:02.480499,INFO,auth,Cache hit
2026-01-28T19:44:02.681481,INFO,auth,Cache hit
2026-01-28T19:44:02.883549,INFO,orders,User login
2026-01-28T19:44:03.084927,ERROR,orders,Null pointer
2026-01-28T19:44:03.286495,INFO,search,User login
2026-01-28T19:44:03.487321,INFO,orders,Cache hit
2026-01-28T19:44:03.688766,INFO,orders,Cache hit
2026-01-28T19:44:03.889846,ERROR,search,DB failure
2026-01-28T19:44:04.092217,INFO,orders,Cache hit
2026-01-28T19:44:04.293733,INFO,payment,Cache hit
2026-01-28T19:44:04.494974,INFO,payment,Request OK
2026-01-28T19:44:04.695893,INFO,payment,Cache hit
2026-01-28T19:44:04.896624,INFO,search,Request OK
2026-01-28T19:44:05.097403,INFO,search,Cache hit
2026-01-28T19:44:05.298261,INFO,search,Cache hit
2026-01-28T19:44:05.500369,INFO,auth,Cache hit
2026-01-28T19:44:05.701542,INFO,search,User login
2026-01-28T19:44:05.903305,ERROR,orders,DB failure
2026-01-28T19:44:06.104699,INFO,search,User login
2026-01-28T19:44:06.305622,INFO,search,User login
2026-01-28T19:44:06.506497,INFO,search,Cache hit
2026-01-28T19:44:06.708515,INFO,orders,Cache hit
2026-01-28T19:44:06.909654,INFO,orders,Cache hit
2026-01-28T19:44:07.110581,INFO,auth,Request OK
2026-01-28T19:44:07.311437,INFO,payment,Request OK
2026-01-28T19:44:07.512473,INFO,orders,Cache hit
2026-01-28T19:44:07.713253,INFO,orders,User login
2026-01-28T19:44:07.914268,INFO,orders,Request OK
2026-01-28T19:44:08.116352,INFO,search,User login
2026-01-28T19:44:08.317488,INFO,orders,User login
2026-01-28T19:44:08.518129,INFO,orders,Request OK
2026-01-28T19:44:08.719248,WARN,auth,Cache hit
2026-01-28T19:44:08.920082,INFO,payment,Request OK
2026-01-28T19:44:09.120970,INFO,search,Request OK
2026-01-28T19:44:09.321782,INFO,payment,Cache hit
2026-01-28T19:44:09.523336,INFO,payment,User login
2026-01-28T19:44:09.724204,INFO,auth,Request OK
2026-01-28T19:44:09.925178,INFO,orders,User login
2026-01-28T19:44:10.126117,INFO,payment,User login
2026-01-28T19:44:10.327268,INFO,payment,Cache hit
2026-01-28T19:44:10.528321,INFO,auth,Request OK
2026-01-28T19:44:10.729529,INFO,search,Request OK
2026-01-28T19:44:10.931341,WARN,search,Cache hit
2026-01-28T19:44:11.132142,INFO,search,Cache hit
2026-01-28T19:44:11.333252,INFO,payment,User login
2026-01-28T19:44:11.534487,WARN,payment,Cache hit
2026-01-28T19:44:11.735472,INFO,search,Cache hit
2026-01-28T19:44:11.936485,ERROR,payment,Null pointer
2026-01-28T19:44:12.137595,INFO,auth,User login
2026-01-28T19:44:12.338657,INFO,orders,Cache hit
2026-01-28T19:44:12.540103,INFO,orders,Request OK
2026-01-28T19:44:12.741229,INFO,orders,User login
2026-01-28T19:44:12.942610,INFO,search,Cache hit
2026-01-28T19:44:13.143319,INFO,auth,Cache hit
2026-01-28T19:44:13.344853,INFO,search,User login
2026-01-28T19:44:13.545713,INFO,orders,User login
2026-01-28T19:44:13.747042,INFO,search,User login
2026-01-28T19:44:13.948628,INFO,auth,Request OK
2026-01-28T19:44:14.149892,WARN,orders,Request OK
2026-01-28T19:44:14.351349,INFO,orders,Cache hit
2026-01-28T19:44:14.552313,INFO,auth,User login
2026-01-28T19:44:14.753695,INFO,auth,Request OK
2026-01-28T19:44:14.955427,INFO,auth,User login
2026-01-28T19:44:15.157356,INFO,search,User login
2026-01-28T19:44:15.359006,INFO,payment,Cache hit
2026-01-28T19:44:15.559760,INFO,orders,Cache hit
2026-01-28T19:44:15.760402,INFO,payment,Cache hit
2026-01-28T19:44:15.961326,INFO,orders,User login
2026-01-28T19:44:16.162171,INFO,payment,Cache hit
2026-01-28T19:44:16.363076,INFO,payment,Request OK
2026-01-28T19:44:16.564205,INFO,orders,Cache hit
2026-01-28T19:44:16.765535,INFO,auth,Cache hit
2026-01-28T19:44:16.966460,INFO,auth,User login
2026-01-28T19:44:17.167200,INFO,orders,Request OK
2026-01-28T19:44:17.367977,INFO,orders,Cache hit
2026-01-28T19:44:17.568738,ERROR,payment,Timeout
2026-01-28T19:44:17.769838,INFO,search,User login
2026-01-28T19:44:17.971709,INFO,orders,User login
2026-01-28T19:44:18.173213,INFO,orders,User login
2026-01-28T19:44:18.374195,ERROR,search,DB failure
2026-01-28T19:44:18.574835,INFO,auth,User login
2026-01-28T19:44:18.776296,INFO,search,User login
2026-01-28T19:44:18.977894,WARN,orders,User login
2026-01-28T19:44:19.179977,INFO,auth,Request OK
2026-01-28T19:44:19.381086,INFO,payment,User login
2026-01-28T19:44:19.581666,INFO,auth,User login
2026-01-28T19:44:19.782902,ERROR,search,Timeout
2026-01-28T19:44:19.984453,WARN,orders,Cache hit
2026-01-28T19:44:20.185614,WARN,payment,Cache hit
2026-01-28T19:44:20.387295,INFO,payment,Cache hit
2026-01-28T19:44:20.588598,WARN,orders,Cache hit
2026-01-28T19:44:20.789924,ERROR,auth,DB failure
2026-01-28T19:44:20.991288,INFO,payment,Request OK
2026-01-28T19:44:21.192596,WARN,search,Request OK
2026-01-28T19:44:21.393722,INFO,search,Request OK
2026-01-28T19:44:21.595381,INFO,payment,Cache hit
2026-01-28T19:44:21.796261,ERROR,payment,Timeout
2026-01-28T19:44:21.997475,INFO,search,User login
2026-01-28T19:44:22.198543,WARN,search,User login
2026-01-28T19:44:22.399578,INFO,search,User login
2026-01-28T19:44:22.600694,INFO,auth,User login
2026-01-28T19:44:22.802282,INFO,payment,Request OK
2026-01-28T19:44:23.003285,INFO,auth,Request OK
2026-01-28T19:44:23.203930,INFO,payment,Request OK
2026-01-28T19:44:23.404665,WARN,payment,Request OK
2026-01-28T19:44:23.605952,INFO,orders,Cache hit
2026-01-28T19:44:23.806823,WARN,orders,User login
2026-01-28T19:44:24.007668,INFO,search,Cache hit
2026-01-28T19:44:24.209417,INFO,auth,User login
2026-01-28T19:44:24.410646,INFO,payment,Request OK
2026-01-28T19:44:24.611750,INFO,auth,Cache hit
2026-01-28T19:44:24.812442,INFO,search,Request OK
2026-01-28T19:44:25.013604,ERROR,payment,Timeout
2026-01-28T19:44:25.214530,INFO,payment,User login
2026-01-28T19:44:25.416190,ERROR,auth,Timeout
2026-01-28T19:44:25.617366,INFO,search,Request OK
2026-01-28T19:44:25.818300,INFO,search,Cache hit
2026-01-28T19:44:26.019081,INFO,orders,Cache hit
2026-01-28T19:44:26.220060,INFO,payment,Request OK
2026-01-28T19:44:26.420923,INFO,payment,Request OK
2026-01-28T19:44:26.622682,INFO,auth,Request OK
2026-01-28T19:44:26.823984,INFO,orders,Cache hit
2026-01-28T19:44:27.024892,INFO,search,Request OK
2026-01-28T19:44:27.225533,INFO,search,Cache hit
2026-01-28T19:44:27.426958,INFO,auth,Cache hit
2026-01-28T19:44:27.628196,INFO,payment,Cache hit
2026-01-28T19:44:27.830030,INFO,payment,Cache hit
2026-01-28T19:44:28.030912,INFO,orders,User login
2026-01-28T19:44:28.231603,INFO,auth,User login
2026-01-28T19:44:28.432307,INFO,orders,User login
2026-01-28T19:44:28.633304,INFO,search,Cache hit
2026-01-28T19:44:28.834237,WARN,payment,Cache hit
2026-01-28T19:44:29.035392,INFO,orders,Cache hit
2026-01-28T19:44:29.237112,INFO,orders,Cache hit
2026-01-28T19:44:29.438902,ERROR,payment,Null pointer
2026-01-28T19:44:29.640289,WARN,orders,Cache hit
2026-01-28T19:44:29.841382,INFO,orders,User login
2026-01-28T19:44:30.042264,ERROR,auth,Timeout
2026-01-28T19:44:30.243003,WARN,orders,User login
2026-01-28T19:44:30.444663,INFO,orders,Request OK
2026-01-28T19:44:30.645823,INFO,payment,Request OK
2026-01-28T19:44:30.846919,INFO,auth,Cache hit
2026-01-28T19:44:31.047874,INFO,search,Cache hit
2026-01-28T19:44:31.249208,WARN,payment,User login
2026-01-28T19:44:31.450320,INFO,auth,User login
2026-01-28T19:44:31.651789,INFO,payment,Cache hit
2026-01-28T19:44:31.852718,INFO,orders,Cache hit
2026-01-28T19:44:32.053895,INFO,search,Request OK
2026-01-28T19:44:32.255177,ERROR,search,Null pointer
2026-01-28T19:44:32.456316,INFO,search,User login
2026-01-28T19:44:32.658323,ERROR,payment,Timeout
2026-01-28T19:44:32.860076,ERROR,auth,DB failure
2026-01-28T19:44:33.061669,ERROR,payment,Timeout
2026-01-28T19:44:33.263532,INFO,payment,Cache hit
2026-01-28T19:44:33.464685,ERROR,search,DB failure
2026-01-28T19:44:33.666691,INFO,search,User login
2026-01-28T19:44:33.868045,INFO,auth,Cache hit
2026-01-28T19:44:34.069339,WARN,orders,User login
2026-01-28T19:44:34.270522,INFO,auth,Request OK
2026-01-28T19:44:34.472220,INFO,payment,User login
2026-01-28T19:44:34.673849,ERROR,orders,DB failure
2026-01-28T19:44:34.875538,INFO,payment,Cache hit
2026-01-28T19:44:35.077094,WARN,search,Request OK
2026-01-28T19:44:35.278461,INFO,orders,User login
2026-01-28T19:44:35.481331,INFO,auth,Cache hit
2026-01-28T19:44:35.683040,INFO,auth,User login
2026-01-28T19:44:35.885211,INFO,payment,User login
2026-01-28T19:44:36.086640,ERROR,payment,Null pointer
2026-01-28T19:44:36.289025,INFO,orders,User login
2026-01-28T19:44:36.490438,INFO,auth,Cache hit
2026-01-28T19:44:36.691709,INFO,search,Request OK
2026-01-28T19:44:36.893086,INFO,payment,Request OK
2026-01-28T19:44:37.094342,INFO,search,Request OK
2026-01-28T19:44:37.299553,INFO,orders,User login
2026-01-28T19:44:37.500951,INFO,payment,Request OK
2026-01-28T19:44:37.702392,INFO,auth,Cache hit
2026-01-28T19:44:37.904420,INFO,search,User login
2026-01-28T19:44:38.106763,INFO,auth,Cache hit
2026-01-28T19:44:38.309036,INFO,search,User login
2026-01-28T19:44:38.510645,INFO,orders,Request OK
2026-01-28T19:44:38.711506,INFO,payment,Request OK
2026-01-28T19:44:38.913243,INFO,search,Request OK
2026-01-28T19:44:39.114424,INFO,auth,Cache hit
2026-01-28T19:44:39.315978,INFO,orders,Cache hit
2026-01-28T19:44:39.521785,INFO,orders,Request OK
2026-01-28T19:44:39.723514,INFO,orders,User login
2026-01-28T19:44:39.924804,INFO,orders,Cache hit
2026-01-28T19:44:40.125982,INFO,search,Request OK
2026-01-28T19:44:40.326794,WARN,auth,Cache hit
2026-01-28T19:44:40.528179,INFO,auth,Cache hit
2026-01-28T19:44:40.730654,INFO,payment,Request OK
2026-01-28T19:44:40.931705,INFO,orders,Cache hit
2026-01-28T19:44:41.132734,INFO,orders,User login
2026-01-28T19:44:41.333693,INFO,payment,User login
2026-01-28T19:44:41.534551,INFO,payment,Cache hit
2026-01-28T19:44:41.735400,INFO,auth,Cache hit
2026-01-28T19:44:41.937351,INFO,search,User login
2026-01-28T19:44:42.138305,INFO,auth,User login
2026-01-28T19:44:42.339075,INFO,search,Request OK
2026-01-28T19:44:42.540138,INFO,payment,Cache hit
2026-01-28T19:44:42.741463,WARN,search,User login
2026-01-28T19:44:42.942472,INFO,search,Cache hit
2026-01-28T19:44:43.143877,INFO,auth,User login
2026-01-28T19:44:43.344897,INFO,auth,User login
2026-01-28T19:44:43.545876,INFO,orders,Cache hit
2026-01-28T19:44:43.746593,INFO,payment,Cache hit
2026-01-28T19:44:43.947589,INFO,auth,Cache hit
2026-01-28T19:44:44.148520,WARN,search,Cache hit
2026-01-28T19:44:44.349438,INFO,payment,Request OK
2026-01-28T19:44:44.550072,ERROR,payment,Null pointer
2026-01-28T19:44:44.751393,INFO,orders,Request OK
2026-01-28T19:44:44.952449,INFO,orders,Cache hit
2026-01-28T19:44:45.153413,WARN,orders,Request OK
2026-01-28T19:44:45.354150,INFO,search,Request OK
2026-01-28T19:44:45.554916,INFO,payment,Cache hit
2026-01-28T19:44:45.755703,INFO,auth,Request OK
2026-01-28T19:44:45.956997,INFO,auth,Request OK
2026-01-28T19:44:46.158410,INFO,payment,User login
2026-01-28T19:44:46.359668,WARN,payment,Cache hit
2026-01-28T19:44:46.560794,INFO,orders,Cache hit
2026-01-28T19:44:46.762836,INFO,orders,Cache hit
2026-01-28T19:44:46.963969,INFO,search,User login
2026-01-28T19:44:47.165006,INFO,orders,Cache hit
2026-01-28T19:44:47.365840,INFO,search,Cache hit
2026-01-28T19:44:47.566683,INFO,payment,Request OK
2026-01-28T19:44:47.768930,INFO,search,Cache hit
2026-01-28T19:44:47.969651,INFO,auth,Cache hit
2026-01-28T19:44:48.170305,INFO,search,Cache hit
2026-01-28T19:44:48.371169,INFO,orders,Cache hit
2026-01-28T19:44:48.571974,INFO,search,User login
2026-01-28T19:44:48.772714,INFO,auth,Cache hit
2026-01-28T19:44:48.973756,INFO,orders,User login
2026-01-28T19:44:49.175163,INFO,search,Cache hit
2026-01-28T19:44:49.376175,WARN,auth,User login
2026-01-28T19:44:49.577173,INFO,search,User login
2026-01-28T19:44:49.777998,INFO,auth,User login
2026-01-28T19:44:49.979126,WARN,auth,User login
2026-01-28T19:44:50.180210,INFO,auth,Cache hit
2026-01-28T19:44:50.382040,INFO,payment,User login
2026-01-28T19:44:50.584080,INFO,orders,User login
2026-01-28T19:44:50.785698,INFO,orders,Request OK
2026-01-28T19:44:50.986841,INFO,payment,User login
2026-01-28T19:44:51.187908,INFO,orders,Request OK
2026-01-28T19:44:51.388717,INFO,payment,User login
2026-01-28T19:44:51.589472,ERROR,search,Timeout
2026-01-28T19:44:51.790870,INFO,payment,Cache hit
2026-01-28T19:44:51.992162,INFO,payment,Cache hit
2026-01-28T19:44:52.193253,INFO,payment,Request OK
2026-01-28T19:44:52.395570,INFO,search,User login
2026-01-28T19:44:52.597567,INFO,search,User login
2026-01-28T19:44:52.798899,INFO,orders,Cache hit
2026-01-28T19:44:53.000737,INFO,orders,Cache hit
2026-01-28T19:44:53.203485,INFO,auth,Cache hit
2026-01-28T19:44:53.405336,INFO,orders,User login
2026-01-28T19:44:53.606778,INFO,orders,User login
2026-01-28T19:44:53.808438,INFO,orders,Cache hit
2026-01-28T19:44:54.010400,INFO,search,User login
2026-01-28T19:44:54.213753,INFO,search,Cache hit
2026-01-28T19:44:54.415146,INFO,orders,User login
2026-01-28T19:44:54.616251,INFO,auth,Request OK
2026-01-28T19:44:54.820646,INFO,orders,Cache hit
2026-01-28T19:44:55.021872,INFO,payment,Cache hit
2026-01-28T19:44:55.222688,WARN,payment,Request OK
2026-01-28T19:44:55.423753,INFO,payment,Cache hit
2026-01-28T19:44:55.624882,INFO,search,Cache hit
2026-01-28T19:44:55.825738,ERROR,auth,Timeout
2026-01-28T19:44:56.028305,INFO,orders,User login
2026-01-28T19:44:56.230159,INFO,payment,Cache hit
2026-01-28T19:44:56.431135,INFO,orders,Request OK
2026-01-28T19:44:56.632086,INFO,auth,User login
2026-01-28T19:44:56.832964,INFO,search,Request OK
2026-01-28T19:44:57.034483,ERROR,payment,Null pointer
2026-01-28T19:44:57.236036,INFO,payment,User login
2026-01-28T19:44:57.437130,ERROR,payment,Null pointer
2026-01-28T19:44:57.638433,INFO,search,Cache hit
2026-01-28T19:44:57.839488,INFO,auth,Request OK
2026-01-28T19:44:58.040850,INFO,auth,User login
2026-01-28T19:44:58.241861,INFO,auth,Request OK
2026-01-28T19:44:58.442976,INFO,search,Cache hit
2026-01-28T19:44:58.643742,ERROR,search,Timeout
2026-01-28T19:44:58.844693,WARN,search,Cache hit
2026-01-28T19:44:59.046283,INFO,orders,Cache hit
2026-01-28T19:44:59.247584,INFO,orders,Cache hit
2026-01-28T19:44:59.449022,INFO,auth,Request OK
2026-01-28T19:44:59.650096,INFO,search,Request OK
2026-01-28T19:44:59.851507,INFO,search,Request OK
2026-01-28T19:45:00.052588,INFO,search,Cache hit
2026-01-28T19:45:00.253646,INFO,payment,Request OK
2026-01-28T19:45:00.455038,INFO,auth,Cache hit
2026-01-28T19:45:00.656068,ERROR,payment,Timeout
2026-01-28T19:45:00.856672,INFO,search,Cache hit
2026-01-28T19:45:01.057791,WARN,payment,User login
2026-01-28T19:45:01.258439,INFO,search,User login
2026-01-28T19:45:01.459553,ERROR,orders,Null pointer
2026-01-28T19:45:01.661235,INFO,payment,Cache hit
2026-01-28T19:45:01.863879,INFO,auth,Request OK
2026-01-28T19:45:02.064767,INFO,search,Request OK
2026-01-28T19:45:02.265575,INFO,payment,Request OK
2026-01-28T19:45:02.466570,INFO,search,Request OK
2026-01-28T19:45:02.667820,ERROR,auth,Timeout
2026-01-28T19:45:02.868802,INFO,auth,Request OK
2026-01-28T19:45:03.069803,INFO,orders,Request OK
2026-01-28T19:45:03.271046,ERROR,auth,Null pointer
2026-01-28T19:45:03.472622,INFO,auth,User login
2026-01-28T19:45:03.673306,INFO,payment,Request OK
2026-01-28T19:45:03.874203,INFO,search,User login
2026-01-28T19:45:04.075301,ERROR,auth,Timeout
2026-01-28T19:45:04.276353,ERROR,search,DB failure
2026-01-28T19:45:04.477403,WARN,search,Cache hit
2026-01-28T19:45:04.678772,INFO,payment,User login
2026-01-28T19:45:04.879818,INFO,payment,Cache hit
2026-01-28T19:45:05.080602,INFO,payment,Request OK
2026-01-28T19:45:05.281691,WARN,search,User login
2026-01-28T19:45:05.483189,INFO,orders,Cache hit
2026-01-28T19:45:05.703660,INFO,auth,Cache hit
2026-01-28T19:45:05.904709,INFO,payment,User login
2026-01-28T19:45:06.107141,INFO,orders,User login
2026-01-28T19:45:06.308844,WARN,orders,User login
2026-01-28T19:45:06.510543,INFO,search,User login
2026-01-28T19:45:06.712572,WARN,payment,Cache hit
2026-01-28T19:45:06.913957,INFO,search,Cache hit
2026-01-28T19:45:07.114757,INFO,auth,User login
2026-01-28T19:45:07.315618,WARN,orders,Cache hit
2026-01-28T19:45:07.518561,WARN,orders,Cache hit
2026-01-28T19:45:07.719861,INFO,orders,Request OK
2026-01-28T19:45:07.921240,INFO,search,Request OK
2026-01-28T19:45:08.122456,INFO,auth,Cache hit
2026-01-28T19:45:08.323588,INFO,payment,Cache hit
2026-01-28T19:45:08.525569,INFO,search,Cache hit
2026-01-28T19:45:08.727255,INFO,orders,User login
2026-01-28T19:45:08.928072,INFO,search,User login
2026-01-28T19:45:09.129171,INFO,payment,Cache hit
2026-01-28T19:45:09.330414,INFO,orders,Request OK
2026-01-28T19:45:09.531879,ERROR,auth,Null pointer
2026-01-28T19:45:09.733485,INFO,orders,Cache hit
2026-01-28T19:45:09.934736,INFO,payment,Request OK
2026-01-28T19:45:10.136336,INFO,search,Cache hit
2026-01-28T19:45:10.337331,WARN,orders,Cache hit
2026-01-28T19:45:10.538491,INFO,orders,Request OK
2026-01-28T19:45:10.739194,INFO,payment,Cache hit
2026-01-28T19:45:10.940381,INFO,auth,User login
2026-01-28T19:45:11.141534,INFO,orders,Cache hit
2026-01-28T19:45:11.342497,INFO,search,Request OK
2026-01-28T19:45:11.543967,INFO,auth,Cache hit
2026-01-28T19:45:11.744866,INFO,auth,Cache hit
2026-01-28T19:45:11.945803,INFO,auth,User login
2026-01-28T19:45:12.146675,INFO,payment,User login
2026-01-28T19:45:12.347603,INFO,orders,User login
2026-01-28T19:45:12.548274,INFO,search,Cache hit
2026-01-28T19:45:12.749502,INFO,search,User login
2026-01-28T19:45:12.951677,INFO,auth,Request OK
2026-01-28T19:45:13.152439,INFO,auth,User login
2026-01-28T19:45:13.353151,INFO,search,User login
2026-01-28T19:45:13.554387,INFO,auth,User login
2026-01-28T19:45:13.755478,INFO,auth,Request OK
2026-01-28T19:45:13.957201,INFO,auth,User login
2026-01-28T19:45:14.159077,INFO,auth,Request OK
2026-01-28T19:45:14.361987,INFO,orders,Request OK
2026-01-28T19:45:14.563980,INFO,auth,Cache hit
2026-01-28T19:45:14.765394,INFO,auth,Cache hit
2026-01-28T19:45:14.967392,INFO,auth,Request OK
2026-01-28T19:45:15.169652,INFO,orders,Cache hit
2026-01-28T19:45:15.370652,INFO,payment,Cache hit
2026-01-28T19:45:15.571603,INFO,auth,User login
2026-01-28T19:45:15.772586,INFO,auth,Cache hit
2026-01-28T19:45:15.975257,INFO,orders,User login
2026-01-28T19:45:16.176393,INFO,orders,Request OK
2026-01-28T19:45:16.377264,INFO,orders,Cache hit
2026-01-28T19:45:16.578243,INFO,search,Request OK
2026-01-28T19:45:16.779353,INFO,auth,Cache hit
2026-01-28T19:45:16.980511,INFO,payment,Cache hit
2026-01-28T19:45:17.181715,INFO,search,Cache hit
2026-01-28T19:45:17.386604,INFO,auth,Cache hit
2026-01-28T19:45:17.587796,INFO,orders,Request OK
2026-01-28T19:45:17.789438,INFO,payment,Cache hit
2026-01-28T19:45:17.992153,ERROR,auth,Timeout
2026-01-28T19:45:18.193307,INFO,search,User login
2026-01-28T19:45:18.394045,INFO,search,Cache hit
2026-01-28T19:45:18.595339,INFO,search,Request OK
2026-01-28T19:45:18.796910,INFO,auth,Request OK
2026-01-28T19:45:18.998046,INFO,payment,User login
2026-01-28T19:45:19.199913,INFO,search,Request OK
2026-01-28T19:45:19.400997,INFO,orders,Request OK
2026-01-28T19:45:19.602135,INFO,auth,Cache hit
2026-01-28T19:45:19.804199,WARN,auth,Cache hit
2026-01-28T19:45:20.005420,INFO,search,Request OK
2026-01-28T19:45:20.206501,INFO,orders,Request OK
2026-01-28T19:45:20.408066,INFO,payment,Request OK
2026-01-28T19:45:20.609192,INFO,payment,User login
2026-01-28T19:45:20.810411,ERROR,orders,DB failure
2026-01-28T19:45:21.012078,INFO,orders,Request OK
2026-01-28T19:45:21.216655,INFO,payment,Cache hit
2026-01-28T19:45:21.417688,INFO,auth,Cache hit
2026-01-28T19:45:21.619040,INFO,auth,Request OK
2026-01-28T19:45:21.820590,INFO,auth,Cache hit
2026-01-28T19:45:22.021982,INFO,search,User login
2026-01-28T19:45:22.222997,INFO,payment,User login
2026-01-28T19:45:22.424491,ERROR,payment,Null pointer
2026-01-28T19:45:22.625894,INFO,payment,Request OK
2026-01-28T19:45:22.826834,ERROR,auth,Null pointer
2026-01-28T19:45:23.027644,INFO,payment,User login
2026-01-28T19:45:23.228391,INFO,search,User login
2026-01-28T19:45:23.429146,INFO,payment,Request OK
2026-01-28T19:45:23.630475,INFO,orders,User login
2026-01-28T19:45:23.831741,INFO,auth,Cache hit
2026-01-28T19:45:24.033340,INFO,payment,User login
2026-01-28T19:45:24.234341,INFO,search,Cache hit
2026-01-28T19:45:24.436029,INFO,auth,Request OK
2026-01-28T19:45:24.637877,INFO,search,User login
2026-01-28T19:45:24.839458,INFO,payment,Request OK
2026-01-28T19:45:25.040878,INFO,payment,User login
2026-01-28T19:45:25.242210,ERROR,auth,Timeout
2026-01-28T19:45:25.443844,WARN,auth,Request OK
2026-01-28T19:45:25.644579,INFO,search,User login
2026-01-28T19:45:25.846104,INFO,orders,Request OK
2026-01-28T19:45:26.047465,INFO,search,User login
2026-01-28T19:45:26.251297,INFO,auth,Cache hit
2026-01-28T19:45:26.453539,INFO,auth,Request OK
2026-01-28T19:45:26.655979,INFO,orders,User login
2026-01-28T19:45:26.857014,INFO,orders,Cache hit
2026-01-28T19:45:27.058195,INFO,orders,User login
2026-01-28T19:45:27.259207,INFO,orders,User login
2026-01-28T19:45:27.460175,INFO,search,User login
2026-01-28T19:45:27.661092,INFO,payment,Cache hit
2026-01-28T19:45:27.866352,INFO,search,Cache hit
2026-01-28T19:45:28.075440,INFO,auth,Request OK
2026-01-28T19:45:28.276199,WARN,payment,Cache hit
2026-01-28T19:45:28.477477,INFO,payment,Cache hit
2026-01-28T19:45:28.679031,INFO,search,Request OK
2026-01-28T19:45:28.879980,INFO,orders,Cache hit
2026-01-28T19:45:29.081314,INFO,search,Request OK
2026-01-28T19:45:29.282790,INFO,orders,Request OK
2026-01-28T19:45:29.483607,INFO,auth,Cache hit
2026-01-28T19:45:29.684668,ERROR,orders,Null pointer
2026-01-28T19:45:29.885455,INFO,orders,Request OK
2026-01-28T19:45:30.086351,INFO,payment,Request OK
2026-01-28T19:45:30.287685,INFO,search,Cache hit
2026-01-28T19:45:30.488801,INFO,search,Cache hit
2026-01-28T19:45:30.690970,ERROR,payment,DB failure
2026-01-28T19:45:30.891995,INFO,auth,Request OK
2026-01-28T19:45:31.092783,INFO,search,Request OK
2026-01-28T19:45:31.294203,INFO,auth,Request OK
2026-01-28T19:45:31.495388,WARN,search,User login
2026-01-28T19:45:31.696182,INFO,payment,Request OK
2026-01-28T19:45:31.897328,WARN,payment,Cache hit
2026-01-28T19:45:32.099335,ERROR,search,Null pointer
2026-01-28T19:45:32.300145,ERROR,search,Null pointer
2026-01-28T19:45:32.500895,WARN,orders,Request OK
2026-01-28T19:45:32.701818,INFO,orders,Request OK
2026-01-28T19:45:32.902674,INFO,payment,Request OK
2026-01-28T19:45:33.103430,INFO,orders,Request OK
2026-01-28T19:45:33.304400,INFO,search,Request OK
2026-01-28T19:45:33.506035,INFO,orders,Request OK
2026-01-28T19:45:33.706801,ERROR,payment,Null pointer
2026-01-28T19:45:33.907893,INFO,payment,Request OK
2026-01-28T19:45:34.108990,INFO,orders,User login
2026-01-28T19:45:34.309911,INFO,payment,Request OK
2026-01-28T19:45:34.511202,WARN,auth,User login
2026-01-28T19:45:34.712248,INFO,auth,Cache hit
2026-01-28T19:45:34.914509,INFO,search,User login
2026-01-28T19:45:35.115608,INFO,auth,Request OK
2026-01-28T19:45:35.316651,INFO,search,User login
2026-01-28T19:45:35.517766,INFO,orders,User login
2026-01-28T19:45:35.719014,INFO,orders,Cache hit
2026-01-28T19:45:35.920429,INFO,orders,Cache hit
2026-01-28T19:45:36.121569,INFO,payment,Cache hit
2026-01-28T19:45:36.323074,INFO,orders,Cache hit
2026-01-28T19:45:36.524359,WARN,search,Cache hit
2026-01-28T19:45:36.725898,INFO,search,Request OK
2026-01-28T19:45:36.927274,INFO,auth,Cache hit
2026-01-28T19:45:37.128084,INFO,payment,Cache hit
2026-01-28T19:45:37.329236,ERROR,orders,DB failure
2026-01-28T19:45:37.530458,INFO,orders,Cache hit
2026-01-28T19:45:37.731535,INFO,auth,Request OK
2026-01-28T19:45:37.932696,INFO,auth,Cache hit
2026-01-28T19:45:38.133568,INFO,auth,Request OK
2026-01-28T19:45:38.334578,INFO,payment,Cache hit
2026-01-28T19:45:38.535619,INFO,orders,User login
2026-01-28T19:45:38.736578,INFO,auth,Cache hit
2026-01-28T19:45:38.938048,INFO,orders,User login
2026-01-28T19:45:39.139326,WARN,orders,User login
2026-01-28T19:45:39.340924,INFO,search,Request OK
2026-01-28T19:45:39.541802,ERROR,search,Timeout
2026-01-28T19:45:39.742537,INFO,auth,Cache hit
2026-01-28T19:45:39.943691,INFO,auth,Cache hit
2026-01-28T19:45:40.144762,INFO,payment,Request OK
2026-01-28T19:45:40.345863,ERROR,payment,Null pointer
2026-01-28T19:45:40.546520,INFO,search,User login
2026-01-28T19:45:40.747476,INFO,auth,User login
2026-01-28T19:45:40.948955,INFO,search,Cache hit
2026-01-28T19:45:41.149858,INFO,orders,Cache hit
2026-01-28T19:45:41.351049,INFO,auth,User login
2026-01-28T19:45:41.552271,ERROR,payment,Timeout
2026-01-28T19:45:41.753757,INFO,orders,Cache hit
2026-01-28T19:45:41.954548,WARN,search,Request OK
2026-01-28T19:45:42.155852,INFO,auth,User login
2026-01-28T19:45:42.357632,INFO,payment,User login
2026-01-28T19:45:42.559089,ERROR,search,DB failure
2026-01-28T19:45:42.760056,INFO,auth,User login
2026-01-28T19:45:42.961074,INFO,orders,Cache hit
2026-01-28T19:45:43.162408,ERROR,auth,Timeout
2026-01-28T19:45:43.363319,INFO,search,Request OK
2026-01-28T19:45:43.564370,INFO,auth,Cache hit
2026-01-28T19:45:43.765926,INFO,orders,Request OK
2026-01-28T19:45:43.967091,INFO,orders,Cache hit
2026-01-28T19:45:44.168118,INFO,auth,Cache hit
2026-01-28T19:45:44.369274,INFO,search,User login
2026-01-28T19:45:44.570267,INFO,search,Cache hit
2026-01-28T19:45:44.771534,INFO,payment,Cache hit
2026-01-28T19:45:44.972453,INFO,payment,Cache hit
2026-01-28T19:45:45.174292,INFO,auth,User login
2026-01-28T19:45:45.375840,INFO,orders,Cache hit
2026-01-28T19:45:45.577047,INFO,payment,Request OK
2026-01-28T19:45:45.778184,INFO,orders,Request OK
2026-01-28T19:45:45.979773,INFO,payment,Cache hit
2026-01-28T19:45:46.180962,INFO,auth,User login
2026-01-28T19:45:46.382309,INFO,payment,User login
2026-01-28T19:45:46.583052,ERROR,payment,Null pointer
2026-01-28T19:45:46.784500,INFO,payment,Cache hit
2026-01-28T19:45:46.985188,INFO,auth,Request OK
2026-01-28T19:45:47.186295,INFO,auth,Request OK
2026-01-28T19:45:47.386993,ERROR,orders,DB failure
2026-01-28T19:45:47.589540,INFO,search,Request OK
2026-01-28T19:45:47.790760,INFO,auth,Request OK
2026-01-28T19:45:47.994631,INFO,payment,Cache hit
2026-01-28T19:45:48.197924,INFO,orders,Cache hit
2026-01-28T19:45:48.398923,INFO,orders,Cache hit
2026-01-28T19:45:48.601749,ERROR,search,Null pointer
2026-01-28T19:45:48.802941,ERROR,search,DB failure
2026-01-28T19:45:49.005262,INFO,orders,User login
2026-01-28T19:45:49.206715,INFO,payment,Request OK
2026-01-28T19:45:49.407772,INFO,search,Cache hit
2026-01-28T19:45:49.608901,INFO,orders,Request OK
2026-01-28T19:45:49.810106,INFO,search,Cache hit
2026-01-28T19:45:50.011952,INFO,auth,User login
2026-01-28T19:45:50.213300,INFO,orders,Cache hit
2026-01-28T19:45:50.414417,INFO,auth,Cache hit
2026-01-28T19:45:50.616498,INFO,auth,Request OK
2026-01-28T19:45:50.817683,INFO,orders,Request OK
2026-01-28T19:45:51.018685,INFO,payment,Cache hit
2026-01-28T19:45:51.221103,INFO,search,User login
2026-01-28T19:45:51.422910,INFO,search,Cache hit
2026-01-28T19:45:51.624341,INFO,orders,Request OK
2026-01-28T19:45:51.826402,ERROR,payment,DB failure
2026-01-28T19:45:52.031220,INFO,orders,Cache hit
2026-01-28T19:45:52.232269,INFO,search,User login
2026-01-28T19:45:52.433440,INFO,payment,Cache hit
2026-01-28T19:45:52.634497,INFO,orders,Cache hit
2026-01-28T19:45:52.835825,INFO,auth,Request OK
2026-01-28T19:45:53.036678,INFO,payment,Cache hit
2026-01-28T19:45:53.237837,WARN,orders,Cache hit
2026-01-28T19:45:53.439229,INFO,orders,User login
2026-01-28T19:45:53.640018,INFO,payment,Request OK
2026-01-28T19:45:53.840777,INFO,orders,User login
2026-01-28T19:45:54.041644,INFO,payment,User login
2026-01-28T19:45:54.242620,INFO,auth,Cache hit
2026-01-28T19:45:54.443679,INFO,orders,Cache hit
2026-01-28T19:45:54.644454,INFO,orders,Request OK
2026-01-28T19:45:54.845683,INFO,orders,Cache hit
2026-01-28T19:45:55.046740,INFO,orders,Cache hit
2026-01-28T19:45:55.247556,INFO,orders,Request OK
2026-01-28T19:45:55.448666,INFO,orders,Request OK
2026-01-28T19:45:55.650003,INFO,search,Request OK
2026-01-28T19:45:55.850976,INFO,auth,User login
2026-01-28T19:45:56.052234,WARN,search,User login
2026-01-28T19:45:56.254132,WARN,search,Request OK
2026-01-28T19:45:56.455393,INFO,payment,User login
2026-01-28T19:45:56.656209,INFO,orders,Cache hit
2026-01-28T19:45:56.857065,INFO,orders,Cache hit
2026-01-28T19:45:57.058033,INFO,search,Cache hit
2026-01-28T19:45:57.259004,INFO,payment,Request OK
2026-01-28T19:45:57.460266,INFO,payment,Request OK
2026-01-28T19:45:57.661299,INFO,auth,User login
2026-01-28T19:45:57.862858,ERROR,search,Timeout
2026-01-28T19:45:58.063812,INFO,search,User login
2026-01-28T19:45:58.264796,INFO,search,User login
2026-01-28T19:45:58.465636,INFO,payment,Request OK
2026-01-28T19:45:58.666387,INFO,search,User login
2026-01-28T19:45:58.867171,INFO,payment,Cache hit
2026-01-28T19:45:59.068545,INFO,payment,Cache hit
2026-01-28T19:45:59.270364,INFO,orders,Request OK
2026-01-28T19:45:59.471767,INFO,orders,User login
2026-01-28T19:45:59.672641,WARN,orders,User login
2026-01-28T19:45:59.873786,INFO,orders,User login
2026-01-28T19:46:00.075003,INFO,payment,Cache hit
2026-01-28T19:46:00.275886,INFO,orders,Cache hit
2026-01-28T19:46:00.477041,INFO,orders,User login
2026-01-28T19:46:00.677960,INFO,orders,Cache hit
2026-01-28T19:46:00.878809,INFO,payment,Request OK
2026-01-28T19:46:01.080172,INFO,payment,User login
2026-01-28T19:46:01.281421,INFO,orders,Request OK
2026-01-28T19:46:01.482505,INFO,orders,Request OK
2026-01-28T19:46:01.683161,INFO,auth,Request OK
2026-01-28T19:46:01.884135,INFO,payment,Request OK
2026-01-28T19:46:02.085452,INFO,search,Request OK
2026-01-28T19:46:02.287701,INFO,auth,Cache hit
2026-01-28T19:46:02.488904,INFO,orders,Request OK
2026-01-28T19:46:02.690323,INFO,auth,Cache hit
2026-01-28T19:46:02.891215,INFO,search,Cache hit
2026-01-28T19:46:03.092296,INFO,auth,Request OK
2026-01-28T19:46:03.293259,INFO,search,User login
2026-01-28T19:46:03.495123,INFO,payment,Cache hit
2026-01-28T19:46:03.696111,ERROR,search,Timeout
2026-01-28T19:46:03.897206,INFO,search,Request OK
2026-01-28T19:46:04.098643,INFO,payment,Request OK
2026-01-28T19:46:04.299746,INFO,auth,User login
2026-01-28T19:46:04.500812,INFO,auth,Request OK
2026-01-28T19:46:04.701767,INFO,auth,Request OK
2026-01-28T19:46:04.902670,INFO,search,Request OK
2026-01-28T19:46:05.103905,ERROR,search,Null pointer
2026-01-28T19:46:05.305129,INFO,search,Cache hit
2026-01-28T19:46:05.506679,INFO,orders,Request OK
2026-01-28T19:46:05.707540,WARN,orders,Request OK
2026-01-28T19:46:05.908606,INFO,orders,Cache hit
2026-01-28T19:46:06.109868,INFO,auth,Request OK
2026-01-28T19:46:06.311043,WARN,search,User login
2026-01-28T19:46:06.512067,WARN,search,Cache hit
2026-01-28T19:46:06.713209,INFO,search,Request OK
2026-01-28T19:46:06.914938,INFO,payment,User login
2026-01-28T19:46:07.115890,INFO,payment,Cache hit
2026-01-28T19:46:07.316937,ERROR,payment,DB failure
2026-01-28T19:46:07.518829,INFO,search,Cache hit
2026-01-28T19:46:07.719834,INFO,payment,Request OK
2026-01-28T19:46:07.921299,INFO,search,Cache hit
2026-01-28T19:46:08.122454,WARN,payment,Cache hit
2026-01-28T19:46:08.323806,INFO,orders,User login
2026-01-28T19:46:08.525051,INFO,orders,Cache hit
2026-01-28T19:46:08.726261,INFO,orders,User login
2026-01-28T19:46:08.927155,INFO,auth,Cache hit
2026-01-28T19:46:09.127950,INFO,payment,User login
2026-01-28T19:46:09.328985,ERROR,auth,DB failure
2026-01-28T19:46:09.529860,INFO,auth,Cache hit
2026-01-28T19:46:09.732501,INFO,auth,User login
2026-01-28T19:46:09.934625,INFO,search,Request OK
2026-01-28T19:46:10.136698,INFO,auth,Request OK
2026-01-28T19:46:10.338086,INFO,orders,User login
2026-01-28T19:46:10.539695,INFO,auth,Cache hit
2026-01-28T19:46:10.742311,INFO,auth,Cache hit
2026-01-28T19:46:10.943926,INFO,auth,Request OK
2026-01-28T19:46:11.146323,WARN,auth,User login
2026-01-28T19:46:11.347493,INFO,orders,Request OK
2026-01-28T19:46:11.548597,INFO,orders,Cache hit
2026-01-28T19:46:11.749807,ERROR,payment,DB failure
2026-01-28T19:46:11.951248,ERROR,payment,DB failure
2026-01-28T19:46:12.153207,INFO,search,Request OK
2026-01-28T19:46:12.358465,ERROR,search,DB failure
2026-01-28T19:46:12.560350,INFO,auth,User login
2026-01-28T19:46:12.762881,INFO,orders,User login
2026-01-28T19:46:12.963873,WARN,orders,User login
2026-01-28T19:46:13.164573,ERROR,search,DB failure
2026-01-28T19:46:13.366203,INFO,auth,User login
2026-01-28T19:46:13.568210,INFO,payment,Cache hit
2026-01-28T19:46:13.769878,INFO,payment,Cache hit
2026-01-28T19:46:13.970744,INFO,payment,Request OK
2026-01-28T19:46:14.171700,INFO,search,User login
2026-01-28T19:46:14.372590,WARN,orders,Request OK
2026-01-28T19:46:14.573543,INFO,auth,User login
2026-01-28T19:46:14.774957,ERROR,orders,DB failure
2026-01-28T19:46:14.976513,INFO,payment,User login
2026-01-28T19:46:15.179746,INFO,payment,Request OK
2026-01-28T19:46:15.381025,INFO,payment,Request OK
2026-01-28T19:46:15.582370,WARN,auth,User login
2026-01-28T19:46:15.783238,INFO,auth,Request OK
2026-01-28T19:46:15.983977,INFO,search,Request OK
2026-01-28T19:46:16.184962,INFO,payment,User login
2026-01-28T19:46:16.385685,INFO,orders,User login
2026-01-28T19:46:16.587445,INFO,payment,Cache hit
2026-01-28T19:46:16.788363,INFO,payment,User login
2026-01-28T19:46:16.989247,INFO,payment,User login
2026-01-28T19:46:17.189818,INFO,payment,Request OK
2026-01-28T19:46:17.391065,INFO,auth,Cache hit
2026-01-28T19:46:17.592215,INFO,auth,Request OK
2026-01-28T19:46:17.793727,INFO,auth,User login
2026-01-28T19:46:17.995817,INFO,search,User login
2026-01-28T19:46:18.196787,INFO,orders,Request OK
2026-01-28T19:46:18.398300,INFO,auth,User login
2026-01-28T19:46:18.599403,INFO,payment,User login
2026-01-28T19:46:18.800346,INFO,payment,Cache hit
2026-01-28T19:46:19.001656,INFO,orders,User login
2026-01-28T19:46:19.202535,INFO,auth,Request OK
2026-01-28T19:46:19.404113,ERROR,auth,DB failure
2026-01-28T19:46:19.605120,INFO,search,Request OK
2026-01-28T19:46:19.806185,INFO,search,Request OK
2026-01-28T19:46:20.007318,INFO,search,User login
2026-01-28T19:46:20.208265,INFO,search,User login
2026-01-28T19:46:20.409304,INFO,auth,User login
2026-01-28T19:46:20.610470,INFO,payment,Request OK
2026-01-28T19:46:20.812117,INFO,auth,Cache hit
2026-01-28T19:46:21.013004,INFO,search,User login
2026-01-28T19:46:21.214639,INFO,orders,Cache hit
2026-01-28T19:46:21.416323,INFO,payment,User login
2026-01-28T19:46:21.617538,INFO,search,Cache hit
2026-01-28T19:46:21.818712,INFO,orders,Request OK
2026-01-28T19:46:22.019408,INFO,search,Request OK
2026-01-28T19:46:22.221168,WARN,auth,User login
2026-01-28T19:46:22.422030,INFO,auth,Request OK
2026-01-28T19:46:22.623092,INFO,search,User login
2026-01-28T19:46:22.824656,WARN,payment,Cache hit
2026-01-28T19:46:23.025675,INFO,payment,Request OK
2026-01-28T19:46:23.226800,INFO,payment,Cache hit
2026-01-28T19:46:23.427882,INFO,payment,User login
2026-01-28T19:46:23.629413,INFO,auth,Cache hit
2026-01-28T19:46:23.830804,INFO,payment,User login
2026-01-28T19:46:24.032159,INFO,auth,User login
2026-01-28T19:46:24.233200,INFO,orders,User login
2026-01-28T19:46:24.434116,INFO,payment,Request OK
2026-01-28T19:46:24.635418,INFO,payment,Request OK
2026-01-28T19:46:24.836673,INFO,auth,Request OK
2026-01-28T19:46:25.038059,INFO,orders,Request OK
2026-01-28T19:46:25.239384,INFO,orders,Cache hit
2026-01-28T19:46:25.440390,INFO,orders,Request OK
2026-01-28T19:46:25.641402,INFO,orders,User login
2026-01-28T19:46:25.843013,WARN,search,Cache hit
2026-01-28T19:46:26.043931,INFO,search,Cache hit
2026-01-28T19:46:26.244862,INFO,auth,Cache hit
2026-01-28T19:46:26.445982,INFO,payment,Request OK
2026-01-28T19:46:26.647841,INFO,search,User login
2026-01-28T19:46:26.850226,INFO,search,User login
2026-01-28T19:46:27.051825,INFO,auth,Request OK
2026-01-28T19:46:27.252923,INFO,orders,Request OK
2026-01-28T19:46:27.453493,INFO,payment,Request OK
2026-01-28T19:46:27.654204,INFO,payment,Request OK
2026-01-28T19:46:27.855008,INFO,search,Cache hit
2026-01-28T19:46:28.056375,INFO,auth,User login
2026-01-28T19:46:28.258491,ERROR,auth,DB failure
2026-01-28T19:46:28.459455,ERROR,search,Timeout
2026-01-28T19:46:28.660282,INFO,orders,User login
2026-01-28T19:46:28.861353,INFO,payment,Cache hit
2026-01-28T19:46:29.062244,INFO,search,Cache hit
2026-01-28T19:46:29.262981,ERROR,orders,DB failure
2026-01-28T19:46:29.464354,INFO,payment,Request OK
2026-01-28T19:46:29.665955,ERROR,orders,Timeout
2026-01-28T19:46:29.868311,INFO,auth,User login
2026-01-28T19:46:30.069431,INFO,search,Cache hit
2026-01-28T19:46:30.270389,WARN,search,User login
2026-01-28T19:46:30.471800,WARN,auth,User login
2026-01-28T19:46:30.672993,INFO,search,User login
2026-01-28T19:46:30.873728,INFO,orders,User login
2026-01-28T19:46:31.075503,INFO,payment,Cache hit
2026-01-28T19:46:31.277717,INFO,orders,Cache hit
2026-01-28T19:46:31.478718,INFO,auth,Request OK
2026-01-28T19:46:31.679972,INFO,auth,User login
2026-01-28T19:46:31.881057,INFO,orders,Cache hit
2026-01-28T19:46:32.082025,WARN,search,Request OK
2026-01-28T19:46:32.282840,INFO,orders,User login
2026-01-28T19:46:32.483560,INFO,search,User login
2026-01-28T19:46:32.685070,ERROR,search,Null pointer
2026-01-28T19:46:32.885778,ERROR,payment,Timeout
2026-01-28T19:46:33.086772,INFO,search,Cache hit
2026-01-28T19:46:33.287738,INFO,payment,Request OK
2026-01-28T19:46:33.488588,INFO,payment,Request OK
2026-01-28T19:46:33.689326,INFO,payment,User login
2026-01-28T19:46:33.890728,WARN,orders,User login
2026-01-28T19:46:34.093575,INFO,search,Cache hit
2026-01-28T19:46:34.294456,INFO,search,Request OK
2026-01-28T19:46:34.495225,INFO,orders,Request OK
2026-01-28T19:46:34.696280,INFO,payment,Cache hit
2026-01-28T19:46:34.897456,INFO,auth,User login
2026-01-28T19:46:35.098594,INFO,auth,Cache hit
2026-01-28T19:46:35.300530,INFO,orders,Request OK
2026-01-28T19:46:35.501737,INFO,auth,Request OK
2026-01-28T19:46:35.702685,INFO,orders,Request OK
2026-01-28T19:46:35.903635,INFO,search,Cache hit
2026-01-28T19:46:36.105330,INFO,auth,User login
2026-01-28T19:46:36.308269,ERROR,orders,Null pointer
2026-01-28T19:46:36.509150,INFO,auth,Request OK
2026-01-28T19:46:36.709990,INFO,auth,User login
2026-01-28T19:46:36.911237,INFO,payment,User login
2026-01-28T19:46:37.113436,INFO,auth,Cache hit
2026-01-28T19:46:37.314338,INFO,payment,Cache hit
2026-01-28T19:46:37.516027,INFO,search,User login
2026-01-28T19:46:37.717238,INFO,orders,Request OK
2026-01-28T19:46:37.918181,INFO,auth,Request OK
2026-01-28T19:46:38.119386,INFO,search,Cache hit
2026-01-28T19:46:38.321321,INFO,auth,Cache hit
2026-01-28T19:46:38.522811,ERROR,auth,Timeout
2026-01-28T19:46:38.724509,ERROR,search,Timeout
2026-01-28T19:46:38.925290,INFO,auth,User login
2026-01-28T19:46:39.126445,INFO,auth,Cache hit
2026-01-28T19:46:39.327727,INFO,auth,Cache hit
2026-01-28T19:46:39.528882,INFO,search,User login
2026-01-28T19:46:39.730741,ERROR,auth,Null pointer
2026-01-28T19:46:39.932711,INFO,auth,User login
2026-01-28T19:46:40.134559,INFO,auth,User login
2026-01-28T19:46:40.335320,INFO,payment,Cache hit
2026-01-28T19:46:40.536189,INFO,auth,Cache hit
2026-01-28T19:46:40.737189,ERROR,payment,Timeout
2026-01-28T19:46:40.938268,WARN,search,Cache hit
2026-01-28T19:46:41.139372,INFO,search,Request OK
2026-01-28T19:46:41.340690,INFO,orders,User login
2026-01-28T19:46:41.541407,INFO,payment,Request OK
2026-01-28T19:46:41.742897,INFO,auth,Cache hit
2026-01-28T19:46:41.943579,INFO,payment,User login
2026-01-28T19:46:42.144530,INFO,search,Cache hit
2026-01-28T19:46:42.345583,INFO,orders,User login
2026-01-28T19:46:42.546489,WARN,auth,Cache hit
2026-01-28T19:46:42.747346,INFO,auth,Request OK
2026-01-28T19:46:42.948346,INFO,search,Request OK
2026-01-28T19:46:43.149286,INFO,payment,Request OK
2026-01-28T19:46:43.350412,INFO,payment,Request OK
2026-01-28T19:46:43.551122,INFO,orders,Cache hit
2026-01-28T19:46:43.752337,INFO,payment,Cache hit
2026-01-28T19:46:43.954197,WARN,payment,Request OK
2026-01-28T19:46:44.155137,INFO,auth,Request OK
2026-01-28T19:46:44.356108,INFO,payment,Request OK
2026-01-28T19:46:44.557516,INFO,payment,Request OK
2026-01-28T19:46:44.759215,INFO,search,User login
2026-01-28T19:46:44.960248,INFO,auth,Cache hit
2026-01-28T19:46:45.161492,INFO,auth,Request OK
2026-01-28T19:46:45.362672,INFO,search,Cache hit
2026-01-28T19:46:45.564153,INFO,orders,Cache hit
2026-01-28T19:46:45.764895,INFO,orders,Cache hit
2026-01-28T19:46:45.965881,INFO,auth,Request OK
2026-01-28T19:46:46.167321,INFO,payment,Request OK
2026-01-28T19:46:46.368557,WARN,auth,Request OK
2026-01-28T19:46:46.569959,ERROR,auth,DB failure
2026-01-28T19:46:46.770950,ERROR,payment,Timeout
2026-01-28T19:46:46.971687,WARN,search,Request OK
2026-01-28T19:46:47.173022,INFO,search,Request OK
2026-01-28T19:46:47.374011,INFO,auth,Request OK
2026-01-28T19:46:47.575773,INFO,search,Cache hit
2026-01-28T19:46:47.776608,INFO,auth,Request OK
2026-01-28T19:46:47.978060,INFO,payment,User login
2026-01-28T19:46:48.179324,ERROR,auth,Timeout
2026-01-28T19:46:48.380180,INFO,search,User login
2026-01-28T19:46:48.581213,WARN,search,User login
2026-01-28T19:46:48.781981,INFO,orders,Cache hit
2026-01-28T19:46:48.983179,WARN,orders,Cache hit
2026-01-28T19:46:49.184613,WARN,search,Request OK
2026-01-28T19:46:49.386072,INFO,auth,User login
2026-01-28T19:46:49.587912,INFO,orders,Cache hit
2026-01-28T19:46:49.789607,INFO,search,User login
2026-01-28T19:46:49.990701,INFO,search,User login
2026-01-28T19:46:50.191599,INFO,orders,Request OK
2026-01-28T19:46:50.392660,INFO,orders,Request OK
2026-01-28T19:46:50.594319,INFO,orders,User login
2026-01-28T19:46:50.795698,INFO,auth,Cache hit
2026-01-28T19:46:50.996620,INFO,payment,Request OK
2026-01-28T19:46:51.197470,ERROR,search,Timeout
2026-01-28T19:46:51.398394,INFO,orders,Cache hit
2026-01-28T19:46:51.599960,INFO,payment,User login
2026-01-28T19:46:51.810333,INFO,payment,Cache hit
2026-01-28T19:46:52.014173,INFO,auth,Cache hit
2026-01-28T19:46:52.215979,INFO,orders,Cache hit
2026-01-28T19:46:52.418194,INFO,search,Request OK
2026-01-28T19:46:52.620193,INFO,auth,Cache hit
2026-01-28T19:46:52.822083,INFO,auth,Cache hit
2026-01-28T19:46:53.024122,INFO,payment,Cache hit
2026-01-28T19:46:53.225489,INFO,orders,User login
2026-01-28T19:46:53.428286,INFO,payment,Cache hit
2026-01-28T19:46:53.629918,ERROR,search,Null pointer
2026-01-28T19:46:53.832634,INFO,payment,Cache hit
2026-01-28T19:46:54.034136,INFO,auth,Cache hit
2026-01-28T19:46:54.235372,INFO,payment,User login
2026-01-28T19:46:54.437307,INFO,orders,User login
2026-01-28T19:46:54.640453,INFO,search,Cache hit
2026-01-28T19:46:54.841279,INFO,payment,Request OK
2026-01-28T19:46:55.042392,INFO,search,Cache hit
2026-01-28T19:46:55.243596,INFO,auth,Request OK
2026-01-28T19:46:55.446379,ERROR,payment,Timeout
2026-01-28T19:46:55.648163,INFO,orders,Request OK
2026-01-28T19:46:55.850420,INFO,payment,Cache hit
2026-01-28T19:46:56.051638,INFO,search,Cache hit
2026-01-28T19:46:56.252942,INFO,payment,User login
2026-01-28T19:46:56.453908,INFO,payment,Request OK
2026-01-28T19:46:56.654865,WARN,payment,Cache hit
2026-01-28T19:46:56.855642,INFO,payment,Cache hit
2026-01-28T19:46:57.056873,INFO,payment,User login
2026-01-28T19:46:57.258366,INFO,auth,User login
2026-01-28T19:46:57.459737,INFO,search,Request OK
2026-01-28T19:46:57.660850,INFO,payment,Request OK
2026-01-28T19:46:57.861687,WARN,auth,Request OK
2026-01-28T19:46:58.062805,INFO,payment,Cache hit
2026-01-28T19:46:58.264158,INFO,auth,Request OK
2026-01-28T19:46:58.465799,INFO,payment,Request OK
2026-01-28T19:46:58.667733,INFO,payment,User login
2026-01-28T19:46:58.869028,INFO,search,Cache hit
2026-01-28T19:46:59.070200,INFO,orders,Request OK
2026-01-28T19:46:59.271358,INFO,payment,Cache hit
2026-01-28T19:46:59.473141,INFO,payment,Cache hit
2026-01-28T19:46:59.674727,WARN,orders,User login
2026-01-28T19:46:59.875996,INFO,payment,User login
2026-01-28T19:47:00.078735,INFO,orders,Cache hit
2026-01-28T19:47:00.281719,ERROR,orders,DB failure
2026-01-28T19:47:00.483918,INFO,orders,Request OK
2026-01-28T19:47:00.686222,INFO,auth,Cache hit
2026-01-28T19:47:00.887956,INFO,auth,Cache hit
2026-01-28T19:47:01.090066,INFO,search,User login
2026-01-28T19:47:01.291570,INFO,orders,Request OK
2026-01-28T19:47:01.493969,INFO,auth,User login
2026-01-28T19:47:01.696079,INFO,auth,Request OK
2026-01-28T19:47:01.899212,WARN,payment,Request OK
2026-01-28T19:47:02.102155,INFO,search,Cache hit
2026-01-28T19:47:02.304749,INFO,orders,Cache hit
2026-01-28T19:47:02.509153,INFO,orders,User login
2026-01-28T19:47:02.711334,INFO,auth,User login
2026-01-28T19:47:02.913121,INFO,orders,Cache hit
2026-01-28T19:47:03.115343,INFO,search,User login
2026-01-28T19:47:03.317538,INFO,search,Cache hit
2026-01-28T19:47:03.519810,INFO,orders,Request OK
2026-01-28T19:47:03.722231,INFO,orders,Request OK
2026-01-28T19:47:03.923707,INFO,payment,Cache hit
2026-01-28T19:47:04.127537,INFO,search,Cache hit
2026-01-28T19:47:04.331652,INFO,auth,User login
2026-01-28T19:47:04.533456,INFO,orders,User login
2026-01-28T19:47:04.735767,INFO,auth,User login
2026-01-28T19:47:04.937720,INFO,search,User login
2026-01-28T19:47:05.140653,INFO,auth,Cache hit
2026-01-28T19:47:05.343613,INFO,auth,User login
2026-01-28T19:47:05.546156,INFO,search,Request OK
2026-01-28T19:47:05.748439,ERROR,orders,Null pointer
2026-01-28T19:47:05.950570,INFO,search,Cache hit
2026-01-28T19:47:06.153236,INFO,orders,Cache hit
2026-01-28T19:47:06.355896,WARN,orders,Cache hit
2026-01-28T19:47:06.558961,INFO,orders,Request OK
2026-01-28T19:47:06.761880,INFO,payment,Request OK
2026-01-28T19:47:06.965827,INFO,payment,Cache hit
2026-01-28T19:47:07.167508,INFO,orders,Request OK
2026-01-28T19:47:07.371193,INFO,search,Cache hit
2026-01-28T19:47:07.573878,ERROR,payment,DB failure
2026-01-28T19:47:07.776870,INFO,auth,Request OK
2026-01-28T19:47:07.979344,INFO,auth,Cache hit
2026-01-28T19:47:08.182146,INFO,search,Request OK
2026-01-28T19:47:08.384316,INFO,auth,Request OK
2026-01-28T19:47:08.587616,INFO,payment,Request OK
2026-01-28T19:47:08.791010,ERROR,auth,Timeout
2026-01-28T19:47:08.994474,INFO,payment,Request OK
2026-01-28T19:47:09.199404,INFO,payment,Request OK
2026-01-28T19:47:09.401473,INFO,auth,User login
2026-01-28T19:47:09.605891,INFO,search,Cache hit
2026-01-28T19:47:09.808769,INFO,search,Request OK
2026-01-28T19:47:10.012935,INFO,search,Request OK
2026-01-28T19:47:10.215575,INFO,search,Cache hit
2026-01-28T19:47:10.417613,INFO,auth,Cache hit
2026-01-28T19:47:10.619603,INFO,payment,Cache hit
2026-01-28T19:47:10.821946,INFO,auth,Cache hit
2026-01-28T19:47:11.023965,INFO,payment,User login
2026-01-28T19:47:11.226778,INFO,search,Cache hit
2026-01-28T19:47:11.428573,WARN,auth,Cache hit
2026-01-28T19:47:11.631017,INFO,orders,Cache hit
2026-01-28T19:47:11.833188,INFO,payment,User login
2026-01-28T19:47:12.036478,INFO,payment,Cache hit
2026-01-28T19:47:12.239602,WARN,search,Request OK
2026-01-28T19:47:12.443084,INFO,orders,Cache hit
2026-01-28T19:47:12.646094,INFO,auth,User login
2026-01-28T19:47:12.848732,WARN,orders,User login
2026-01-28T19:47:13.050685,INFO,payment,User login
2026-01-28T19:47:13.254153,WARN,search,Cache hit
2026-01-28T19:47:13.456389,INFO,payment,Cache hit
2026-01-28T19:47:13.659847,INFO,orders,Cache hit
2026-01-28T19:47:13.863457,INFO,payment,Request OK
2026-01-28T19:47:14.069883,INFO,auth,User login
2026-01-28T19:47:14.273597,INFO,payment,Cache hit
2026-01-28T19:47:14.475901,ERROR,payment,DB failure
2026-01-28T19:47:14.677830,INFO,orders,Cache hit
2026-01-28T19:47:14.879869,INFO,search,User login
2026-01-28T19:47:15.083033,INFO,search,User login
2026-01-28T19:47:15.286313,INFO,auth,Request OK
2026-01-28T19:47:15.488747,INFO,payment,Cache hit
2026-01-28T19:47:15.691775,INFO,orders,Request OK
2026-01-28T19:47:15.894178,INFO,orders,Request OK
2026-01-28T19:47:16.096617,ERROR,search,Timeout
2026-01-28T19:47:16.298908,INFO,payment,Cache hit
2026-01-28T19:47:16.502402,INFO,payment,Request OK
2026-01-28T19:47:16.704693,ERROR,payment,Timeout
2026-01-28T19:47:16.907009,ERROR,auth,Null pointer
2026-01-28T19:47:17.110707,INFO,orders,User login
2026-01-28T19:47:17.313092,INFO,orders,Request OK
2026-01-28T19:47:17.515224,INFO,payment,Request OK
2026-01-28T19:47:17.717443,INFO,search,Cache hit
2026-01-28T19:47:17.919889,INFO,auth,Cache hit
2026-01-28T19:47:18.122538,INFO,search,Request OK
2026-01-28T19:47:18.324795,INFO,search,Request OK
2026-01-28T19:47:18.527826,INFO,payment,Request OK
2026-01-28T19:47:18.730595,INFO,payment,Cache hit
2026-01-28T19:47:18.933093,INFO,orders,Request OK
2026-01-28T19:47:19.135020,ERROR,auth,DB failure
2026-01-28T19:47:19.337597,INFO,search,Cache hit
2026-01-28T19:47:19.540675,INFO,auth,Request OK
2026-01-28T19:47:19.743023,INFO,orders,User login
2026-01-28T19:47:19.945313,INFO,search,User login
2026-01-28T19:47:20.147347,ERROR,payment,DB failure
2026-01-28T19:47:20.349192,INFO,payment,User login
2026-01-28T19:47:20.551039,INFO,auth,Request OK
2026-01-28T19:47:20.753535,INFO,search,User login
2026-01-28T19:47:20.955856,INFO,search,User login
2026-01-28T19:47:21.157710,INFO,search,Cache hit
2026-01-28T19:47:21.359368,INFO,payment,Request OK
2026-01-28T19:47:21.561480,INFO,orders,User login
2026-01-28T19:47:21.763584,WARN,search,Cache hit
2026-01-28T19:47:21.966513,ERROR,auth,DB failure
2026-01-28T19:47:22.168668,INFO,orders,Request OK
2026-01-28T19:47:22.371029,INFO,orders,Cache hit
2026-01-28T19:47:22.572878,INFO,payment,User login
2026-01-28T19:47:22.775588,INFO,search,Request OK
2026-01-28T19:47:22.977955,INFO,search,Request OK
2026-01-28T19:47:23.180580,ERROR,orders,DB failure
2026-01-28T19:47:23.382744,ERROR,orders,Null pointer
2026-01-28T19:47:23.585057,INFO,search,Request OK
2026-01-28T19:47:23.787835,INFO,auth,Request OK
2026-01-28T19:47:23.990407,INFO,orders,Cache hit
2026-01-28T19:47:24.192990,WARN,search,Cache hit
2026-01-28T19:47:24.395429,INFO,search,User login
2026-01-28T19:47:24.597889,INFO,search,Cache hit
2026-01-28T19:47:24.799395,INFO,payment,User login
2026-01-28T19:47:25.003489,INFO,auth,Cache hit
2026-01-28T19:47:25.205327,INFO,payment,User login
2026-01-28T19:47:25.407517,INFO,auth,User login
2026-01-28T19:47:25.609408,INFO,auth,User login
2026-01-28T19:47:25.812322,INFO,orders,User login
2026-01-28T19:47:26.017062,ERROR,auth,Null pointer
2026-01-28T19:47:26.219805,INFO,orders,Cache hit
2026-01-28T19:47:26.427065,INFO,auth,Cache hit
2026-01-28T19:47:26.629466,INFO,payment,User login
2026-01-28T19:47:26.831199,INFO,orders,Request OK
2026-01-28T19:47:27.033469,INFO,search,User login
2026-01-28T19:47:27.237754,INFO,auth,Cache hit
2026-01-28T19:47:27.441331,INFO,orders,Cache hit
2026-01-28T19:47:27.643251,INFO,auth,User login
2026-01-28T19:47:27.845250,INFO,auth,User login
2026-01-28T19:47:28.047858,INFO,auth,User login
2026-01-28T19:47:28.249959,INFO,orders,User login
2026-01-28T19:47:28.453220,INFO,payment,User login
2026-01-28T19:47:28.656255,INFO,search,Cache hit
2026-01-28T19:47:28.858586,INFO,auth,User login
2026-01-28T19:47:29.061209,INFO,payment,User login
2026-01-28T19:47:29.263551,INFO,auth,User login
2026-01-28T19:47:29.465801,INFO,auth,User login
2026-01-28T19:47:29.667807,INFO,payment,Request OK
2026-01-28T19:47:29.869714,INFO,search,Request OK
2026-01-28T19:47:30.072542,WARN,payment,Cache hit
2026-01-28T19:47:30.275126,INFO,auth,User login
2026-01-28T19:47:30.477562,INFO,search,User login
2026-01-28T19:47:30.679744,INFO,search,Request OK
2026-01-28T19:47:30.882341,INFO,payment,Request OK
2026-01-28T19:47:31.084471,INFO,payment,Request OK
2026-01-28T19:48:30.427216,INFO,auth,Cache hit
2026-01-28T19:48:30.700005,ERROR,payment,Timeout
2026-01-28T19:48:30.904934,ERROR,auth,Null pointer
2026-01-28T19:48:31.120157,INFO,auth,Request OK
2026-01-28T19:48:31.323401,INFO,search,User login
2026-01-28T19:48:31.526497,ERROR,search,DB failure
2026-01-28T19:48:31.728723,WARN,search,Cache hit
2026-01-28T19:48:31.930327,INFO,auth,Cache hit
2026-01-28T19:48:32.131808,INFO,auth,Request OK
2026-01-28T19:48:32.333566,INFO,search,Cache hit
2026-01-28T19:48:32.536344,WARN,orders,Cache hit
2026-01-28T19:48:32.737733,INFO,orders,Cache hit
2026-01-28T19:48:32.938820,INFO,orders,User login
2026-01-28T19:48:33.139875,ERROR,search,Null pointer
2026-01-28T19:48:33.341315,WARN,orders,Request OK
2026-01-28T19:48:33.543080,INFO,auth,Cache hit
2026-01-28T19:48:33.744761,INFO,payment,User login
2026-01-28T19:48:33.945976,INFO,orders,Cache hit
2026-01-28T19:48:34.147945,INFO,payment,Request OK
2026-01-28T19:48:34.349738,INFO,auth,User login
2026-01-28T19:48:34.551619,INFO,orders,Cache hit
2026-01-28T19:48:34.753601,INFO,search,Cache hit
2026-01-28T19:48:34.954825,INFO,search,Cache hit
2026-01-28T19:48:35.156639,INFO,payment,Request OK
2026-01-28T19:55:52.027398,INFO,search,Request OK
2026-01-28T19:55:52.242674,ERROR,orders,DB failure
2026-01-28T19:55:52.451858,INFO,orders,Request OK
2026-01-28T19:55:52.668846,INFO,orders,Request OK
2026-01-28T19:55:52.874344,INFO,payment,User login
2026-01-28T19:55:53.076314,INFO,orders,Cache hit
2026-01-28T19:55:53.278174,WARN,payment,Request OK
2026-01-28T19:55:53.481133,INFO,search,Cache hit
2026-01-28T19:55:53.682965,INFO,orders,Request OK
2026-01-28T19:55:53.884649,INFO,search,Request OK
2026-01-28T19:55:54.088232,INFO,auth,Request OK
2026-01-28T19:55:54.290570,INFO,search,Cache hit
2026-01-28T19:55:54.492142,WARN,auth,User login
2026-01-28T19:55:54.694490,INFO,search,Cache hit
2026-01-28T19:55:54.896596,INFO,search,Request OK
2026-01-28T19:55:55.098567,INFO,orders,User login
2026-01-28T19:55:55.299686,INFO,auth,Request OK
2026-01-28T19:55:55.501643,INFO,auth,User login
2026-01-28T19:55:55.704911,INFO,search,Request OK
2026-01-28T19:55:55.907641,INFO,auth,Cache hit
2026-01-28T19:55:56.109517,INFO,payment,Cache hit
2026-01-28T19:55:56.311136,ERROR,payment,DB failure
2026-01-28T19:55:56.512461,INFO,auth,Cache hit
2026-01-28T19:55:56.714290,INFO,search,Cache hit
2026-01-28T19:55:56.916007,WARN,payment,Cache hit
2026-01-28T19:55:57.166642,INFO,payment,User login
2026-01-28T19:55:57.367921,INFO,auth,User login
2026-01-28T19:55:57.569656,INFO,orders,Cache hit
2026-01-28T19:55:57.772573,INFO,payment,Cache hit
2026-01-28T19:55:57.975160,INFO,payment,Request OK
2026-01-28T19:55:58.177558,INFO,auth,Cache hit
2026-01-28T19:55:58.380594,INFO,orders,Request OK
2026-01-28T19:55:58.584460,INFO,orders,Cache hit
2026-01-28T19:55:58.789850,INFO,search,Cache hit
2026-01-28T19:55:58.993087,INFO,search,Request OK
2026-01-28T19:55:59.200809,INFO,auth,Request OK
2026-01-28T19:55:59.406210,INFO,search,Cache hit
2026-01-28T19:55:59.612758,INFO,payment,Request OK
2026-01-28T19:55:59.820229,INFO,auth,Cache hit
2026-01-28T19:56:00.026849,WARN,search,Request OK
2026-01-28T19:56:00.234324,WARN,search,Request OK
2026-01-28T19:56:00.439193,INFO,search,Cache hit
2026-01-28T19:56:00.642424,WARN,payment,Request OK
2026-01-28T19:56:00.844847,INFO,search,Request OK
2026-01-28T19:56:01.047451,INFO,payment,Cache hit
2026-01-28T19:56:01.248894,ERROR,search,Timeout
2026-01-28T19:56:01.452250,INFO,auth,Cache hit
2026-01-28T19:56:01.654254,WARN,auth,Request OK
2026-01-28T19:56:01.855613,INFO,orders,Request OK
2026-01-28T19:56:02.057092,WARN,search,Cache hit
2026-01-28T19:56:02.258346,INFO,search,Request OK
2026-01-28T19:56:02.459726,INFO,payment,Request OK
2026-01-28T19:56:02.661404,INFO,auth,Cache hit
2026-01-28T19:56:02.863724,INFO,payment,Request OK
2026-01-28T19:56:03.065607,ERROR,orders,Null pointer
2026-01-28T19:56:03.267860,INFO,search,Request OK
2026-01-28T19:56:03.469898,INFO,search,Cache hit
2026-01-28T19:56:03.671515,INFO,orders,User login
2026-01-28T19:56:03.872921,INFO,payment,Cache hit
2026-01-28T19:56:04.075040,INFO,payment,Cache hit
2026-01-28T19:56:04.276027,ERROR,auth,Timeout
2026-01-28T19:56:04.477318,INFO,orders,User login
2026-01-28T19:56:04.679358,ERROR,payment,Timeout
2026-01-28T19:56:04.880892,INFO,search,Cache hit
2026-01-28T19:56:05.082899,INFO,orders,Cache hit
2026-01-28T19:56:05.285139,INFO,search,User login
2026-01-28T19:56:05.486967,ERROR,payment,Timeout
2026-01-28T19:56:05.688399,ERROR,orders,Null pointer
2026-01-28T19:56:05.890056,ERROR,auth,Null pointer
2026-01-28T19:56:06.091358,INFO,auth,Request OK
2026-01-28T19:56:06.293256,INFO,search,Request OK
2026-01-28T19:56:06.495337,INFO,auth,User login
2026-01-28T19:56:06.697449,WARN,payment,Cache hit
2026-01-28T19:56:06.900374,INFO,orders,Cache hit
2026-01-28T19:56:07.102484,INFO,auth,Request OK
2026-01-28T19:56:07.304439,INFO,payment,Request OK
2026-01-28T19:56:07.506126,INFO,search,Request OK
2026-01-28T19:56:07.707672,INFO,payment,Cache hit
2026-01-28T19:56:07.909248,INFO,auth,User login
2026-01-28T19:56:08.110841,INFO,auth,Cache hit
2026-01-28T19:56:08.312361,WARN,payment,User login
2026-01-28T19:56:08.514668,INFO,orders,Cache hit
2026-01-28T19:56:08.715858,INFO,payment,Request OK
2026-01-28T19:56:08.917290,INFO,auth,Cache hit
2026-01-28T19:56:09.119185,INFO,orders,Request OK
2026-01-28T19:56:09.320428,INFO,payment,Request OK
2026-01-28T19:56:09.521730,INFO,payment,Cache hit
2026-01-28T19:56:09.723360,INFO,auth,Cache hit
2026-01-28T19:56:09.926032,ERROR,search,Null pointer
2026-01-28T19:56:10.127919,INFO,orders,Cache hit
2026-01-28T19:56:10.329402,INFO,payment,User login
2026-01-28T19:56:10.531229,INFO,orders,Cache hit
2026-01-28T19:56:10.733315,INFO,auth,User login
2026-01-28T19:56:10.934975,INFO,payment,Request OK
2026-01-28T19:56:11.136624,INFO,auth,Cache hit
2026-01-28T19:56:11.338173,INFO,search,User login
2026-01-28T19:56:11.539988,INFO,search,User login
2026-01-28T19:56:11.743726,INFO,search,Cache hit
2026-01-28T19:56:11.945932,INFO,search,User login
2026-01-28T19:56:12.147450,INFO,payment,User login
2026-01-28T19:56:12.351156,INFO,auth,Cache hit
2026-01-28T19:56:12.552941,ERROR,auth,Null pointer
2026-01-28T19:56:12.754915,INFO,auth,Request OK
2026-01-28T19:56:12.956627,INFO,orders,Request OK
2026-01-28T19:56:13.163284,INFO,orders,Cache hit
2026-01-28T19:56:13.366485,INFO,search,Request OK
2026-01-28T19:56:13.568532,INFO,payment,User login
2026-01-28T19:56:13.772327,INFO,auth,Request OK
2026-01-28T19:56:13.974110,ERROR,payment,DB failure
2026-01-28T19:56:14.175393,INFO,search,User login
2026-01-28T19:56:14.377024,INFO,search,Request OK
2026-01-28T19:56:14.579374,INFO,auth,Cache hit
2026-01-28T19:56:14.781128,WARN,search,User login
2026-01-28T19:56:14.983135,INFO,orders,Cache hit
2026-01-28T19:56:15.184663,ERROR,auth,Timeout
2026-01-28T19:56:15.387311,INFO,payment,Cache hit
2026-01-28T19:56:15.590329,INFO,payment,User login
2026-01-28T19:56:15.792380,INFO,search,Cache hit
2026-01-28T19:56:15.994862,INFO,orders,Cache hit
2026-01-28T19:56:16.197244,INFO,search,Cache hit
2026-01-28T19:56:16.399356,INFO,orders,Cache hit
2026-01-28T19:56:16.601760,INFO,payment,User login
2026-01-28T19:56:16.802941,INFO,search,User login
2026-01-28T19:56:17.004203,INFO,orders,User login
2026-01-28T19:56:17.206338,INFO,search,User login
2026-01-28T19:56:17.408031,INFO,payment,User login
2026-01-28T19:56:17.609845,INFO,payment,User login
2026-01-28T19:56:17.812175,INFO,search,Cache hit
2026-01-28T19:56:18.013822,INFO,search,User login
2026-01-28T19:56:18.215510,WARN,auth,User login
2026-01-28T19:56:18.417793,INFO,payment,Cache hit
2026-01-28T19:56:18.619613,WARN,payment,Request OK
2026-01-28T19:56:18.822046,ERROR,payment,Null pointer
2026-01-28T19:56:19.024123,INFO,auth,Request OK
2026-01-28T19:56:19.225911,INFO,payment,User login
2026-01-28T19:56:19.428162,INFO,search,Cache hit
2026-01-28T19:56:19.629581,WARN,search,Request OK
2026-01-28T19:56:19.830869,INFO,payment,Cache hit
2026-01-28T19:56:20.032201,INFO,payment,User login
2026-01-28T19:56:20.233609,INFO,search,User login
2026-01-28T19:56:20.435526,INFO,orders,Cache hit
2026-01-28T19:56:20.637385,ERROR,payment,Timeout
2026-01-28T19:56:20.839032,INFO,orders,Request OK
2026-01-28T19:56:21.040275,INFO,orders,Cache hit
2026-01-28T19:56:21.241733,ERROR,auth,DB failure
2026-01-28T19:56:21.443197,INFO,orders,Request OK
2026-01-28T19:56:21.645629,INFO,search,Cache hit
2026-01-28T19:56:21.847231,INFO,auth,User login
2026-01-28T19:56:22.048589,INFO,orders,Cache hit
2026-01-28T19:56:22.250750,INFO,payment,User login
2026-01-28T19:56:22.452124,WARN,orders,User login
2026-01-28T19:56:22.654269,INFO,orders,Cache hit
2026-01-28T19:56:22.856422,INFO,auth,Cache hit
2026-01-28T19:56:23.059218,ERROR,search,Timeout
2026-01-28T19:56:23.261427,INFO,auth,Cache hit
2026-01-28T19:56:23.463650,INFO,orders,User login
2026-01-28T19:56:23.665525,INFO,payment,User login
2026-01-28T19:56:23.866801,INFO,orders,User login
2026-01-28T19:56:24.068424,INFO,orders,Cache hit
2026-01-28T19:56:24.270059,INFO,auth,User login
2026-01-28T19:56:24.471661,INFO,auth,Request OK
2026-01-28T19:56:24.674094,INFO,orders,User login
2026-01-28T19:56:24.875882,INFO,orders,User login
2026-01-28T19:56:25.077392,INFO,search,Cache hit
2026-01-28T19:56:25.278967,INFO,payment,Request OK
2026-01-28T19:56:25.480930,INFO,orders,User login
2026-01-28T19:56:25.682901,INFO,search,Request OK
2026-01-28T19:56:25.884568,INFO,payment,Cache hit
2026-01-28T19:56:26.085938,INFO,auth,Request OK
2026-01-28T19:56:26.287815,INFO,search,Cache hit
2026-01-28T19:56:26.489109,INFO,search,Request OK
2026-01-28T19:56:26.690396,INFO,payment,User login
2026-01-28T19:56:26.891736,ERROR,payment,Timeout
2026-01-28T19:56:27.093040,INFO,payment,Cache hit
2026-01-28T19:56:27.294258,INFO,payment,Request OK
2026-01-28T19:56:27.495858,INFO,auth,User login
2026-01-28T19:56:27.697844,INFO,payment,Cache hit
2026-01-28T19:56:27.899133,INFO,auth,Request OK
2026-01-28T19:56:28.100678,INFO,payment,Request OK
2026-01-28T19:56:28.301951,ERROR,auth,DB failure
2026-01-28T19:56:28.503619,INFO,orders,Cache hit
2026-01-28T19:56:28.705417,INFO,auth,User login
2026-01-28T19:56:28.906664,WARN,auth,Cache hit
2026-01-28T19:56:29.108293,INFO,payment,User login
2026-01-28T19:56:29.310245,INFO,search,Cache hit
2026-01-28T19:56:29.512029,INFO,payment,Request OK
2026-01-28T19:56:29.713404,INFO,payment,Cache hit
2026-01-28T19:56:29.914717,INFO,auth,Cache hit
2026-01-28T19:56:30.116187,ERROR,orders,Timeout
2026-01-28T19:56:30.317465,INFO,search,User login
2026-01-28T19:56:30.519007,INFO,orders,Cache hit
2026-01-28T19:56:30.720323,INFO,payment,Cache hit
2026-01-28T19:56:30.921589,INFO,search,User login
2026-01-28T19:56:31.123290,INFO,payment,Request OK
2026-01-28T19:56:31.324802,ERROR,orders,DB failure
2026-01-28T19:56:31.526997,INFO,search,User login
2026-01-28T19:56:31.728648,WARN,payment,User login
2026-01-28T19:56:31.930125,INFO,search,User login
2026-01-28T19:56:32.132065,INFO,search,Cache hit
2026-01-28T19:56:32.333906,INFO,search,Cache hit
2026-01-28T19:56:32.535799,INFO,orders,Request OK
2026-01-28T19:56:32.737652,INFO,orders,User login
2026-01-28T19:56:32.939894,INFO,orders,User login
2026-01-28T19:56:33.141515,INFO,payment,User login
2026-01-28T19:56:33.343317,INFO,payment,Request OK
2026-01-28T19:56:33.544374,INFO,search,Request OK
2026-01-28T19:56:33.745974,INFO,search,Request OK
2026-01-28T19:56:33.947551,INFO,payment,User login
2026-01-28T19:56:34.149022,INFO,search,Request OK
2026-01-28T19:56:34.350642,INFO,auth,Cache hit
2026-01-28T19:56:34.552085,INFO,orders,Request OK
2026-01-28T19:56:34.754527,INFO,payment,Cache hit
2026-01-28T19:56:34.955627,INFO,orders,User login
2026-01-28T19:56:35.157236,ERROR,payment,Timeout
2026-01-28T19:56:35.359308,WARN,payment,Request OK
2026-01-28T19:56:35.560671,INFO,auth,Request OK
2026-01-28T19:56:35.762767,INFO,auth,Cache hit
2026-01-28T19:56:35.964411,INFO,payment,Cache hit
2026-01-28T19:56:36.166118,INFO,auth,User login
2026-01-28T19:56:36.367450,INFO,payment,User login
2026-01-28T19:56:36.569325,INFO,search,Request OK
2026-01-28T19:56:36.771049,INFO,orders,Request OK
2026-01-28T19:56:36.972521,INFO,orders,User login
2026-01-28T19:56:37.174327,INFO,search,Request OK
2026-01-28T19:56:37.376315,INFO,auth,Cache hit
2026-01-28T19:56:37.577732,INFO,payment,Cache hit
2026-01-28T19:56:37.779641,INFO,search,User login
2026-01-28T19:56:37.981885,WARN,search,User login
2026-01-28T19:56:38.183964,INFO,orders,Cache hit
2026-01-28T19:56:38.385587,INFO,orders,User login
2026-01-28T19:56:38.588441,INFO,auth,Request OK
2026-01-28T19:56:38.790653,INFO,payment,Request OK
2026-01-28T19:56:38.991942,INFO,payment,Cache hit
2026-01-28T19:56:39.193663,ERROR,payment,Null pointer
2026-01-28T19:56:39.395420,INFO,search,Cache hit
2026-01-28T19:56:39.598198,INFO,orders,User login
2026-01-28T19:56:39.801141,INFO,payment,User login
2026-01-28T19:56:40.002555,INFO,payment,Cache hit
2026-01-28T19:56:40.204049,INFO,auth,Cache hit
2026-01-28T19:56:40.405741,INFO,payment,Request OK
2026-01-28T19:56:40.607263,ERROR,search,Null pointer
2026-01-28T19:56:40.808419,INFO,search,Request OK
2026-01-28T19:56:41.009823,WARN,payment,Cache hit
2026-01-28T19:56:41.211712,INFO,payment,Cache hit
2026-01-28T19:56:41.413225,ERROR,auth,Timeout
2026-01-28T19:56:41.615105,INFO,search,User login
2026-01-28T19:56:41.816127,INFO,search,Request OK
2026-01-28T19:56:42.017567,INFO,orders,User login
2026-01-28T19:56:42.218857,INFO,auth,User login
2026-01-28T19:56:42.420519,INFO,orders,Cache hit
2026-01-28T19:56:42.622011,INFO,auth,Request OK
2026-01-28T19:56:42.823193,INFO,payment,Request OK
2026-01-28T19:56:43.024791,INFO,orders,User login
2026-01-28T19:56:43.226093,INFO,orders,Request OK
2026-01-28T19:56:43.427960,INFO,payment,Cache hit
2026-01-28T19:56:43.629572,INFO,search,Cache hit
2026-01-28T19:56:43.831071,INFO,orders,Request OK
2026-01-28T19:56:44.032299,WARN,search,Request OK
2026-01-28T19:56:44.233344,INFO,payment,Cache hit
2026-01-28T19:56:44.435732,ERROR,payment,DB failure
2026-01-28T19:56:44.638522,WARN,auth,Request OK
2026-01-28T19:56:44.840179,INFO,orders,User login
2026-01-28T19:56:45.041655,INFO,auth,Cache hit
2026-01-28T19:56:45.242857,INFO,search,Cache hit
2026-01-28T19:56:45.444508,INFO,orders,User login
2026-01-28T19:56:45.646579,INFO,auth,User login
2026-01-28T19:56:45.847997,INFO,search,Cache hit
2026-01-28T19:56:46.049599,INFO,search,Cache hit
2026-01-28T19:56:46.251003,INFO,payment,Cache hit
2026-01-28T19:56:46.452317,INFO,payment,Request OK
2026-01-28T19:56:46.654037,INFO,auth,User login
2026-01-28T19:56:46.855344,INFO,auth,Request OK
2026-01-28T19:56:47.057037,INFO,auth,Cache hit
2026-01-28T19:56:47.258970,WARN,payment,User login
2026-01-28T19:56:47.460365,INFO,search,Request OK
2026-01-28T19:56:47.661397,WARN,payment,Cache hit
2026-01-28T19:56:47.862546,INFO,payment,User login
2026-01-28T19:56:48.063945,INFO,search,Request OK
2026-01-28T19:56:48.265559,INFO,search,Cache hit
2026-01-28T19:56:48.467365,INFO,search,Cache hit
2026-01-28T19:56:48.668895,INFO,payment,Request OK
2026-01-28T19:56:48.872477,INFO,auth,Request OK
2026-01-28T19:56:49.075318,INFO,search,Cache hit
2026-01-28T19:56:49.276681,WARN,auth,Request OK
2026-01-28T19:56:49.478281,INFO,orders,Cache hit
2026-01-28T19:56:49.680730,INFO,orders,Cache hit
2026-01-28T19:56:49.882970,INFO,auth,Cache hit
2026-01-28T19:56:50.084628,INFO,auth,User login
2026-01-28T19:56:50.286188,INFO,orders,Request OK
2026-01-28T19:56:50.487707,INFO,orders,Cache hit
2026-01-28T19:56:50.688983,INFO,search,User login
2026-01-28T19:56:50.890490,INFO,orders,User login
2026-01-28T19:56:51.091946,INFO,search,User login
2026-01-28T19:56:51.293146,INFO,auth,Cache hit
2026-01-28T19:56:51.494191,ERROR,payment,Null pointer
2026-01-28T19:56:51.696021,INFO,auth,User login
2026-01-28T19:56:51.897719,WARN,payment,User login
2026-01-28T19:56:52.099471,INFO,orders,Request OK
2026-01-28T19:56:52.301334,INFO,orders,Request OK
2026-01-28T19:56:52.503000,INFO,orders,User login
2026-01-28T19:56:52.704883,INFO,search,Request OK
2026-01-28T19:56:52.906417,INFO,search,User login
2026-01-28T19:56:53.107583,INFO,auth,Request OK
2026-01-28T19:56:53.309400,INFO,payment,Cache hit
2026-01-28T19:56:53.510732,INFO,search,User login
2026-01-28T19:56:53.711876,INFO,orders,Cache hit
2026-01-28T19:56:53.913357,INFO,search,Cache hit
2026-01-28T19:56:54.115139,INFO,search,User login
2026-01-28T19:56:54.317762,INFO,orders,Request OK
2026-01-28T19:56:54.521272,INFO,payment,Request OK
2026-01-28T19:56:54.722972,INFO,auth,User login
2026-01-28T19:56:54.924691,INFO,orders,Cache hit
2026-01-28T19:56:55.126356,INFO,search,User login
2026-01-28T19:56:55.328147,INFO,payment,User login
2026-01-28T19:56:55.530250,ERROR,payment,Timeout
2026-01-28T19:56:55.732300,WARN,search,Cache hit
2026-01-28T19:56:55.934061,INFO,auth,Cache hit
2026-01-28T19:56:56.137355,INFO,orders,User login
2026-01-28T19:56:56.341382,WARN,search,Cache hit
2026-01-28T19:56:56.543375,INFO,auth,Cache hit
2026-01-28T19:56:56.744941,INFO,orders,Request OK
2026-01-28T19:56:56.946739,INFO,search,User login
2026-01-28T19:56:57.148629,WARN,payment,User login
2026-01-28T19:56:57.350710,ERROR,search,Null pointer
2026-01-28T19:56:57.552328,INFO,search,User login
2026-01-28T19:56:57.754139,INFO,search,User login
2026-01-28T19:56:57.955395,ERROR,payment,Null pointer
2026-01-28T19:56:58.157178,WARN,payment,Request OK
2026-01-28T19:56:58.358921,INFO,payment,User login
2026-01-28T19:56:58.560818,INFO,payment,Request OK
2026-01-28T19:56:58.762416,INFO,search,Cache hit
2026-01-28T19:56:58.963877,INFO,auth,Request OK
2026-01-28T19:56:59.165999,INFO,search,User login
2026-01-28T19:56:59.367757,INFO,auth,Request OK
2026-01-28T19:56:59.569645,INFO,auth,User login
2026-01-28T19:56:59.771665,INFO,search,Request OK
2026-01-28T19:56:59.973388,INFO,auth,User login
2026-01-28T19:57:00.174980,INFO,auth,User login
2026-01-28T19:57:00.376443,INFO,auth,Request OK
2026-01-28T19:57:00.578607,ERROR,orders,DB failure
2026-01-28T19:57:00.780245,INFO,payment,Cache hit
2026-01-28T19:57:00.989884,INFO,search,Cache hit
2026-01-28T19:57:01.191924,WARN,payment,Request OK
2026-01-28T19:57:01.393083,ERROR,payment,Timeout
2026-01-28T19:57:01.594303,INFO,orders,Cache hit
2026-01-28T19:57:01.795600,INFO,orders,Cache hit
2026-01-28T19:57:01.997348,INFO,orders,Cache hit
2026-01-28T19:57:02.199983,WARN,auth,Cache hit
2026-01-28T19:57:02.402014,INFO,orders,Request OK
2026-01-28T19:57:02.603495,ERROR,search,Timeout
2026-01-28T19:57:02.804945,INFO,auth,User login
2026-01-28T19:57:03.006437,ERROR,orders,Null pointer
2026-01-28T19:57:03.208388,INFO,auth,User login
2026-01-28T19:57:03.410659,INFO,orders,Request OK
2026-01-28T19:57:03.613399,INFO,orders,User login
2026-01-28T19:57:03.814927,INFO,payment,Request OK
2026-01-28T19:57:04.016907,WARN,search,User login
2026-01-28T19:57:04.218534,INFO,auth,User login
2026-01-28T19:57:04.420392,INFO,auth,User login
2026-01-28T19:57:04.621869,INFO,payment,Request OK
2026-01-28T19:57:04.823608,INFO,payment,Request OK
2026-01-28T19:57:05.025014,INFO,payment,User login
2026-01-28T19:57:05.226921,ERROR,auth,Null pointer
2026-01-28T19:57:05.428506,INFO,auth,Request OK
2026-01-28T19:57:05.630222,INFO,orders,User login
2026-01-28T19:57:05.831622,INFO,auth,User login
2026-01-28T19:57:06.032899,INFO,orders,User login
2026-01-28T19:57:06.234492,INFO,auth,User login
2026-01-28T19:57:06.436632,INFO,auth,User login
2026-01-28T19:57:06.638218,ERROR,search,DB failure
2026-01-28T19:57:06.839462,INFO,payment,Cache hit
2026-01-28T19:57:07.041457,INFO,orders,Cache hit
2026-01-28T19:57:07.242833,INFO,payment,User login
2026-01-28T19:57:07.444252,INFO,auth,User login
2026-01-28T19:57:07.645941,WARN,payment,Request OK
2026-01-28T19:57:07.847641,INFO,payment,Request OK
2026-01-28T19:57:08.050768,INFO,auth,Request OK
2026-01-28T19:57:08.253740,INFO,auth,Cache hit
2026-01-28T19:57:08.456008,INFO,orders,User login
2026-01-28T19:57:08.657676,INFO,search,User login
2026-01-28T19:57:08.859435,INFO,orders,Request OK
2026-01-28T19:57:09.061332,INFO,orders,Request OK
2026-01-28T19:57:09.262597,INFO,payment,Request OK
2026-01-28T19:57:09.468756,INFO,auth,Request OK
2026-01-28T19:57:09.670758,INFO,search,Cache hit
2026-01-28T19:57:09.871966,INFO,search,Request OK
2026-01-28T19:57:10.073412,INFO,payment,User login
2026-01-28T19:57:10.275249,INFO,payment,Request OK
2026-01-28T19:57:10.477074,INFO,search,User login
2026-01-28T19:57:10.679071,INFO,payment,Cache hit
2026-01-28T19:57:10.881057,WARN,orders,Request OK
2026-01-28T19:57:11.082409,WARN,search,Cache hit
2026-01-28T19:57:11.284136,WARN,search,User login
2026-01-28T19:57:11.485381,INFO,auth,User login
2026-01-28T19:57:11.686868,INFO,orders,Cache hit
2026-01-28T19:57:11.888069,INFO,payment,Request OK
2026-01-28T19:57:12.089636,ERROR,orders,Timeout
2026-01-28T19:57:12.291757,INFO,orders,Request OK
2026-01-28T19:57:12.493182,INFO,auth,Request OK
2026-01-28T19:57:12.694586,WARN,payment,User login
2026-01-28T19:57:12.896987,INFO,search,User login
2026-01-28T19:57:13.099470,INFO,orders,User login
2026-01-28T19:57:13.303269,INFO,auth,User login
2026-01-28T19:57:13.506155,INFO,search,Cache hit
2026-01-28T19:57:13.710668,INFO,payment,User login
2026-01-28T19:57:13.912497,INFO,orders,Cache hit
2026-01-28T19:57:14.114209,INFO,auth,Request OK
2026-01-28T19:57:14.315983,INFO,search,Cache hit
2026-01-28T19:57:14.517717,INFO,orders,User login
2026-01-28T19:57:14.719615,INFO,payment,User login
2026-01-28T19:57:14.922253,INFO,orders,User login
2026-01-28T19:57:15.123276,INFO,auth,User login
2026-01-28T19:57:15.324693,INFO,orders,Request OK
2026-01-28T19:57:15.527455,INFO,auth,Request OK
2026-01-28T19:57:15.730670,INFO,search,Cache hit
2026-01-28T19:57:15.932345,INFO,orders,User login
2026-01-28T19:57:16.133765,INFO,search,User login
2026-01-28T19:57:16.335620,INFO,orders,Cache hit
2026-01-28T19:57:16.536884,INFO,search,Request OK
2026-01-28T19:57:16.739060,INFO,payment,User login
2026-01-28T19:57:16.940934,INFO,auth,Cache hit
2026-01-28T19:57:17.142808,INFO,auth,Cache hit
2026-01-28T19:57:17.344467,INFO,search,Request OK
2026-01-28T19:57:17.546291,INFO,orders,Request OK
2026-01-28T19:57:17.748226,INFO,search,Cache hit
2026-01-28T19:57:17.949689,WARN,auth,Cache hit
2026-01-28T19:57:18.151915,INFO,auth,Cache hit
2026-01-28T19:57:18.353887,INFO,search,Request OK
2026-01-28T19:57:18.555747,INFO,orders,Request OK
2026-01-28T19:57:18.757364,INFO,orders,User login
2026-01-28T19:57:18.958950,WARN,auth,User login
2026-01-28T19:57:19.160948,INFO,orders,User login
2026-01-28T19:57:19.362559,INFO,auth,Request OK
2026-01-28T19:57:19.564513,WARN,search,Cache hit
2026-01-28T19:57:19.766760,INFO,search,Request OK
2026-01-28T19:57:19.968699,ERROR,orders,Timeout
2026-01-28T19:57:20.170383,INFO,auth,Cache hit
2026-01-28T19:57:20.394341,INFO,payment,User login
2026-01-28T19:57:20.595739,INFO,payment,Request OK
2026-01-28T19:57:20.796821,INFO,payment,Request OK
2026-01-28T19:57:20.998208,INFO,payment,Request OK
2026-01-28T19:57:21.199671,INFO,search,Request OK
2026-01-28T19:57:21.401252,ERROR,search,Timeout
2026-01-28T19:57:21.602490,WARN,search,User login
2026-01-28T19:57:21.804134,INFO,search,Cache hit
2026-01-28T19:57:22.005614,INFO,payment,Request OK
2026-01-28T19:57:22.207816,INFO,orders,Cache hit
2026-01-28T19:57:22.409369,INFO,auth,Cache hit
2026-01-28T19:57:22.610898,ERROR,search,DB failure
2026-01-28T19:57:22.812569,INFO,auth,User login
2026-01-28T19:57:23.013906,ERROR,search,DB failure
2026-01-28T19:57:23.215335,INFO,payment,Cache hit
2026-01-28T19:57:23.416898,INFO,payment,User login
2026-01-28T19:57:23.618250,INFO,orders,User login
2026-01-28T19:57:23.819365,INFO,auth,Cache hit
2026-01-28T19:57:24.020790,WARN,orders,Request OK
2026-01-28T19:57:24.222563,INFO,auth,Request OK
2026-01-28T19:57:24.424400,WARN,orders,Request OK
2026-01-28T19:57:24.626378,INFO,orders,Cache hit
2026-01-28T19:57:24.827778,INFO,payment,Request OK
2026-01-28T19:57:25.029779,INFO,search,Request OK
2026-01-28T19:57:25.231500,ERROR,orders,DB failure
2026-01-28T19:57:25.433114,ERROR,payment,Null pointer
2026-01-28T19:57:25.635073,INFO,search,User login
2026-01-28T19:57:25.836625,ERROR,orders,Timeout
2026-01-28T19:57:26.039114,INFO,search,User login
2026-01-28T19:57:26.240388,INFO,auth,Cache hit
2026-01-28T19:57:26.441955,INFO,search,Cache hit
2026-01-28T19:57:26.644077,INFO,payment,Request OK
2026-01-28T19:57:26.846531,INFO,search,Request OK
2026-01-28T19:57:27.048513,INFO,auth,Cache hit
2026-01-28T19:57:27.249947,INFO,payment,Request OK
2026-01-28T19:57:27.452902,WARN,auth,Request OK
2026-01-28T19:57:27.654902,INFO,auth,User login
2026-01-28T19:57:27.858388,INFO,auth,User login
2026-01-28T19:57:28.060649,INFO,payment,Request OK
2026-01-28T19:57:28.262387,INFO,payment,User login
2026-01-28T19:57:28.464075,ERROR,orders,Null pointer
2026-01-28T19:57:28.665473,WARN,payment,Request OK
2026-01-28T19:57:28.866912,INFO,payment,Request OK
2026-01-28T19:57:29.068738,INFO,auth,Cache hit
2026-01-28T19:57:29.270478,INFO,search,Request OK
2026-01-28T19:57:29.471740,INFO,auth,Request OK
2026-01-28T19:57:29.673776,INFO,orders,Request OK
2026-01-28T19:57:29.875628,ERROR,orders,Null pointer
2026-01-28T19:57:30.077181,ERROR,orders,Timeout
2026-01-28T19:57:30.279246,INFO,orders,Cache hit
2026-01-28T19:57:30.480507,INFO,orders,User login
2026-01-28T19:57:30.682860,INFO,auth,Request OK
2026-01-28T19:57:30.884363,INFO,payment,User login
2026-01-28T19:57:31.085889,INFO,search,Cache hit
2026-01-28T19:57:31.287169,WARN,search,Request OK
2026-01-28T19:57:31.488340,INFO,auth,User login
2026-01-28T19:57:31.690047,INFO,auth,User login
2026-01-28T19:57:31.892156,INFO,auth,Cache hit
2026-01-28T19:57:32.093985,INFO,orders,Request OK
2026-01-28T19:57:32.295587,INFO,auth,Cache hit
2026-01-28T19:57:32.496436,INFO,payment,Request OK
2026-01-28T19:57:32.697701,WARN,payment,User login
2026-01-28T19:57:32.899129,WARN,payment,User login
2026-01-28T19:57:33.100397,INFO,search,User login
2026-01-28T19:57:33.301413,INFO,search,Cache hit
2026-01-28T19:57:33.502467,INFO,orders,User login
2026-01-28T19:57:33.703633,INFO,auth,User login
2026-01-28T19:57:33.905077,INFO,payment,User login
2026-01-28T19:57:34.106767,INFO,auth,User login
2026-01-28T19:57:34.308373,INFO,orders,Request OK
2026-01-28T19:57:34.509512,INFO,payment,Request OK
2026-01-28T19:57:34.710769,INFO,auth,Cache hit
2026-01-28T19:57:34.912561,INFO,search,Request OK
2026-01-28T19:57:35.114159,INFO,payment,Request OK
2026-01-28T19:57:35.315545,WARN,auth,Request OK
2026-01-28T19:57:35.516900,INFO,payment,Request OK
2026-01-28T19:57:35.718555,INFO,orders,Request OK
2026-01-28T19:57:35.920136,INFO,search,User login
2026-01-28T19:57:36.121150,INFO,auth,Cache hit
2026-01-28T19:57:36.322960,INFO,search,User login
2026-01-28T19:57:36.524839,INFO,search,Cache hit
2026-01-28T19:57:36.726139,ERROR,payment,DB failure
2026-01-28T19:57:36.927737,INFO,orders,Request OK
2026-01-28T19:57:37.129219,INFO,search,Request OK
2026-01-28T19:57:37.330597,ERROR,search,DB failure
2026-01-28T19:57:37.532142,WARN,orders,Request OK
2026-01-28T19:57:37.733529,INFO,payment,Request OK
2026-01-28T19:57:37.934773,INFO,payment,Cache hit
2026-01-28T19:57:38.135831,WARN,orders,Cache hit
2026-01-28T19:57:38.337128,INFO,auth,Request OK
2026-01-28T19:57:38.538606,INFO,auth,User login
2026-01-28T19:57:38.739945,WARN,search,Request OK
2026-01-28T19:57:38.941315,INFO,payment,Cache hit
2026-01-28T19:57:39.142596,INFO,search,User login
2026-01-28T19:57:39.344622,WARN,auth,Request OK
2026-01-28T19:57:39.545983,INFO,payment,Cache hit
2026-01-28T19:57:39.747490,INFO,search,Request OK
2026-01-28T19:57:39.948582,INFO,orders,Request OK
2026-01-28T19:57:40.149626,ERROR,payment,Timeout
2026-01-28T19:57:40.350902,ERROR,orders,Timeout
2026-01-28T19:57:40.551762,INFO,auth,Cache hit
2026-01-28T19:57:40.752918,INFO,payment,User login
2026-01-28T19:57:40.954117,INFO,orders,User login
2026-01-28T19:57:41.155724,INFO,search,Cache hit
2026-01-28T19:57:41.357009,INFO,orders,Request OK
2026-01-28T19:57:41.558019,WARN,payment,User login
2026-01-28T19:57:41.759516,INFO,orders,Request OK
2026-01-28T19:57:41.960912,INFO,payment,User login
2026-01-28T19:57:42.162565,INFO,payment,User login
2026-01-28T19:57:42.364261,INFO,payment,Request OK
2026-01-28T19:57:42.567102,INFO,auth,User login
2026-01-28T19:57:42.768046,INFO,orders,Request OK
2026-01-28T19:57:42.969248,WARN,orders,User login
2026-01-28T19:57:43.170668,INFO,orders,User login
2026-01-28T19:57:43.371875,ERROR,auth,DB failure
2026-01-28T19:57:43.573113,INFO,orders,Cache hit
2026-01-28T19:57:43.775084,INFO,orders,Request OK
2026-01-28T19:57:43.976652,INFO,search,User login
2026-01-28T19:57:44.178954,INFO,orders,User login
2026-01-28T19:57:44.381658,ERROR,search,DB failure
2026-01-28T19:57:44.583438,INFO,orders,User login
2026-01-28T19:57:44.786544,ERROR,orders,Null pointer
2026-01-28T19:57:44.988053,ERROR,payment,Timeout
2026-01-28T19:57:45.189064,INFO,search,Request OK
2026-01-28T19:57:45.390430,INFO,orders,User login
2026-01-28T19:57:45.591413,INFO,auth,Request OK
2026-01-28T19:57:45.792721,INFO,search,Request OK
2026-01-28T19:57:45.994244,ERROR,payment,Timeout
2026-01-28T19:57:46.195530,INFO,orders,Request OK
2026-01-28T19:57:46.396857,INFO,auth,User login
2026-01-28T19:57:46.597848,WARN,orders,User login
2026-01-28T19:57:46.799322,INFO,auth,User login
2026-01-28T19:57:47.000527,ERROR,orders,Timeout
2026-01-28T19:57:47.201352,INFO,payment,Cache hit
2026-01-28T19:57:47.402472,INFO,auth,User login
2026-01-28T19:57:47.603239,INFO,auth,User login
2026-01-28T19:57:47.804104,INFO,orders,Cache hit
2026-01-28T19:57:48.005462,INFO,search,Cache hit
2026-01-28T19:57:48.206622,INFO,auth,User login
2026-01-28T19:57:48.407979,INFO,auth,User login
2026-01-28T19:57:48.609583,INFO,search,Cache hit
2026-01-28T19:57:48.810502,WARN,auth,Cache hit
2026-01-28T19:57:49.011635,INFO,payment,Cache hit
2026-01-28T19:57:49.213284,INFO,auth,User login
2026-01-28T19:57:49.414768,INFO,auth,User login
2026-01-28T19:57:49.616126,ERROR,payment,DB failure
2026-01-28T19:57:49.817698,INFO,auth,Request OK
2026-01-28T19:57:50.018843,INFO,payment,User login
2026-01-28T19:57:50.220256,ERROR,auth,Timeout
2026-01-28T19:57:50.421270,INFO,orders,Cache hit
2026-01-28T19:57:50.622495,INFO,payment,Request OK
2026-01-28T19:57:50.823702,INFO,payment,Cache hit
2026-01-28T19:57:51.025000,ERROR,orders,DB failure
2026-01-28T19:57:51.226726,INFO,search,Request OK
2026-01-28T19:57:51.428220,INFO,orders,Cache hit
2026-01-28T19:57:51.629992,INFO,payment,User login
2026-01-28T19:57:51.831499,INFO,payment,Request OK
2026-01-28T19:57:52.033448,WARN,orders,User login
2026-01-28T19:57:52.239117,INFO,auth,User login
2026-01-28T19:57:52.442004,INFO,orders,User login
2026-01-28T19:57:52.643584,INFO,orders,Cache hit
2026-01-28T19:57:52.845117,WARN,search,User login
2026-01-28T19:57:53.046383,WARN,auth,User login
2026-01-28T19:57:53.248577,WARN,auth,Request OK
2026-01-28T19:57:53.449998,ERROR,orders,Timeout
2026-01-28T19:57:53.651948,INFO,search,Request OK
2026-01-28T19:57:53.853093,INFO,orders,User login
2026-01-28T19:57:54.054396,WARN,search,Request OK
2026-01-28T19:57:54.256070,INFO,payment,Cache hit
2026-01-28T19:57:54.457429,INFO,payment,User login
2026-01-28T19:57:54.658813,INFO,payment,Cache hit
2026-01-28T19:57:54.860531,INFO,orders,User login
2026-01-28T19:57:55.062039,INFO,auth,Cache hit
2026-01-28T19:57:55.263377,INFO,search,Request OK
2026-01-28T19:57:55.464690,INFO,search,User login
2026-01-28T19:57:55.666057,INFO,orders,Cache hit
2026-01-28T19:57:55.867445,WARN,orders,User login
2026-01-28T19:57:56.069095,INFO,search,Cache hit
2026-01-28T19:57:56.270630,INFO,payment,User login
2026-01-28T19:57:56.471841,INFO,payment,Request OK
2026-01-28T19:57:56.673075,INFO,payment,Cache hit
2026-01-28T19:57:56.874298,INFO,auth,Cache hit
2026-01-28T19:57:57.075998,INFO,search,Cache hit
2026-01-28T19:57:57.277240,INFO,orders,Request OK
2026-01-28T19:57:57.478804,INFO,payment,User login
2026-01-28T19:57:57.680134,INFO,payment,Cache hit
2026-01-28T19:57:57.881358,INFO,auth,User login
2026-01-28T19:57:58.083008,INFO,search,Cache hit
2026-01-28T19:57:58.284623,INFO,auth,Cache hit
2026-01-28T19:57:58.486089,INFO,orders,User login
2026-01-28T19:57:58.687905,INFO,payment,Request OK
2026-01-28T19:57:58.889322,INFO,search,User login
2026-01-28T19:57:59.090928,INFO,search,Request OK
2026-01-28T19:57:59.292091,INFO,payment,Cache hit
2026-01-28T19:57:59.493189,INFO,auth,Cache hit
2026-01-28T19:57:59.694448,ERROR,search,Timeout
2026-01-28T19:57:59.895819,INFO,auth,User login
2026-01-28T19:58:00.097035,INFO,orders,User login
2026-01-28T19:58:00.299774,INFO,orders,Request OK
2026-01-28T19:58:00.500880,INFO,payment,Cache hit
2026-01-28T19:58:00.702028,ERROR,payment,DB failure
2026-01-28T19:58:00.903361,INFO,search,Request OK
2026-01-28T19:58:01.104523,INFO,search,User login
2026-01-28T19:58:01.305790,INFO,search,Request OK
2026-01-28T19:58:01.507231,INFO,auth,Request OK
2026-01-28T19:58:01.708512,INFO,auth,User login
2026-01-28T19:58:01.910196,ERROR,search,Null pointer
2026-01-28T19:58:02.111489,INFO,orders,Cache hit
2026-01-28T19:58:02.312922,INFO,orders,Cache hit
2026-01-28T19:58:02.514587,WARN,payment,Cache hit
2026-01-28T19:58:02.715924,INFO,auth,User login
2026-01-28T19:58:02.917194,INFO,search,User login
2026-01-28T19:58:03.118542,INFO,payment,Cache hit
2026-01-28T19:58:03.319813,INFO,payment,Cache hit
2026-01-28T19:58:03.520790,INFO,auth,Request OK
2026-01-28T19:58:03.722145,INFO,payment,User login
2026-01-28T19:58:03.923266,INFO,payment,User login
2026-01-28T19:58:04.124243,INFO,search,Request OK
2026-01-28T19:58:04.325687,WARN,orders,Cache hit
2026-01-28T19:58:04.526927,INFO,auth,Request OK
2026-01-28T19:58:04.742422,INFO,payment,Request OK
2026-01-28T19:58:04.944367,INFO,orders,User login
2026-01-28T19:58:05.145923,INFO,auth,Cache hit
2026-01-28T19:58:05.347509,INFO,orders,Cache hit
2026-01-28T19:58:05.548959,INFO,orders,User login
2026-01-28T19:58:05.750307,INFO,auth,User login
2026-01-28T19:58:05.951750,INFO,orders,Cache hit
2026-01-28T19:58:06.153141,WARN,payment,Request OK
2026-01-28T19:58:06.355895,INFO,orders,Cache hit
2026-01-28T19:58:06.558317,INFO,auth,Request OK
2026-01-28T19:58:06.759758,WARN,search,Cache hit
2026-01-28T19:58:06.960900,INFO,auth,User login
2026-01-28T19:58:07.162179,INFO,auth,Cache hit
2026-01-28T19:58:07.364112,INFO,payment,Cache hit
2026-01-28T19:58:07.565453,INFO,orders,User login
2026-01-28T19:58:07.766445,INFO,auth,Request OK
2026-01-28T19:58:07.967615,INFO,orders,User login
2026-01-28T19:58:08.168623,INFO,payment,User login
2026-01-28T19:58:08.374627,INFO,payment,Cache hit
2026-01-28T19:58:08.576166,INFO,search,Request OK
2026-01-28T19:58:08.777330,INFO,auth,User login
2026-01-28T19:58:08.978603,INFO,auth,Request OK
2026-01-28T19:58:09.180302,INFO,auth,User login
2026-01-28T19:58:09.381834,INFO,orders,Cache hit
2026-01-28T19:58:09.583212,INFO,search,Cache hit
2026-01-28T19:58:09.784440,INFO,auth,User login
2026-01-28T19:58:09.985768,ERROR,auth,Null pointer
2026-01-28T19:58:10.186961,INFO,auth,Request OK
2026-01-28T19:58:10.388511,INFO,auth,Request OK
2026-01-28T19:58:10.589689,WARN,payment,Request OK
2026-01-28T19:58:10.790800,INFO,orders,Request OK
2026-01-28T19:58:10.992191,INFO,orders,Cache hit
2026-01-28T19:58:11.193581,WARN,payment,Request OK
2026-01-28T19:58:11.395223,INFO,search,Cache hit
2026-01-28T19:58:11.596517,INFO,orders,Cache hit
2026-01-28T19:58:11.797860,ERROR,payment,Timeout
2026-01-28T19:58:11.999043,WARN,search,Request OK
2026-01-28T19:58:12.200284,INFO,payment,User login
2026-01-28T19:58:12.401837,INFO,auth,Request OK
2026-01-28T19:58:12.603017,WARN,orders,Request OK
2026-01-28T19:58:12.804237,INFO,search,Request OK
2026-01-28T19:58:13.005277,INFO,payment,Cache hit
2026-01-28T19:58:13.206590,INFO,payment,User login
2026-01-28T19:58:13.407772,INFO,payment,User login
2026-01-28T19:58:13.609319,INFO,orders,User login
2026-01-28T19:58:13.811206,WARN,auth,Cache hit
2026-01-28T19:58:14.012871,INFO,search,User login
2026-01-28T19:58:14.214409,INFO,payment,Cache hit
2026-01-28T19:58:14.415797,INFO,auth,User login
2026-01-28T19:58:14.617097,INFO,orders,User login
2026-01-28T19:58:14.818013,ERROR,auth,Timeout
2026-01-28T19:58:15.019518,ERROR,search,DB failure
2026-01-28T19:58:15.222120,INFO,auth,Request OK
2026-01-28T19:58:15.423909,INFO,payment,User login
2026-01-28T19:58:15.625403,INFO,payment,User login
2026-01-28T19:58:15.827012,INFO,auth,Cache hit
2026-01-28T19:58:16.028107,INFO,orders,Request OK
2026-01-28T19:58:16.229201,INFO,auth,Cache hit
2026-01-28T19:58:16.430662,INFO,search,User login
2026-01-28T19:58:16.631969,WARN,payment,Request OK
2026-01-28T19:58:16.833232,INFO,orders,User login
2026-01-28T19:58:17.034246,INFO,orders,Cache hit
2026-01-28T19:58:17.235335,INFO,payment,Cache hit
2026-01-28T19:58:17.436703,ERROR,payment,DB failure
2026-01-28T19:58:17.637944,WARN,orders,User login
2026-01-28T19:58:17.839353,INFO,payment,Cache hit
2026-01-28T19:58:18.040770,INFO,search,User login
2026-01-28T19:58:18.242120,INFO,auth,User login
2026-01-28T19:58:18.443635,INFO,orders,Cache hit
2026-01-28T19:58:18.645327,INFO,payment,User login
2026-01-28T19:58:18.846763,INFO,search,User login
2026-01-28T19:58:19.047856,ERROR,search,DB failure
2026-01-28T19:58:19.251977,ERROR,search,Null pointer
2026-01-28T19:58:19.453641,INFO,orders,Cache hit
2026-01-28T19:58:19.655220,INFO,payment,User login
2026-01-28T19:58:19.856804,INFO,payment,Request OK
2026-01-28T19:58:20.057868,ERROR,orders,DB failure
2026-01-28T19:58:20.259206,INFO,search,User login
2026-01-28T19:58:20.460448,INFO,orders,User login
2026-01-28T19:58:20.661355,INFO,orders,User login
2026-01-28T19:58:20.862777,WARN,orders,Cache hit
2026-01-28T19:58:21.064740,INFO,search,Cache hit
2026-01-28T19:58:21.266004,WARN,auth,User login
2026-01-28T19:58:21.467214,INFO,orders,User login
2026-01-28T19:58:21.668470,INFO,search,User login
2026-01-28T19:58:21.870182,INFO,orders,User login
2026-01-28T19:58:22.071978,INFO,auth,Request OK
2026-01-28T19:58:22.272980,INFO,search,User login
2026-01-28T19:58:22.473888,ERROR,payment,DB failure
2026-01-28T19:58:22.675423,INFO,auth,Request OK
2026-01-28T19:58:22.876948,INFO,payment,User login
2026-01-28T19:58:23.078573,INFO,search,User login
2026-01-28T19:58:23.279797,INFO,orders,Request OK
2026-01-28T19:58:23.481819,INFO,payment,User login
2026-01-28T19:58:23.683250,ERROR,payment,DB failure
2026-01-28T19:58:23.885040,INFO,auth,User login
2026-01-28T19:58:24.086750,INFO,search,User login
2026-01-28T19:58:24.287887,INFO,payment,Cache hit
2026-01-28T19:58:24.489166,INFO,payment,User login
2026-01-28T19:58:24.690623,INFO,payment,Request OK
2026-01-28T19:58:24.891935,INFO,orders,Request OK
2026-01-28T19:58:25.093203,INFO,orders,Request OK
2026-01-28T19:58:25.294312,INFO,payment,Cache hit
2026-01-28T19:58:25.495334,INFO,orders,Cache hit
2026-01-28T19:58:25.696797,INFO,orders,Request OK
2026-01-28T19:58:25.898142,INFO,auth,Request OK
2026-01-28T19:58:26.112092,INFO,search,User login
2026-01-28T19:58:26.313130,INFO,orders,User login
2026-01-28T19:58:26.514221,INFO,orders,Request OK
2026-01-28T19:58:26.716863,INFO,payment,User login
2026-01-28T19:58:26.918706,INFO,auth,User login
2026-01-28T19:58:27.120099,INFO,orders,Request OK
2026-01-28T19:58:27.320889,INFO,auth,User login
2026-01-28T19:58:27.522525,WARN,search,Request OK
2026-01-28T19:58:27.724950,INFO,search,User login
2026-01-28T19:58:27.926369,INFO,search,Cache hit
2026-01-28T19:58:28.127867,INFO,auth,User login
2026-01-28T19:58:28.329087,ERROR,payment,Timeout
2026-01-28T19:58:28.530849,INFO,orders,User login
2026-01-28T19:58:28.733014,ERROR,orders,Null pointer
2026-01-28T19:58:28.934197,INFO,orders,Request OK
2026-01-28T19:58:29.135910,INFO,search,Cache hit
2026-01-28T19:58:29.337496,WARN,auth,User login
2026-01-28T19:58:29.538919,INFO,payment,Cache hit
2026-01-28T19:58:29.740040,INFO,payment,Request OK
2026-01-28T19:58:29.941739,INFO,orders,User login
2026-01-28T19:58:30.143492,INFO,search,Cache hit
2026-01-28T19:58:30.345069,INFO,auth,Cache hit
2026-01-28T19:58:30.546398,INFO,search,Request OK
2026-01-28T19:58:30.747704,INFO,payment,Cache hit
2026-01-28T19:58:30.949020,INFO,payment,Cache hit
2026-01-28T19:58:31.150491,INFO,payment,User login
2026-01-28T19:58:31.351888,INFO,payment,Cache hit
2026-01-28T19:58:31.553353,INFO,orders,Cache hit
2026-01-28T19:58:31.754953,ERROR,orders,DB failure
2026-01-28T19:58:31.956998,INFO,search,Cache hit
2026-01-28T19:58:32.159244,INFO,search,Cache hit
2026-01-28T19:58:32.360457,INFO,payment,User login
2026-01-28T19:58:32.561663,ERROR,auth,Timeout
2026-01-28T19:58:32.763049,INFO,orders,Cache hit
2026-01-28T19:58:32.964060,INFO,auth,Cache hit
2026-01-28T19:58:33.165031,INFO,payment,Cache hit
2026-01-28T19:58:33.366648,INFO,search,Request OK
2026-01-28T19:58:33.568236,INFO,search,Request OK
2026-01-28T19:58:33.769578,ERROR,orders,DB failure
2026-01-28T19:58:33.971043,WARN,payment,Request OK
2026-01-28T19:58:34.172353,INFO,payment,Request OK
2026-01-28T19:58:34.373689,WARN,search,Cache hit
2026-01-28T19:58:34.574630,INFO,payment,Cache hit
2026-01-28T19:58:34.776757,WARN,orders,Cache hit
2026-01-28T19:58:34.977822,WARN,auth,Cache hit
2026-01-28T19:58:35.179065,INFO,search,User login
2026-01-28T19:58:35.380751,INFO,payment,Request OK
2026-01-28T19:58:35.581925,WARN,payment,User login
2026-01-28T19:58:35.783334,WARN,payment,User login
2026-01-28T19:58:35.984577,INFO,orders,User login
2026-01-28T19:58:36.185714,WARN,auth,User login
2026-01-28T19:58:36.386739,INFO,orders,Cache hit
2026-01-28T19:58:36.588438,INFO,auth,User login
2026-01-28T19:58:36.789757,INFO,auth,Cache hit
2026-01-28T19:58:36.990982,INFO,auth,User login
2026-01-28T19:58:37.192398,INFO,auth,Cache hit
2026-01-28T19:58:37.393996,INFO,payment,Cache hit
2026-01-28T19:58:37.595305,INFO,auth,Request OK
2026-01-28T19:58:37.796437,WARN,auth,Cache hit
2026-01-28T19:58:37.997384,INFO,search,User login
2026-01-28T19:58:38.198577,INFO,orders,Cache hit
2026-01-28T19:58:38.400681,INFO,payment,Request OK
2026-01-28T19:58:38.601962,INFO,auth,User login
2026-01-28T19:58:38.803243,INFO,orders,Cache hit
2026-01-28T19:58:39.004449,INFO,orders,Request OK
2026-01-28T19:58:39.205838,INFO,orders,Request OK
2026-01-28T19:58:39.406922,WARN,auth,Cache hit
2026-01-28T19:58:39.608165,INFO,auth,Request OK
2026-01-28T19:58:39.809916,INFO,search,User login
2026-01-28T19:58:40.010859,INFO,payment,User login
2026-01-28T19:58:40.212122,INFO,payment,Cache hit
2026-01-28T19:58:40.413392,WARN,payment,Request OK
2026-01-28T19:58:40.614419,INFO,search,Cache hit
2026-01-28T19:58:40.815344,INFO,payment,User login
2026-01-28T19:58:41.016440,ERROR,orders,DB failure
2026-01-28T19:58:41.217537,INFO,payment,User login
2026-01-28T19:58:41.419023,ERROR,payment,DB failure
2026-01-28T19:58:41.620331,ERROR,orders,Null pointer
2026-01-28T19:58:41.821793,INFO,auth,Request OK
2026-01-28T19:58:42.023145,INFO,orders,User login
2026-01-28T19:58:42.224654,INFO,payment,Request OK
2026-01-28T19:58:42.426291,INFO,orders,User login
2026-01-28T19:58:42.627706,ERROR,payment,Timeout
2026-01-28T19:58:42.829173,ERROR,auth,DB failure
2026-01-28T19:58:43.030665,WARN,search,Cache hit
2026-01-28T19:58:43.232301,INFO,auth,Request OK
2026-01-28T19:58:43.433551,INFO,search,Request OK
2026-01-28T19:58:43.634913,INFO,orders,Cache hit
2026-01-28T19:58:43.836556,INFO,payment,User login
2026-01-28T19:58:44.037975,INFO,orders,Request OK
2026-01-28T19:58:44.239300,INFO,auth,User login
2026-01-28T19:58:44.440475,INFO,payment,User login
2026-01-28T19:58:44.641909,WARN,orders,Cache hit
2026-01-28T19:58:44.843200,INFO,payment,User login
2026-01-28T19:58:45.044912,INFO,auth,Request OK
2026-01-28T19:58:45.246527,INFO,search,User login
2026-01-28T19:58:45.448218,INFO,search,Cache hit
2026-01-28T19:58:45.649616,INFO,payment,Request OK
2026-01-28T19:58:45.851041,INFO,payment,User login
2026-01-28T19:58:46.054783,INFO,orders,Request OK
2026-01-28T19:58:46.255945,INFO,orders,Cache hit
2026-01-28T19:58:46.457581,ERROR,auth,Null pointer
2026-01-28T19:58:46.658858,INFO,auth,Request OK
2026-01-28T19:58:46.859977,INFO,search,Request OK
2026-01-28T19:58:47.061690,INFO,search,User login
2026-01-28T19:58:47.262848,INFO,orders,Cache hit
2026-01-28T19:58:47.464119,INFO,search,Cache hit
2026-01-28T19:58:47.665563,INFO,orders,User login
2026-01-28T19:58:47.867170,INFO,orders,Request OK
2026-01-28T19:58:48.069111,INFO,search,Request OK
2026-01-28T19:58:48.270675,INFO,search,Cache hit
2026-01-28T19:58:48.472394,WARN,payment,Cache hit
2026-01-28T19:58:48.673853,INFO,search,Cache hit
2026-01-28T19:58:48.875088,INFO,search,User login
2026-01-28T19:58:49.076527,INFO,search,User login
2026-01-28T19:58:49.410700,INFO,payment,Cache hit
2026-01-28T19:58:49.620317,INFO,payment,Request OK
2026-01-28T19:58:49.821581,INFO,auth,Request OK
2026-01-28T19:58:50.024462,INFO,auth,Request OK
2026-01-28T19:58:50.226938,INFO,payment,Cache hit
2026-01-28T19:58:50.428456,INFO,payment,Cache hit
2026-01-28T19:58:50.629627,ERROR,payment,DB failure
2026-01-28T19:58:50.831554,INFO,auth,User login
2026-01-28T19:58:51.033202,INFO,search,Request OK
2026-01-28T19:58:51.234965,INFO,payment,User login
2026-01-28T19:58:51.436424,INFO,orders,Request OK
2026-01-28T19:58:51.637751,INFO,auth,Request OK
2026-01-28T19:58:51.839227,INFO,search,Request OK
2026-01-28T19:58:52.041123,ERROR,search,Null pointer
2026-01-28T19:58:52.243315,INFO,orders,Cache hit
2026-01-28T19:58:52.444350,INFO,auth,Request OK
2026-01-28T19:58:52.646008,WARN,orders,User login
2026-01-28T19:58:52.847383,INFO,orders,User login
2026-01-28T19:58:53.048820,INFO,payment,Request OK
2026-01-28T19:58:53.250098,INFO,auth,Cache hit
2026-01-28T19:58:53.451577,INFO,orders,Cache hit
2026-01-28T19:58:53.652823,INFO,orders,Cache hit
2026-01-28T19:58:53.854136,ERROR,auth,Null pointer
2026-01-28T19:58:54.055591,INFO,payment,User login
2026-01-28T19:58:54.256950,INFO,orders,Cache hit
2026-01-28T19:58:54.458484,ERROR,auth,DB failure
2026-01-28T19:58:54.660059,ERROR,auth,DB failure
2026-01-28T19:58:54.861574,INFO,orders,Cache hit
2026-01-28T19:58:55.063968,WARN,auth,Cache hit
2026-01-28T19:58:55.265577,INFO,search,User login
2026-01-28T19:58:55.466969,ERROR,auth,Timeout
2026-01-28T19:58:55.668190,INFO,search,User login
2026-01-28T19:58:55.869640,WARN,payment,Request OK
2026-01-28T19:58:56.071447,INFO,search,User login
2026-01-28T19:58:56.273332,WARN,payment,Request OK
2026-01-28T19:58:56.475059,INFO,search,Request OK
2026-01-28T19:58:56.676922,INFO,auth,User login
2026-01-28T19:58:56.879124,INFO,auth,Request OK
2026-01-28T19:58:57.081534,INFO,payment,Request OK
2026-01-28T19:58:57.283283,WARN,search,Cache hit
2026-01-28T19:58:57.485544,INFO,search,User login
2026-01-28T19:58:57.690150,INFO,auth,User login
2026-01-28T19:58:57.892265,WARN,payment,Cache hit
2026-01-28T19:58:58.094424,INFO,auth,Request OK
2026-01-28T19:58:58.295890,INFO,auth,Cache hit
2026-01-28T19:58:58.497496,INFO,auth,Request OK
2026-01-28T19:58:58.699127,INFO,search,Request OK
2026-01-28T19:58:58.900772,INFO,orders,Request OK
2026-01-28T19:58:59.102469,INFO,payment,User login
2026-01-28T19:58:59.304329,INFO,payment,Cache hit
2026-01-28T19:58:59.506041,INFO,auth,Cache hit
2026-01-28T19:58:59.707358,INFO,orders,Cache hit
2026-01-28T19:58:59.909233,INFO,orders,Request OK
2026-01-28T19:59:00.110572,INFO,auth,User login
2026-01-28T19:59:00.311594,INFO,search,Request OK
2026-01-28T19:59:00.512658,WARN,search,Request OK
2026-01-28T19:59:00.713957,INFO,orders,User login
2026-01-28T19:59:00.915250,INFO,orders,Cache hit
2026-01-28T19:59:01.117206,INFO,payment,Request OK
2026-01-28T19:59:01.318913,INFO,payment,Request OK
2026-01-28T19:59:01.520896,INFO,auth,Request OK
2026-01-28T19:59:01.722523,WARN,auth,User login
2026-01-28T19:59:01.923692,INFO,payment,Request OK
2026-01-28T19:59:02.125496,ERROR,orders,Timeout
2026-01-28T19:59:02.326939,INFO,payment,User login
2026-01-28T19:59:02.528209,WARN,search,Request OK
2026-01-28T19:59:02.729838,INFO,search,Cache hit
2026-01-28T19:59:02.931569,WARN,auth,User login
2026-01-28T19:59:03.133088,INFO,orders,Request OK
2026-01-28T19:59:03.334326,WARN,payment,Request OK
2026-01-28T19:59:03.535598,INFO,payment,Cache hit
2026-01-28T19:59:03.736853,WARN,orders,Cache hit
2026-01-28T19:59:03.938223,INFO,orders,Request OK
2026-01-28T19:59:04.139473,INFO,auth,User login
2026-01-28T19:59:04.341149,INFO,search,Cache hit
2026-01-28T19:59:04.542410,INFO,payment,User login
2026-01-28T19:59:04.743955,WARN,orders,Request OK
2026-01-28T19:59:04.945520,INFO,search,Request OK
2026-01-28T19:59:05.146771,ERROR,auth,Timeout
2026-01-28T19:59:05.348439,INFO,payment,Request OK
2026-01-28T19:59:05.549764,INFO,auth,Request OK
2026-01-28T19:59:05.751346,INFO,search,User login
2026-01-28T19:59:05.952557,ERROR,auth,Timeout
2026-01-28T19:59:06.153838,ERROR,auth,Timeout
2026-01-28T19:59:06.355095,INFO,orders,Request OK
2026-01-28T19:59:06.556652,INFO,search,User login
2026-01-28T19:59:06.758247,INFO,search,Cache hit
2026-01-28T19:59:06.959427,INFO,search,User login
2026-01-28T19:59:07.161022,INFO,auth,Request OK
2026-01-28T19:59:07.362429,INFO,auth,Cache hit
2026-01-28T19:59:07.563944,INFO,search,User login
2026-01-28T19:59:07.765492,INFO,orders,Cache hit
2026-01-28T19:59:07.966939,INFO,payment,User login
2026-01-28T19:59:08.169251,ERROR,payment,Timeout
2026-01-28T19:59:08.370814,INFO,orders,Cache hit
2026-01-28T19:59:08.572055,INFO,orders,Cache hit
2026-01-28T19:59:08.773340,INFO,auth,User login
2026-01-28T19:59:08.974622,INFO,payment,Request OK
2026-01-28T19:59:09.175974,INFO,search,Cache hit
2026-01-28T19:59:09.377305,INFO,search,Cache hit
2026-01-28T19:59:09.578653,INFO,search,Cache hit
2026-01-28T19:59:09.780317,INFO,auth,Cache hit
2026-01-28T19:59:09.981719,INFO,search,Cache hit
2026-01-28T19:59:10.183109,WARN,search,User login
2026-01-28T19:59:10.384377,INFO,auth,User login
2026-01-28T19:59:10.585677,INFO,orders,Request OK
2026-01-28T19:59:10.787802,INFO,payment,Request OK
2026-01-28T19:59:10.989383,INFO,orders,Cache hit
2026-01-28T19:59:11.190841,INFO,search,Cache hit
2026-01-28T19:59:11.392274,INFO,search,Cache hit
2026-01-28T19:59:11.594012,INFO,search,Cache hit
2026-01-28T19:59:11.795403,INFO,search,Cache hit
2026-01-28T19:59:11.997142,WARN,auth,Request OK
2026-01-28T19:59:12.199112,ERROR,search,DB failure
2026-01-28T19:59:12.400465,INFO,orders,Cache hit
2026-01-28T19:59:12.602121,INFO,auth,User login
2026-01-28T19:59:12.803801,INFO,payment,Request OK
2026-01-28T19:59:13.005275,INFO,auth,User login
2026-01-28T19:59:13.206529,INFO,search,User login
2026-01-28T19:59:13.408096,INFO,payment,User login
2026-01-28T19:59:13.610033,INFO,payment,Cache hit
2026-01-28T19:59:13.811340,INFO,orders,Request OK
2026-01-28T19:59:14.013187,INFO,search,Request OK
2026-01-28T19:59:14.215277,INFO,payment,User login
2026-01-28T19:59:14.417223,INFO,orders,Cache hit
2026-01-28T19:59:14.618822,INFO,payment,Cache hit
2026-01-28T19:59:14.820088,INFO,search,Cache hit
2026-01-28T19:59:15.021466,INFO,payment,Request OK
2026-01-28T19:59:15.223004,INFO,auth,User login
2026-01-28T19:59:15.424608,INFO,search,Cache hit
2026-01-28T19:59:15.626159,INFO,payment,Request OK
2026-01-28T19:59:15.827414,INFO,orders,User login
2026-01-28T19:59:16.028749,INFO,auth,User login
2026-01-28T19:59:16.230384,INFO,orders,User login
2026-01-28T19:59:16.431562,ERROR,orders,DB failure
2026-01-28T19:59:16.632984,INFO,payment,Request OK
2026-01-28T19:59:16.835259,INFO,auth,Cache hit
2026-01-28T19:59:17.036555,INFO,orders,Request OK
2026-01-28T19:59:17.240391,INFO,search,User login
2026-01-28T19:59:17.442136,INFO,auth,Cache hit
2026-01-28T19:59:17.643565,INFO,search,User login
2026-01-28T19:59:17.844923,INFO,orders,Request OK
2026-01-28T19:59:18.046376,WARN,auth,Cache hit
2026-01-28T19:59:18.247844,WARN,search,User login
2026-01-28T19:59:18.449137,ERROR,orders,DB failure
2026-01-28T19:59:18.650610,INFO,payment,User login
2026-01-28T19:59:18.851874,INFO,auth,User login
2026-01-28T19:59:19.053366,INFO,payment,Cache hit
2026-01-28T19:59:19.255097,INFO,orders,Request OK
2026-01-28T19:59:19.456703,INFO,search,Cache hit
2026-01-28T19:59:19.658195,INFO,orders,Cache hit
2026-01-28T19:59:19.859825,INFO,orders,Request OK
2026-01-28T19:59:20.061559,INFO,auth,User login
2026-01-28T19:59:20.262670,INFO,orders,Request OK
2026-01-28T19:59:20.464325,INFO,orders,User login
2026-01-28T19:59:20.665738,INFO,auth,Request OK
2026-01-28T19:59:20.867242,INFO,orders,User login
2026-01-28T19:59:21.068871,INFO,orders,Cache hit
2026-01-28T19:59:21.270422,INFO,orders,Request OK
2026-01-28T19:59:21.471809,ERROR,search,Timeout
2026-01-28T19:59:21.673276,INFO,orders,Cache hit
2026-01-28T19:59:21.874357,INFO,payment,Cache hit
2026-01-28T19:59:22.075759,INFO,auth,User login
2026-01-28T19:59:22.276805,INFO,orders,Cache hit
2026-01-28T19:59:22.478001,INFO,search,Cache hit
2026-01-28T19:59:22.679683,INFO,search,Cache hit
2026-01-28T19:59:22.881299,INFO,orders,Request OK
2026-01-28T19:59:23.082810,ERROR,orders,Null pointer
2026-01-28T19:59:23.284163,INFO,payment,Request OK
2026-01-28T19:59:23.485402,INFO,payment,Cache hit
2026-01-28T19:59:23.686581,WARN,payment,Cache hit
2026-01-28T19:59:23.887634,INFO,search,Cache hit
2026-01-28T19:59:24.088595,INFO,search,Request OK
2026-01-28T19:59:24.289928,INFO,payment,Cache hit
2026-01-28T19:59:24.490968,INFO,search,Cache hit
2026-01-28T19:59:24.692443,ERROR,payment,Timeout
2026-01-28T19:59:24.893682,ERROR,search,Null pointer
2026-01-28T19:59:25.095245,ERROR,search,DB failure
2026-01-28T19:59:25.296434,INFO,payment,Request OK
2026-01-28T19:59:25.497391,WARN,search,User login
2026-01-28T19:59:25.698597,INFO,search,Cache hit
2026-01-28T19:59:25.899958,INFO,auth,Cache hit
2026-01-28T19:59:26.101408,WARN,orders,Cache hit
2026-01-28T19:59:26.302331,WARN,auth,Request OK
2026-01-28T19:59:26.503197,INFO,orders,User login
2026-01-28T19:59:26.704586,WARN,auth,Cache hit
2026-01-28T19:59:26.905838,INFO,orders,User login
2026-01-28T19:59:27.107943,INFO,payment,User login
2026-01-28T19:59:27.309088,INFO,orders,Request OK
2026-01-28T19:59:27.510155,INFO,search,Request OK
2026-01-28T19:59:27.711067,INFO,payment,User login
2026-01-28T19:59:27.912197,INFO,orders,Cache hit
2026-01-28T19:59:28.113576,WARN,search,Request OK
2026-01-28T19:59:28.314508,INFO,payment,Request OK
2026-01-28T19:59:28.515650,INFO,payment,User login
2026-01-28T19:59:28.716905,WARN,auth,User login
2026-01-28T19:59:28.918251,INFO,payment,Cache hit
2026-01-28T19:59:29.119873,INFO,payment,Cache hit
2026-01-28T19:59:29.321326,INFO,search,User login
2026-01-28T19:59:29.522472,INFO,orders,User login
2026-01-28T19:59:29.724031,WARN,payment,Request OK
2026-01-28T19:59:29.925405,INFO,auth,Request OK
2026-01-28T19:59:30.126696,ERROR,search,Null pointer
2026-01-28T19:59:30.327965,INFO,orders,Cache hit
2026-01-28T19:59:30.528962,WARN,orders,Cache hit
2026-01-28T19:59:30.729905,INFO,search,Request OK
2026-01-28T19:59:30.931026,INFO,search,Request OK
2026-01-28T19:59:31.132298,INFO,auth,User login
2026-01-28T19:59:31.333281,INFO,payment,Cache hit
2026-01-28T19:59:31.534695,INFO,orders,Cache hit
2026-01-28T19:59:31.735837,INFO,auth,Cache hit
2026-01-28T19:59:31.937086,INFO,auth,Cache hit
2026-01-28T19:59:32.138189,INFO,auth,Cache hit
2026-01-28T19:59:32.339407,INFO,search,Cache hit
2026-01-28T19:59:32.540552,INFO,orders,Cache hit
2026-01-28T19:59:32.742296,INFO,payment,Request OK
2026-01-28T19:59:32.943533,ERROR,payment,DB failure
2026-01-28T19:59:33.144961,INFO,payment,Request OK
2026-01-28T19:59:33.346420,INFO,auth,Request OK
2026-01-28T19:59:33.547929,INFO,search,Cache hit
2026-01-28T19:59:33.749269,INFO,orders,Cache hit
2026-01-28T19:59:33.950815,INFO,search,User login
2026-01-28T19:59:34.152463,INFO,orders,Request OK
2026-01-28T19:59:34.354222,INFO,orders,Request OK
2026-01-28T19:59:34.555569,INFO,orders,Cache hit
2026-01-28T19:59:34.756945,ERROR,orders,Null pointer
2026-01-28T19:59:34.958203,INFO,search,Request OK
2026-01-28T19:59:35.159735,INFO,payment,Request OK
2026-01-28T19:59:35.361300,INFO,orders,User login
2026-01-28T19:59:35.563632,INFO,auth,Cache hit
2026-01-28T19:59:35.765251,INFO,payment,Cache hit
2026-01-28T19:59:35.966707,INFO,orders,User login
2026-01-28T19:59:36.168400,INFO,search,User login
2026-01-28T19:59:36.369967,INFO,payment,Cache hit
2026-01-28T19:59:36.571372,INFO,orders,Request OK
2026-01-28T19:59:36.772802,INFO,auth,Request OK
2026-01-28T19:59:36.974000,INFO,auth,User login
2026-01-28T19:59:37.175147,INFO,auth,Request OK
2026-01-28T19:59:37.376401,INFO,payment,Request OK
2026-01-28T19:59:37.577955,INFO,payment,User login
2026-01-28T19:59:37.778994,ERROR,payment,Timeout
2026-01-28T19:59:37.980085,WARN,payment,Cache hit
2026-01-28T19:59:38.181243,INFO,auth,User login
2026-01-28T19:59:38.382171,INFO,search,User login
2026-01-28T19:59:38.583618,INFO,auth,Cache hit
2026-01-28T19:59:38.785000,WARN,auth,Cache hit
2026-01-28T19:59:38.986094,INFO,search,Cache hit
2026-01-28T19:59:39.187323,INFO,payment,Cache hit
2026-01-28T19:59:39.388658,ERROR,auth,Null pointer
2026-01-28T19:59:39.589909,INFO,orders,Request OK
2026-01-28T19:59:39.791754,INFO,auth,Cache hit
2026-01-28T19:59:39.992969,INFO,search,Request OK
2026-01-28T19:59:40.194344,WARN,orders,Cache hit
2026-01-28T19:59:40.395711,ERROR,orders,Null pointer
2026-01-28T19:59:40.597613,INFO,auth,Cache hit
2026-01-28T19:59:40.798863,INFO,payment,Cache hit
2026-01-28T19:59:41.000040,WARN,search,Cache hit
2026-01-28T19:59:41.200979,INFO,orders,User login
2026-01-28T19:59:41.401866,INFO,payment,Request OK
2026-01-28T19:59:41.602696,INFO,payment,User login
2026-01-28T19:59:41.803937,WARN,orders,Request OK
2026-01-28T19:59:42.005034,INFO,payment,User login
2026-01-28T19:59:42.206106,ERROR,search,DB failure
2026-01-28T19:59:42.418658,WARN,auth,Cache hit
2026-01-28T19:59:42.619952,INFO,orders,User login
2026-01-28T19:59:42.821294,INFO,payment,Request OK
2026-01-28T19:59:43.022720,INFO,orders,Request OK
2026-01-28T19:59:43.223686,INFO,orders,Cache hit
2026-01-28T19:59:43.424729,INFO,payment,User login
2026-01-28T19:59:43.625843,INFO,auth,User login
2026-01-28T19:59:43.827097,ERROR,payment,DB failure
2026-01-28T19:59:44.027994,INFO,search,Request OK
2026-01-28T19:59:44.229560,WARN,orders,Cache hit
2026-01-28T19:59:44.431458,INFO,search,Cache hit
2026-01-28T19:59:44.632773,INFO,payment,Cache hit
2026-01-28T19:59:44.834047,INFO,payment,Request OK
2026-01-28T19:59:45.035160,INFO,search,User login
2026-01-28T19:59:45.236224,INFO,auth,User login
2026-01-28T19:59:45.437595,INFO,payment,Cache hit
2026-01-28T19:59:45.639201,INFO,search,Cache hit
2026-01-28T19:59:45.840458,WARN,search,Request OK
2026-01-28T19:59:46.042060,INFO,payment,Request OK
2026-01-28T19:59:46.243688,INFO,auth,Request OK
2026-01-28T19:59:46.445213,WARN,search,User login
2026-01-28T19:59:46.646488,INFO,auth,Cache hit
2026-01-28T19:59:46.848152,INFO,search,Cache hit
2026-01-28T19:59:47.049540,INFO,orders,User login
2026-01-28T19:59:47.250820,INFO,payment,Request OK
2026-01-28T19:59:47.452186,INFO,payment,Request OK
2026-01-28T19:59:47.653329,INFO,search,Cache hit
2026-01-28T19:59:47.854595,INFO,payment,Cache hit
2026-01-28T19:59:48.056312,ERROR,orders,Null pointer
2026-01-28T19:59:48.257566,INFO,search,User login
2026-01-28T19:59:48.459222,WARN,payment,Request OK
2026-01-28T19:59:48.660528,INFO,orders,User login
2026-01-28T19:59:48.861699,INFO,orders,Request OK
2026-01-28T19:59:49.062759,INFO,orders,Cache hit
2026-01-28T19:59:49.263881,INFO,auth,Cache hit
2026-01-28T19:59:49.465042,INFO,auth,Cache hit
2026-01-28T19:59:49.666462,INFO,search,Cache hit
2026-01-28T19:59:49.867663,ERROR,search,Null pointer
2026-01-28T19:59:50.069464,INFO,search,Request OK
2026-01-28T19:59:50.271011,WARN,orders,Request OK
2026-01-28T19:59:50.472397,INFO,auth,User login
2026-01-28T19:59:50.673982,INFO,search,User login
2026-01-28T19:59:50.875411,INFO,payment,User login
2026-01-28T19:59:51.076605,INFO,orders,Request OK
2026-01-28T19:59:51.277865,INFO,payment,Request OK
2026-01-28T19:59:51.479391,WARN,orders,Cache hit
2026-01-28T19:59:51.680967,INFO,auth,User login
2026-01-28T19:59:51.882483,INFO,auth,Cache hit
2026-01-28T19:59:52.084091,INFO,search,Request OK
2026-01-28T19:59:52.285331,WARN,search,Request OK
2026-01-28T19:59:52.486317,INFO,search,Request OK
2026-01-28T19:59:52.687725,WARN,auth,Request OK
2026-01-28T19:59:52.889131,INFO,payment,User login
2026-01-28T19:59:53.090765,WARN,search,User login
2026-01-28T19:59:53.291790,INFO,orders,User login
2026-01-28T19:59:53.493013,INFO,payment,Request OK
2026-01-28T19:59:53.694096,INFO,auth,Request OK
2026-01-28T19:59:53.895369,INFO,auth,Request OK
2026-01-28T19:59:54.096357,ERROR,payment,DB failure
2026-01-28T19:59:54.297678,INFO,auth,User login
2026-01-28T19:59:54.498987,INFO,payment,Request OK
2026-01-28T19:59:54.700299,INFO,payment,Request OK
2026-01-28T19:59:54.901598,INFO,auth,Cache hit
2026-01-28T19:59:55.103097,INFO,orders,Request OK
2026-01-28T19:59:55.303963,INFO,payment,User login
2026-01-28T19:59:55.505061,INFO,search,User login
2026-01-28T19:59:55.705955,INFO,payment,Cache hit
2026-01-28T19:59:55.906974,INFO,payment,User login
2026-01-28T19:59:56.108388,ERROR,auth,Timeout
2026-01-28T19:59:56.309373,INFO,auth,Cache hit
2026-01-28T19:59:56.510929,INFO,search,Request OK
2026-01-28T19:59:56.712405,WARN,payment,User login
2026-01-28T19:59:56.913876,INFO,orders,User login
2026-01-28T19:59:57.115453,ERROR,auth,Null pointer
2026-01-28T19:59:57.316838,INFO,auth,Request OK
2026-01-28T19:59:57.518144,INFO,orders,Cache hit
2026-01-28T19:59:57.719171,INFO,auth,Cache hit
2026-01-28T19:59:57.920206,INFO,payment,Cache hit
2026-01-28T19:59:58.121478,WARN,auth,Cache hit
2026-01-28T19:59:58.322332,INFO,auth,Request OK
2026-01-28T19:59:58.523908,INFO,search,User login
2026-01-28T19:59:58.725236,INFO,auth,Cache hit
2026-01-28T19:59:58.926649,INFO,search,Request OK
2026-01-28T19:59:59.128025,INFO,orders,Request OK
2026-01-28T19:59:59.328883,INFO,auth,User login
2026-01-28T19:59:59.530358,INFO,search,Cache hit
2026-01-28T19:59:59.732143,INFO,payment,User login
2026-01-28T19:59:59.933831,INFO,orders,Cache hit
2026-01-28T20:00:00.135109,ERROR,orders,DB failure
2026-01-28T20:00:00.336133,INFO,payment,User login
2026-01-28T20:00:00.537594,INFO,orders,Request OK
2026-01-28T20:00:00.738784,INFO,payment,User login
2026-01-28T20:00:00.939954,INFO,search,User login
2026-01-28T20:00:01.141143,ERROR,auth,Timeout
2026-01-28T20:00:01.342241,INFO,payment,Cache hit
2026-01-28T20:00:01.543697,INFO,search,Cache hit
2026-01-28T20:00:01.745142,INFO,orders,Cache hit
2026-01-28T20:00:01.946361,INFO,search,Cache hit
2026-01-28T20:00:02.147224,INFO,orders,User login
2026-01-28T20:00:02.348388,INFO,auth,Cache hit
2026-01-28T20:00:02.549679,INFO,payment,User login
2026-01-28T20:00:02.751761,INFO,orders,User login
2026-01-28T20:00:02.953021,WARN,auth,Request OK
2026-01-28T20:00:03.153941,INFO,search,Cache hit
2026-01-28T20:00:03.355516,WARN,orders,Cache hit
2026-01-28T20:00:03.556919,INFO,orders,Request OK
2026-01-28T20:00:03.758237,ERROR,orders,DB failure
2026-01-28T20:00:03.959928,INFO,payment,Cache hit
2026-01-28T20:00:04.162573,INFO,auth,Cache hit
2026-01-28T20:00:04.364085,INFO,search,Request OK
2026-01-28T20:00:04.565628,INFO,search,Request OK
2026-01-28T20:00:04.767200,INFO,payment,Cache hit
2026-01-28T20:00:04.968693,INFO,search,Cache hit
2026-01-28T20:00:05.170217,INFO,auth,Cache hit
2026-01-28T20:00:05.372604,INFO,orders,User login
2026-01-28T20:00:05.574086,INFO,search,Request OK
2026-01-28T20:00:05.775029,INFO,auth,Request OK
2026-01-28T20:00:05.976234,ERROR,orders,Timeout
2026-01-28T20:00:06.177632,INFO,payment,Request OK
2026-01-28T20:00:06.378646,WARN,payment,User login
2026-01-28T20:00:06.580143,INFO,search,Request OK
2026-01-28T20:00:06.781496,INFO,payment,Cache hit
2026-01-28T20:00:06.983019,INFO,search,User login
2026-01-28T20:00:07.184452,INFO,payment,User login
2026-01-28T20:00:07.385840,INFO,orders,User login
2026-01-28T20:00:07.587189,WARN,auth,User login
2026-01-28T20:00:07.788873,INFO,auth,Request OK
2026-01-28T20:00:07.990094,ERROR,payment,Null pointer
2026-01-28T20:00:08.191573,INFO,orders,User login
2026-01-28T20:00:08.392849,WARN,orders,Request OK
2026-01-28T20:00:08.594608,INFO,payment,Cache hit
2026-01-28T20:00:08.795996,INFO,payment,User login
2026-01-28T20:00:08.996994,WARN,search,Request OK
2026-01-28T20:00:09.198626,INFO,auth,Cache hit
2026-01-28T20:00:09.399967,ERROR,search,Timeout
2026-01-28T20:00:09.601313,INFO,auth,Request OK
2026-01-28T20:00:09.802545,INFO,auth,Cache hit
2026-01-28T20:00:10.004090,INFO,auth,Request OK
2026-01-28T20:00:10.205505,INFO,orders,User login
2026-01-28T20:00:10.406581,WARN,search,User login
2026-01-28T20:00:10.607599,WARN,search,User login
2026-01-28T20:00:10.808826,INFO,payment,Cache hit
2026-01-28T20:00:11.009812,INFO,auth,User login
2026-01-28T20:00:11.211564,INFO,orders,Cache hit
2026-01-28T20:00:11.413177,INFO,auth,User login
2026-01-28T20:00:11.614258,INFO,payment,User login
2026-01-28T20:00:11.816169,INFO,payment,Request OK
2026-01-28T20:00:12.017531,INFO,payment,User login
2026-01-28T20:00:12.218615,WARN,search,Request OK
2026-01-28T20:00:12.420070,ERROR,payment,DB failure
2026-01-28T20:00:12.621770,INFO,payment,User login
2026-01-28T20:00:12.823202,INFO,orders,Cache hit
2026-01-28T20:00:13.024624,INFO,search,Cache hit
2026-01-28T20:00:13.226220,INFO,orders,User login
2026-01-28T20:00:13.427617,INFO,auth,User login
2026-01-28T20:00:13.628958,ERROR,payment,Timeout
2026-01-28T20:00:13.830452,INFO,payment,Request OK
2026-01-28T20:00:14.031947,INFO,orders,Cache hit
2026-01-28T20:00:14.233221,INFO,orders,User login
2026-01-28T20:00:14.434224,INFO,orders,Cache hit
2026-01-28T20:00:14.635545,INFO,auth,Cache hit
2026-01-28T20:00:14.836886,INFO,payment,Cache hit
2026-01-28T20:00:15.038408,INFO,orders,Cache hit
2026-01-28T20:00:15.240163,INFO,orders,Request OK
2026-01-28T20:00:15.442439,INFO,payment,User login
2026-01-28T20:00:15.643389,INFO,payment,Request OK
2026-01-28T20:00:15.846176,INFO,search,User login
2026-01-28T20:00:16.048592,INFO,auth,User login
2026-01-28T20:00:16.250241,INFO,orders,User login
2026-01-28T20:00:16.452104,INFO,search,User login
2026-01-28T20:00:16.653141,WARN,search,Cache hit
2026-01-28T20:00:16.854668,INFO,auth,Request OK
2026-01-28T20:00:17.055865,INFO,search,User login
2026-01-28T20:00:17.257714,INFO,payment,Cache hit
2026-01-28T20:00:17.459384,INFO,search,Cache hit
2026-01-28T20:00:17.660976,ERROR,auth,DB failure
2026-01-28T20:00:17.862507,INFO,orders,Cache hit
2026-01-28T20:00:18.064616,ERROR,search,DB failure
2026-01-28T20:00:18.265767,INFO,payment,User login
2026-01-28T20:00:18.466920,INFO,payment,User login
2026-01-28T20:00:18.668423,INFO,search,Request OK
2026-01-28T20:00:18.870222,INFO,orders,Cache hit
2026-01-28T20:00:19.072033,INFO,search,Request OK
2026-01-28T20:00:19.273328,INFO,search,User login
2026-01-28T20:00:19.474779,INFO,auth,Cache hit
2026-01-28T20:00:19.676302,ERROR,auth,Null pointer
2026-01-28T20:00:19.877846,INFO,auth,User login
2026-01-28T20:00:20.078973,INFO,payment,Request OK
2026-01-28T20:00:20.280048,INFO,orders,User login
2026-01-28T20:00:20.481367,INFO,orders,User login
2026-01-28T20:00:20.682548,INFO,orders,Request OK
2026-01-28T20:00:20.883661,INFO,auth,User login
2026-01-28T20:00:21.085248,ERROR,payment,Timeout
2026-01-28T20:00:21.286530,INFO,orders,User login
2026-01-28T20:00:21.488276,INFO,search,Request OK
2026-01-28T20:00:21.689796,ERROR,payment,Null pointer
2026-01-28T20:00:21.891742,INFO,search,Cache hit
2026-01-28T20:00:22.093560,INFO,payment,Request OK
2026-01-28T20:00:22.295008,INFO,payment,Cache hit
2026-01-28T20:00:22.496175,INFO,search,User login
2026-01-28T20:00:22.697745,INFO,orders,User login
2026-01-28T20:00:22.899362,INFO,search,User login
2026-01-28T20:00:23.100806,INFO,auth,Cache hit
2026-01-28T20:00:23.302068,INFO,search,Cache hit
2026-01-28T20:00:23.503396,INFO,orders,Cache hit
2026-01-28T20:00:23.705073,INFO,auth,User login
2026-01-28T20:00:23.907629,INFO,auth,Request OK
2026-01-28T20:00:24.108978,INFO,auth,Request OK
2026-01-28T20:00:24.310437,INFO,payment,Request OK
2026-01-28T20:00:24.511493,WARN,search,Cache hit
2026-01-28T20:00:24.712955,INFO,orders,Cache hit
2026-01-28T20:00:24.913934,WARN,payment,Cache hit
2026-01-28T20:00:25.115706,INFO,auth,Cache hit
2026-01-28T20:00:25.317310,INFO,search,User login
2026-01-28T20:00:25.518590,INFO,orders,Request OK
2026-01-28T20:00:25.719869,INFO,search,Request OK
2026-01-28T20:00:25.921650,INFO,search,Cache hit
2026-01-28T20:00:26.123168,INFO,auth,User login
2026-01-28T20:00:26.324866,INFO,auth,Request OK
2026-01-28T20:00:26.526383,INFO,orders,Request OK
2026-01-28T20:00:26.727609,ERROR,payment,DB failure
2026-01-28T20:00:26.928716,INFO,payment,Cache hit
2026-01-28T20:00:27.130342,ERROR,orders,DB failure
2026-01-28T20:00:27.332121,INFO,auth,Request OK
2026-01-28T20:00:27.533384,INFO,auth,Cache hit
2026-01-28T20:00:27.734671,ERROR,search,Timeout
2026-01-28T20:00:27.936428,ERROR,orders,Null pointer
2026-01-28T20:00:28.137428,INFO,orders,Request OK
2026-01-28T20:00:28.338607,INFO,payment,User login
2026-01-28T20:00:28.539777,INFO,auth,Request OK
2026-01-28T20:00:28.740735,INFO,search,Request OK
2026-01-28T20:00:28.942340,WARN,search,Cache hit
2026-01-28T20:00:29.144090,INFO,payment,User login
2026-01-28T20:00:29.345788,INFO,payment,User login
2026-01-28T20:00:29.547299,INFO,auth,User login
2026-01-28T20:00:29.748550,ERROR,auth,Null pointer
2026-01-28T20:00:29.949880,INFO,auth,Request OK
2026-01-28T20:00:30.151077,INFO,search,Request OK
2026-01-28T20:00:30.352240,INFO,orders,Request OK
2026-01-28T20:00:30.553329,INFO,auth,Cache hit
2026-01-28T20:00:30.754537,INFO,orders,Request OK
2026-01-28T20:00:30.955863,WARN,auth,Request OK
2026-01-28T20:00:31.157174,INFO,orders,User login
2026-01-28T20:00:31.358698,INFO,search,Request OK
2026-01-28T20:00:31.559916,WARN,orders,User login
2026-01-28T20:00:31.761191,INFO,search,Cache hit
2026-01-28T20:00:31.962588,INFO,auth,Request OK
2026-01-28T20:00:32.164015,INFO,orders,User login
2026-01-28T20:00:32.365465,INFO,search,Cache hit
2026-01-28T20:00:32.566585,INFO,search,Request OK
2026-01-28T20:00:32.768246,WARN,auth,User login
2026-01-28T20:00:32.969214,INFO,search,Cache hit
2026-01-28T20:00:33.170348,INFO,orders,Request OK
2026-01-28T20:00:33.371920,INFO,auth,Cache hit
2026-01-28T20:00:33.573291,INFO,auth,Request OK
2026-01-28T20:00:33.774880,INFO,payment,Request OK
2026-01-28T20:00:33.976270,INFO,orders,Request OK
2026-01-28T20:00:34.177433,INFO,search,Request OK
2026-01-28T20:00:34.378522,INFO,orders,Request OK
2026-01-28T20:00:34.579811,INFO,payment,User login
2026-01-28T20:00:34.780863,INFO,search,Request OK
2026-01-28T20:00:34.982283,ERROR,payment,Null pointer
2026-01-28T20:00:35.183643,INFO,auth,Cache hit
2026-01-28T20:00:35.384910,INFO,payment,Request OK
2026-01-28T20:00:35.586087,WARN,auth,Cache hit
2026-01-28T20:00:35.787181,INFO,search,Cache hit
2026-01-28T20:00:35.988553,INFO,search,Request OK
2026-01-28T20:00:36.190184,INFO,auth,User login
2026-01-28T20:00:36.391298,ERROR,auth,Null pointer
2026-01-28T20:00:36.592195,WARN,payment,Request OK
2026-01-28T20:00:36.793931,INFO,orders,Cache hit
2026-01-28T20:00:36.995195,INFO,search,User login
2026-01-28T20:00:37.196347,INFO,payment,Cache hit
2026-01-28T20:00:37.397645,INFO,payment,Cache hit
2026-01-28T20:00:37.598859,ERROR,payment,Null pointer
2026-01-28T20:00:37.800331,INFO,auth,Cache hit
2026-01-28T20:00:38.001569,INFO,search,Cache hit
2026-01-28T20:00:38.202544,INFO,search,Cache hit
2026-01-28T20:00:38.403766,INFO,search,Request OK
2026-01-28T20:00:38.604825,INFO,payment,Request OK
2026-01-28T20:00:38.806410,WARN,payment,User login
2026-01-28T20:00:39.007447,WARN,auth,Request OK
2026-01-28T20:00:39.208646,ERROR,auth,DB failure
2026-01-28T20:00:39.409605,WARN,payment,User login
2026-01-28T20:00:39.611161,INFO,search,Request OK
2026-01-28T20:00:39.812461,INFO,search,Request OK
2026-01-28T20:00:40.013767,WARN,search,Request OK
2026-01-28T20:00:40.215494,INFO,payment,Request OK
2026-01-28T20:00:40.416902,INFO,search,Cache hit
2026-01-28T20:00:40.618390,WARN,payment,User login
2026-01-28T20:00:40.819636,WARN,auth,Request OK
2026-01-28T20:00:41.020847,INFO,orders,Request OK
2026-01-28T20:00:41.221864,INFO,search,User login
2026-01-28T20:00:41.423156,INFO,payment,Cache hit
2026-01-28T20:00:41.624346,INFO,search,Request OK
2026-01-28T20:00:41.825736,INFO,search,Cache hit
2026-01-28T20:00:42.026700,INFO,payment,User login
2026-01-28T20:00:42.228204,ERROR,orders,Null pointer
2026-01-28T20:00:42.429593,INFO,search,Cache hit
2026-01-28T20:00:42.630486,INFO,search,Cache hit
2026-01-28T20:00:42.831702,INFO,search,Request OK
2026-01-28T20:00:43.032717,INFO,search,Cache hit
2026-01-28T20:00:43.233760,INFO,payment,Cache hit
2026-01-28T20:00:43.435147,WARN,search,Cache hit
2026-01-28T20:00:43.636411,WARN,orders,Cache hit
2026-01-28T20:00:43.837793,INFO,payment,Cache hit
2026-01-28T20:00:44.039245,INFO,search,Cache hit
2026-01-28T20:00:44.240213,INFO,search,Request OK
2026-01-28T20:00:44.441779,INFO,auth,Cache hit
2026-01-28T20:00:44.643195,WARN,orders,User login
2026-01-28T20:00:44.844511,WARN,orders,Request OK
2026-01-28T20:00:45.045779,INFO,search,User login
2026-01-28T20:00:45.247104,INFO,payment,Request OK
2026-01-28T20:00:45.448785,INFO,orders,Cache hit
2026-01-28T20:00:45.650641,ERROR,auth,Null pointer
2026-01-28T20:00:45.851910,INFO,search,Request OK
2026-01-28T20:00:46.053583,INFO,payment,Request OK
2026-01-28T20:00:46.254985,INFO,search,Request OK
2026-01-28T20:00:46.456485,INFO,search,User login
2026-01-28T20:00:46.657743,INFO,orders,Request OK
2026-01-28T20:00:46.858563,ERROR,orders,Timeout
2026-01-28T20:00:47.059659,WARN,search,User login
2026-01-28T20:00:47.261543,INFO,auth,User login
2026-01-28T20:00:47.463332,INFO,search,User login
2026-01-28T20:00:47.664948,INFO,search,Request OK
2026-01-28T20:00:47.866173,INFO,auth,Cache hit
2026-01-28T20:00:48.067717,INFO,orders,Cache hit
2026-01-28T20:00:48.269247,INFO,payment,Request OK
2026-01-28T20:00:48.470957,WARN,orders,Request OK
2026-01-28T20:00:48.672294,INFO,search,User login
2026-01-28T20:00:48.873233,INFO,search,Cache hit
2026-01-28T20:00:49.074565,INFO,orders,Request OK
2026-01-28T20:00:49.275764,INFO,search,Request OK
2026-01-28T20:00:49.477241,INFO,payment,Request OK
2026-01-28T20:00:49.678521,ERROR,search,Null pointer
2026-01-28T20:00:49.879874,ERROR,auth,DB failure
2026-01-28T20:00:50.081624,INFO,auth,Request OK
2026-01-28T20:00:50.283300,INFO,search,User login
2026-01-28T20:00:50.484358,INFO,auth,User login
2026-01-28T20:00:50.685984,INFO,auth,Request OK
2026-01-28T20:00:50.887295,INFO,auth,Request OK
2026-01-28T20:00:51.088753,INFO,search,User login
2026-01-28T20:00:51.290505,INFO,payment,Cache hit
2026-01-28T20:00:51.491926,INFO,search,Request OK
2026-01-28T20:00:51.693527,INFO,payment,Request OK
2026-01-28T20:00:51.895055,WARN,orders,User login
2026-01-28T20:00:52.096117,INFO,auth,Cache hit
2026-01-28T20:00:52.299597,INFO,search,Request OK
2026-01-28T20:00:52.501375,INFO,orders,Request OK
2026-01-28T20:00:52.703330,INFO,orders,Cache hit
2026-01-28T20:00:52.904971,INFO,auth,User login
2026-01-28T20:00:53.106690,INFO,search,Cache hit
2026-01-28T20:00:53.308495,INFO,orders,User login
2026-01-28T20:00:53.510324,ERROR,orders,Null pointer
2026-01-28T20:00:53.711510,INFO,payment,User login
2026-01-28T20:00:53.913089,INFO,auth,Request OK
2026-01-28T20:00:54.114675,WARN,orders,User login
2026-01-28T20:00:54.315906,WARN,search,Request OK
2026-01-28T20:00:54.516826,INFO,search,Cache hit
2026-01-28T20:00:54.717912,INFO,search,Request OK
2026-01-28T20:00:54.918898,INFO,search,User login
2026-01-28T20:00:55.120021,INFO,search,User login
2026-01-28T20:00:55.321545,INFO,orders,Cache hit
2026-01-28T20:00:55.523443,INFO,search,Request OK
2026-01-28T20:00:55.724658,INFO,payment,User login
2026-01-28T20:00:55.925991,INFO,auth,Request OK
2026-01-28T20:00:56.127233,ERROR,orders,Timeout
2026-01-28T20:00:56.328274,WARN,auth,Request OK
2026-01-28T20:00:56.529256,INFO,payment,Request OK
2026-01-28T20:00:56.730455,INFO,auth,Request OK
2026-01-28T20:00:56.931583,INFO,search,Cache hit
2026-01-28T20:00:57.133159,INFO,search,Cache hit
2026-01-28T20:00:57.334507,INFO,payment,Request OK
2026-01-28T20:00:57.536187,INFO,auth,User login
2026-01-28T20:00:57.737384,ERROR,orders,Null pointer
2026-01-28T20:00:57.938579,INFO,payment,User login
2026-01-28T20:00:58.139701,INFO,search,User login
2026-01-28T20:00:58.341071,INFO,orders,User login
2026-01-28T20:00:58.542409,INFO,payment,User login
2026-01-28T20:00:58.743767,INFO,auth,Cache hit
2026-01-28T20:00:58.945629,ERROR,search,DB failure
2026-01-28T20:00:59.146802,INFO,search,User login
2026-01-28T20:00:59.347986,INFO,orders,Cache hit
2026-01-28T20:00:59.549740,INFO,orders,Cache hit
2026-01-28T20:00:59.751399,INFO,auth,User login
2026-01-28T20:00:59.953662,INFO,orders,User login
2026-01-28T20:01:00.155477,INFO,search,User login
2026-01-28T20:01:00.357463,INFO,auth,User login
2026-01-28T20:01:00.558971,INFO,payment,Cache hit
2026-01-28T20:01:00.760488,WARN,auth,User login
2026-01-28T20:01:00.961945,ERROR,orders,DB failure
2026-01-28T20:01:01.163293,INFO,search,User login
2026-01-28T20:01:01.364317,ERROR,search,DB failure
2026-01-28T20:01:01.565916,INFO,search,Cache hit
2026-01-28T20:01:01.767281,INFO,search,User login
2026-01-28T20:01:01.969155,INFO,orders,User login
2026-01-28T20:01:02.170294,INFO,auth,Request OK
2026-01-28T20:01:02.371311,WARN,orders,Cache hit
2026-01-28T20:01:02.572434,INFO,payment,Request OK
2026-01-28T20:01:02.774477,INFO,payment,User login
2026-01-28T20:01:02.975356,INFO,auth,User login
2026-01-28T20:01:03.176970,INFO,search,Cache hit
2026-01-28T20:01:03.378644,INFO,orders,User login
2026-01-28T20:01:03.580540,INFO,search,Cache hit
2026-01-28T20:01:03.781800,INFO,search,Cache hit
2026-01-28T20:01:03.983587,INFO,search,Request OK
2026-01-28T20:01:04.184750,INFO,search,Cache hit
2026-01-28T20:01:04.386260,INFO,orders,Cache hit
2026-01-28T20:01:04.587687,WARN,search,User login
2026-01-28T20:01:04.788954,INFO,search,Cache hit
2026-01-28T20:01:04.990597,WARN,search,Cache hit
2026-01-28T20:01:05.192220,WARN,auth,Request OK
2026-01-28T20:01:05.393512,INFO,payment,User login
2026-01-28T20:01:05.594998,INFO,auth,Cache hit
2026-01-28T20:01:05.796188,INFO,search,User login
2026-01-28T20:01:05.997133,INFO,auth,User login
2026-01-28T20:01:06.198546,INFO,search,User login
2026-01-28T20:01:06.399857,INFO,orders,User login
2026-01-28T20:01:06.601479,INFO,payment,User login
2026-01-28T20:01:06.802782,INFO,payment,User login
2026-01-28T20:01:07.003771,INFO,payment,Cache hit
2026-01-28T20:01:07.205317,ERROR,orders,Timeout
2026-01-28T20:01:07.407022,INFO,search,Request OK
2026-01-28T20:01:07.608486,INFO,search,Cache hit
2026-01-28T20:01:07.810087,INFO,orders,Request OK
2026-01-28T20:01:08.011409,INFO,payment,User login
2026-01-28T20:01:08.212899,INFO,orders,Request OK
2026-01-28T20:01:08.414343,INFO,orders,Cache hit
2026-01-28T20:01:08.615630,INFO,payment,Cache hit
2026-01-28T20:01:08.817508,INFO,search,Cache hit
2026-01-28T20:01:09.019181,WARN,auth,User login
2026-01-28T20:01:09.220230,INFO,payment,Cache hit
2026-01-28T20:01:09.421714,INFO,payment,Cache hit
2026-01-28T20:01:09.623381,INFO,search,Request OK
2026-01-28T20:01:09.825103,INFO,search,User login
2026-01-28T20:01:10.026397,INFO,search,Cache hit
2026-01-28T20:01:10.227440,INFO,auth,Request OK
2026-01-28T20:01:10.429074,WARN,search,User login
2026-01-28T20:01:10.630751,INFO,search,Cache hit
2026-01-28T20:01:10.832138,INFO,search,Request OK
2026-01-28T20:01:11.033466,WARN,auth,User login
2026-01-28T20:01:11.234727,INFO,auth,Request OK
2026-01-28T20:01:11.436187,ERROR,orders,Null pointer
2026-01-28T20:01:11.637741,INFO,auth,Request OK
2026-01-28T20:01:11.838921,ERROR,orders,Timeout
2026-01-28T20:01:12.040766,INFO,orders,Request OK
2026-01-28T20:01:12.242500,INFO,orders,Cache hit
2026-01-28T20:01:12.444004,WARN,orders,User login
2026-01-28T20:01:12.645332,INFO,orders,Cache hit
2026-01-28T20:01:12.855541,INFO,search,User login
2026-01-28T20:01:13.057565,INFO,orders,Cache hit
2026-01-28T20:01:13.258838,INFO,orders,Cache hit
2026-01-28T20:01:13.460197,INFO,orders,Request OK
2026-01-28T20:01:13.661224,INFO,payment,Request OK
2026-01-28T20:01:13.862979,INFO,orders,Cache hit
2026-01-28T20:01:14.064538,INFO,auth,Request OK
2026-01-28T20:01:14.265700,ERROR,orders,DB failure
2026-01-28T20:01:14.466984,INFO,search,User login
2026-01-28T20:01:14.667983,INFO,auth,Request OK
2026-01-28T20:01:14.869432,INFO,payment,Request OK
2026-01-28T20:01:15.070977,WARN,payment,User login
2026-01-28T20:01:15.272303,INFO,orders,Cache hit
2026-01-28T20:01:15.473973,INFO,payment,Cache hit
2026-01-28T20:01:15.675583,INFO,search,Request OK
2026-01-28T20:01:15.876547,ERROR,search,Timeout
2026-01-28T20:01:16.077840,INFO,search,User login
2026-01-28T20:01:16.279470,WARN,auth,Cache hit
2026-01-28T20:01:16.480988,INFO,auth,User login
2026-01-28T20:01:16.682520,INFO,orders,Request OK
2026-01-28T20:01:16.884667,INFO,auth,Request OK
2026-01-28T20:01:17.086015,INFO,auth,User login
2026-01-28T20:01:17.288274,INFO,payment,User login
2026-01-28T20:01:17.489631,INFO,search,Cache hit
2026-01-28T20:01:17.690873,INFO,payment,Cache hit
2026-01-28T20:01:17.892294,INFO,search,Request OK
2026-01-28T20:01:18.093997,INFO,auth,Request OK
2026-01-28T20:01:18.295479,INFO,search,Cache hit
2026-01-28T20:01:18.497061,INFO,search,User login
2026-01-28T20:01:18.698404,ERROR,payment,Timeout
2026-01-28T20:01:18.899518,INFO,auth,Cache hit
2026-01-28T20:01:19.101244,WARN,search,User login
2026-01-28T20:01:19.302619,WARN,orders,Request OK
2026-01-28T20:01:19.504032,INFO,search,Cache hit
2026-01-28T20:01:19.705183,INFO,auth,Cache hit
2026-01-28T20:01:19.906761,INFO,payment,Request OK
2026-01-28T20:01:20.108320,INFO,auth,Cache hit
2026-01-28T20:01:20.309772,INFO,auth,Request OK
2026-01-28T20:01:20.511335,INFO,orders,User login
2026-01-28T20:01:20.712545,INFO,search,Cache hit
2026-01-28T20:01:20.914234,INFO,orders,Request OK
2026-01-28T20:01:21.115841,INFO,payment,User login
2026-01-28T20:01:21.317364,INFO,search,Request OK
2026-01-28T20:01:21.518797,INFO,auth,Request OK
2026-01-28T20:01:21.720217,ERROR,auth,Null pointer
2026-01-28T20:01:21.921619,INFO,auth,Request OK
2026-01-28T20:01:22.122803,WARN,orders,Cache hit
2026-01-28T20:01:22.324201,INFO,orders,Request OK
2026-01-28T20:01:22.525343,INFO,payment,Cache hit
2026-01-28T20:01:22.726812,INFO,search,Cache hit
2026-01-28T20:01:22.928529,INFO,auth,Cache hit
2026-01-28T20:01:23.130012,INFO,payment,User login
2026-01-28T20:01:23.331208,INFO,payment,User login
2026-01-28T20:01:23.533057,INFO,search,Cache hit
2026-01-28T20:01:23.734785,INFO,auth,Cache hit
2026-01-28T20:01:23.935930,INFO,payment,Request OK
2026-01-28T20:01:24.137182,WARN,payment,User login
2026-01-28T20:01:24.338397,INFO,auth,Cache hit
2026-01-28T20:01:24.539643,ERROR,auth,Timeout
2026-01-28T20:01:24.740838,INFO,auth,Request OK
2026-01-28T20:01:24.942023,INFO,orders,Request OK
2026-01-28T20:01:25.144262,INFO,payment,User login
2026-01-28T20:01:25.345460,INFO,payment,Request OK
2026-01-28T20:01:25.546896,INFO,auth,User login
2026-01-28T20:01:25.748555,INFO,orders,Cache hit
2026-01-28T20:01:25.949858,INFO,orders,Request OK
2026-01-28T20:01:26.151556,ERROR,auth,Timeout
2026-01-28T20:01:26.352962,INFO,orders,Cache hit
2026-01-28T20:01:26.554139,INFO,auth,User login
2026-01-28T20:01:26.755748,INFO,payment,Cache hit
2026-01-28T20:01:26.957354,INFO,orders,User login
2026-01-28T20:01:27.158873,WARN,auth,User login
2026-01-28T20:01:27.360724,INFO,search,User login
2026-01-28T20:01:27.562175,INFO,orders,Request OK
2026-01-28T20:01:27.763685,ERROR,orders,DB failure
2026-01-28T20:01:27.965495,INFO,auth,User login
2026-01-28T20:01:28.166950,INFO,auth,User login
2026-01-28T20:01:28.368412,INFO,orders,Cache hit
2026-01-28T20:01:28.569886,INFO,payment,Request OK
2026-01-28T20:01:28.771236,INFO,search,User login
2026-01-28T20:01:28.972924,INFO,orders,Request OK
2026-01-28T20:01:29.174393,INFO,auth,User login
2026-01-28T20:01:29.375940,WARN,search,User login
2026-01-28T20:01:29.577266,INFO,search,Cache hit
2026-01-28T20:01:29.778940,WARN,payment,Request OK
2026-01-28T20:01:29.980673,ERROR,orders,Timeout
2026-01-28T20:01:30.182117,INFO,auth,User login
2026-01-28T20:01:30.383711,INFO,orders,Request OK
2026-01-28T20:01:30.585050,ERROR,search,DB failure
2026-01-28T20:01:30.786259,INFO,auth,Request OK
2026-01-28T20:01:30.987313,WARN,auth,Cache hit
2026-01-28T20:01:31.188664,INFO,search,Cache hit
2026-01-28T20:01:31.389839,INFO,orders,Request OK
2026-01-28T20:01:31.591846,INFO,auth,Cache hit
2026-01-28T20:01:31.793404,INFO,auth,Cache hit
2026-01-28T20:01:31.994425,WARN,payment,Cache hit
2026-01-28T20:01:32.196593,INFO,search,User login
2026-01-28T20:01:32.397795,INFO,payment,Request OK
2026-01-28T20:01:32.599624,INFO,payment,Request OK
2026-01-28T20:01:32.801249,WARN,orders,User login
2026-01-28T20:01:33.002713,ERROR,orders,Timeout
2026-01-28T20:01:33.204650,INFO,auth,User login
2026-01-28T20:01:33.406313,INFO,search,User login
2026-01-28T20:01:33.607588,WARN,search,Request OK
2026-01-28T20:01:33.808560,WARN,auth,User login
2026-01-28T20:01:34.009888,INFO,auth,Request OK
2026-01-28T20:01:34.211219,INFO,orders,Request OK
2026-01-28T20:01:34.412524,WARN,payment,Cache hit
2026-01-28T20:01:34.613547,WARN,orders,User login
2026-01-28T20:01:34.814784,INFO,search,User login
2026-01-28T20:01:35.016409,INFO,orders,User login
2026-01-28T20:01:35.217836,INFO,payment,Request OK
2026-01-28T20:01:35.419206,INFO,search,Cache hit
2026-01-28T20:01:35.620392,INFO,payment,User login
2026-01-28T20:01:35.822079,INFO,search,Request OK
2026-01-28T20:01:36.023844,INFO,search,Request OK
2026-01-28T20:01:36.225384,INFO,orders,User login
2026-01-28T20:01:36.426856,INFO,orders,Cache hit
2026-01-28T20:01:36.628707,ERROR,search,Null pointer
2026-01-28T20:01:36.830320,INFO,auth,Request OK
2026-01-28T20:01:37.031885,INFO,search,User login
2026-01-28T20:01:37.233105,INFO,payment,Cache hit
2026-01-28T20:01:37.434213,INFO,search,Cache hit
2026-01-28T20:01:37.635868,INFO,orders,Request OK
2026-01-28T20:01:37.836981,INFO,orders,Cache hit
2026-01-28T20:01:38.038819,INFO,payment,Request OK
2026-01-28T20:01:38.240491,INFO,search,User login
2026-01-28T20:01:38.441482,INFO,search,Cache hit
2026-01-28T20:01:38.643027,INFO,search,Cache hit
2026-01-28T20:01:38.844690,ERROR,orders,DB failure
2026-01-28T20:01:39.046485,INFO,payment,User login
2026-01-28T20:01:39.248702,INFO,payment,Cache hit
2026-01-28T20:01:39.450403,INFO,orders,User login
2026-01-28T20:01:39.651711,INFO,auth,User login
2026-01-28T20:01:39.853025,INFO,search,User login
2026-01-28T20:01:40.054552,INFO,orders,Request OK
2026-01-28T20:01:40.257006,WARN,search,Cache hit
2026-01-28T20:01:40.459007,ERROR,payment,DB failure
2026-01-28T20:01:40.660488,INFO,orders,User login
2026-01-28T20:01:40.862587,INFO,search,Request OK
2026-01-28T20:01:41.064222,INFO,orders,User login
2026-01-28T20:01:41.265910,INFO,auth,Cache hit
2026-01-28T20:01:41.467335,WARN,auth,User login
2026-01-28T20:01:41.668444,INFO,orders,Request OK
2026-01-28T20:01:41.869990,INFO,search,Request OK
2026-01-28T20:01:42.071984,INFO,search,Cache hit
2026-01-28T20:01:42.273301,INFO,payment,Cache hit
2026-01-28T20:01:42.474604,INFO,search,Cache hit
2026-01-28T20:01:42.676167,INFO,auth,Request OK
2026-01-28T20:01:42.877604,ERROR,search,Null pointer
2026-01-28T20:01:43.078866,INFO,orders,Request OK
2026-01-28T20:01:43.279950,INFO,search,Request OK
2026-01-28T20:01:43.481576,WARN,search,Cache hit
2026-01-28T20:01:43.683545,INFO,orders,User login
2026-01-28T20:01:43.885159,INFO,orders,User login
2026-01-28T20:01:44.086889,INFO,orders,Request OK
2026-01-28T20:01:44.288488,INFO,payment,Request OK
2026-01-28T20:01:44.490317,INFO,orders,Request OK
2026-01-28T20:01:44.691752,INFO,payment,Cache hit
2026-01-28T20:01:44.893284,INFO,orders,Cache hit
2026-01-28T20:01:45.094596,INFO,orders,Cache hit
2026-01-28T20:01:45.296023,WARN,payment,Cache hit
2026-01-28T20:01:45.497501,INFO,payment,Cache hit
2026-01-28T20:01:45.699211,INFO,orders,Cache hit
2026-01-28T20:01:45.900148,INFO,payment,Request OK
2026-01-28T20:01:46.101636,INFO,orders,Request OK
2026-01-28T20:01:46.303051,INFO,search,Request OK
2026-01-28T20:01:46.504289,INFO,auth,User login
2026-01-28T20:01:46.705876,INFO,orders,User login
2026-01-28T20:01:46.907421,INFO,orders,User login
2026-01-28T20:01:47.109349,INFO,auth,Request OK
2026-01-28T20:01:47.310747,INFO,auth,Request OK
2026-01-28T20:01:47.511642,INFO,orders,User login
2026-01-28T20:01:47.712791,INFO,payment,User login
2026-01-28T20:01:47.914087,INFO,payment,Request OK
2026-01-28T20:01:48.115175,INFO,orders,User login
2026-01-28T20:01:48.316970,INFO,search,Request OK
2026-01-28T20:01:48.518175,INFO,payment,Request OK
2026-01-28T20:01:48.719496,WARN,search,Request OK
2026-01-28T20:01:48.921284,INFO,auth,Request OK
2026-01-28T20:01:49.122647,INFO,search,Cache hit
2026-01-28T20:01:49.324003,INFO,auth,Cache hit
2026-01-28T20:01:49.525762,INFO,payment,User login
2026-01-28T20:01:49.727756,ERROR,payment,Null pointer
2026-01-28T20:01:49.929054,INFO,search,User login
2026-01-28T20:01:50.130531,INFO,orders,Cache hit
2026-01-28T20:01:50.331549,ERROR,search,Timeout
2026-01-28T20:01:50.532667,ERROR,orders,Null pointer
2026-01-28T20:01:50.733923,WARN,search,Request OK
2026-01-28T20:01:50.934851,INFO,search,Cache hit
2026-01-28T20:01:51.135676,INFO,payment,Request OK
2026-01-28T20:01:51.337158,INFO,search,Request OK
2026-01-28T20:01:51.538582,ERROR,auth,DB failure
2026-01-28T20:01:51.739490,INFO,orders,Cache hit
2026-01-28T20:01:51.941123,ERROR,search,DB failure
2026-01-28T20:01:52.142473,ERROR,payment,Null pointer
2026-01-28T20:01:52.343971,INFO,search,User login
2026-01-28T20:01:52.544926,INFO,payment,User login
2026-01-28T20:01:52.746083,INFO,search,Cache hit
2026-01-28T20:01:52.947488,INFO,orders,Request OK
2026-01-28T20:01:53.148799,INFO,payment,Cache hit
2026-01-28T20:01:53.350137,INFO,auth,Request OK
2026-01-28T20:01:53.551037,INFO,search,User login
2026-01-28T20:01:53.752581,WARN,payment,User login
2026-01-28T20:01:53.953915,WARN,payment,User login
2026-01-28T20:01:54.155385,INFO,orders,Cache hit
2026-01-28T20:01:54.356782,INFO,search,Cache hit
2026-01-28T20:01:54.571671,INFO,search,Cache hit
2026-01-28T20:01:54.772861,INFO,payment,Cache hit
2026-01-28T20:01:54.974109,INFO,payment,User login
2026-01-28T20:01:55.175344,INFO,payment,Cache hit
2026-01-28T20:01:55.376760,ERROR,orders,Timeout
2026-01-28T20:01:55.578124,INFO,auth,Request OK
2026-01-28T20:01:55.779491,INFO,orders,Request OK
2026-01-28T20:01:55.980573,INFO,orders,User login
2026-01-28T20:01:56.181958,INFO,orders,User login
2026-01-28T20:01:56.383407,INFO,auth,User login
2026-01-28T20:01:56.584593,INFO,search,Request OK
2026-01-28T20:01:56.785422,INFO,auth,Cache hit
2026-01-28T20:01:56.986327,INFO,payment,Cache hit
2026-01-28T20:01:57.187943,INFO,auth,Request OK
2026-01-28T20:01:57.389718,INFO,search,Request OK
2026-01-28T20:01:57.591428,INFO,search,Request OK
2026-01-28T20:01:57.793485,INFO,search,User login
2026-01-28T20:01:57.994545,WARN,payment,Cache hit
2026-01-28T20:01:58.196575,WARN,orders,Request OK
2026-01-28T20:01:58.398031,ERROR,orders,Timeout
2026-01-28T20:01:58.599456,INFO,search,Request OK
2026-01-28T20:01:58.801273,WARN,auth,Request OK
2026-01-28T20:01:59.002465,INFO,orders,Request OK
2026-01-28T20:01:59.204005,INFO,search,Request OK
2026-01-28T20:01:59.405324,INFO,payment,User login
2026-01-28T20:01:59.606428,INFO,search,Cache hit
2026-01-28T20:01:59.808076,INFO,auth,Request OK
2026-01-28T20:02:00.009748,ERROR,search,DB failure
2026-01-28T20:02:00.211368,WARN,search,Cache hit
2026-01-28T20:02:00.412416,INFO,search,Cache hit
2026-01-28T20:02:00.613854,INFO,orders,Cache hit
2026-01-28T20:02:00.814795,INFO,search,User login
2026-01-28T20:02:01.015916,ERROR,payment,Null pointer
2026-01-28T20:02:01.217403,INFO,search,User login
2026-01-28T20:02:01.418907,INFO,auth,User login
2026-01-28T20:02:01.620607,INFO,payment,Request OK
2026-01-28T20:02:01.821886,INFO,payment,User login
2026-01-28T20:02:02.023553,INFO,search,Request OK
2026-01-28T20:02:02.224961,INFO,orders,Request OK
2026-01-28T20:02:02.426220,WARN,payment,Cache hit
2026-01-28T20:02:02.627335,INFO,payment,Request OK
2026-01-28T20:02:02.828914,INFO,auth,Cache hit
2026-01-28T20:02:03.030349,INFO,orders,Cache hit
2026-01-28T20:02:03.231965,INFO,search,Request OK
2026-01-28T20:02:03.433452,INFO,payment,Cache hit
2026-01-28T20:02:03.635007,INFO,orders,User login
2026-01-28T20:02:03.836339,ERROR,auth,Null pointer
2026-01-28T20:02:04.037770,ERROR,auth,DB failure
2026-01-28T20:02:04.238793,ERROR,orders,Timeout
2026-01-28T20:02:04.439941,WARN,auth,User login
2026-01-28T20:02:04.641036,ERROR,search,DB failure
2026-01-28T20:02:04.842174,INFO,auth,User login
2026-01-28T20:02:05.043229,INFO,auth,Request OK
2026-01-28T20:02:05.244210,WARN,search,User login
2026-01-28T20:02:05.445386,INFO,search,User login
2026-01-28T20:02:05.646562,INFO,search,Cache hit
2026-01-28T20:02:05.847879,INFO,search,Cache hit
2026-01-28T20:02:06.049467,INFO,orders,User login
2026-01-28T20:02:06.251161,INFO,search,Cache hit
2026-01-28T20:02:06.452717,INFO,payment,User login
2026-01-28T20:02:06.654236,INFO,search,Cache hit
2026-01-28T20:02:06.855736,INFO,auth,Cache hit
2026-01-28T20:02:07.056567,INFO,orders,Request OK
2026-01-28T20:02:07.257594,INFO,orders,Request OK
2026-01-28T20:02:07.458609,INFO,auth,Cache hit
2026-01-28T20:02:07.659745,INFO,orders,Cache hit
2026-01-28T20:02:07.861171,INFO,auth,User login
2026-01-28T20:02:08.062326,WARN,payment,User login
2026-01-28T20:02:08.263746,INFO,orders,Request OK
2026-01-28T20:02:08.465490,INFO,payment,User login
2026-01-28T20:02:08.667126,INFO,auth,Cache hit
2026-01-28T20:02:08.868520,INFO,payment,User login
2026-01-28T20:02:09.069528,INFO,search,User login
2026-01-28T20:02:09.271005,INFO,search,Request OK
2026-01-28T20:02:09.472258,INFO,search,Request OK
2026-01-28T20:02:09.674079,INFO,auth,User login
2026-01-28T20:02:09.875949,INFO,auth,User login
2026-01-28T20:02:10.077246,WARN,payment,User login
2026-01-28T20:02:10.278648,INFO,search,User login
2026-01-28T20:02:10.479905,INFO,search,Request OK
2026-01-28T20:02:10.681789,INFO,payment,Cache hit
2026-01-28T20:02:10.883313,INFO,payment,User login
2026-01-28T20:02:11.085174,INFO,search,User login
2026-01-28T20:02:11.286379,INFO,search,User login
2026-01-28T20:02:11.487670,INFO,payment,Cache hit
2026-01-28T20:02:11.688931,INFO,search,Request OK
2026-01-28T20:02:11.890005,ERROR,search,Timeout
2026-01-28T20:02:12.091295,INFO,search,Cache hit
2026-01-28T20:02:12.292402,INFO,payment,User login
2026-01-28T20:02:12.493679,INFO,auth,User login
2026-01-28T20:02:12.695232,INFO,orders,Cache hit
2026-01-28T20:02:12.896722,INFO,search,User login
2026-01-28T20:02:13.098223,WARN,orders,Cache hit
2026-01-28T20:02:13.299264,INFO,orders,User login
2026-01-28T20:02:13.500546,INFO,auth,User login
2026-01-28T20:02:13.702550,ERROR,orders,DB failure
2026-01-28T20:02:13.904212,INFO,orders,Request OK
2026-01-28T20:02:14.105942,INFO,orders,User login
2026-01-28T20:02:14.307185,INFO,search,User login
2026-01-28T20:02:14.508355,INFO,auth,Request OK
2026-01-28T20:02:14.710325,INFO,auth,Request OK
2026-01-28T20:02:14.911979,INFO,auth,Request OK
2026-01-28T20:02:15.113035,INFO,orders,Request OK
2026-01-28T20:02:15.314027,INFO,auth,Cache hit
2026-01-28T20:02:15.515013,INFO,payment,Cache hit
2026-01-28T20:02:15.716310,INFO,auth,User login
2026-01-28T20:02:15.917889,INFO,search,Cache hit
2026-01-28T20:02:16.119260,INFO,auth,User login
2026-01-28T20:02:16.320743,ERROR,search,DB failure
2026-01-28T20:02:16.522065,INFO,payment,Cache hit
2026-01-28T20:02:16.723316,INFO,auth,Request OK
2026-01-28T20:02:16.924228,INFO,auth,User login
2026-01-28T20:02:17.125525,ERROR,auth,DB failure
2026-01-28T20:02:17.326709,INFO,orders,Cache hit
2026-01-28T20:02:17.528191,INFO,auth,Request OK
2026-01-28T20:02:17.730816,INFO,search,Cache hit
2026-01-28T20:02:17.933313,INFO,search,User login
2026-01-28T20:02:18.134452,INFO,search,Cache hit
2026-01-28T20:02:18.335668,INFO,auth,Cache hit
2026-01-28T20:02:18.537124,INFO,auth,Cache hit
2026-01-28T20:02:18.738656,INFO,auth,Cache hit
2026-01-28T20:02:18.940418,WARN,auth,User login
2026-01-28T20:02:19.141723,INFO,orders,Cache hit
2026-01-28T20:02:19.342974,INFO,search,Request OK
2026-01-28T20:02:19.544534,ERROR,search,Null pointer
2026-01-28T20:02:19.746225,INFO,search,Cache hit
2026-01-28T20:02:19.948092,INFO,payment,Cache hit
2026-01-28T20:02:20.149264,INFO,payment,Request OK
2026-01-28T20:02:20.350745,INFO,payment,Cache hit
2026-01-28T20:02:20.552297,INFO,orders,Request OK
2026-01-28T20:02:20.753858,INFO,search,User login
2026-01-28T20:02:20.955285,INFO,search,User login
2026-01-28T20:02:21.157004,INFO,orders,Request OK
2026-01-28T20:02:21.358498,INFO,auth,Request OK
2026-01-28T20:02:21.559946,INFO,orders,User login
2026-01-28T20:02:21.761543,ERROR,auth,Timeout
2026-01-28T20:02:21.963518,INFO,orders,User login
2026-01-28T20:02:22.164969,INFO,search,User login
2026-01-28T20:02:22.367045,INFO,auth,User login
2026-01-28T20:02:22.569036,INFO,search,Request OK
2026-01-28T20:02:22.770479,ERROR,payment,Null pointer
2026-01-28T20:02:22.972139,INFO,orders,User login
2026-01-28T20:02:23.173335,INFO,search,User login
2026-01-28T20:02:23.374754,INFO,orders,Request OK
2026-01-28T20:02:23.576004,INFO,orders,Request OK
2026-01-28T20:02:23.777027,INFO,auth,User login
2026-01-28T20:02:23.978936,INFO,orders,Cache hit
2026-01-28T20:02:24.180551,ERROR,payment,Null pointer
2026-01-28T20:02:24.381659,INFO,search,Request OK
2026-01-28T20:02:24.583095,INFO,orders,User login
2026-01-28T20:02:24.784490,INFO,auth,Cache hit
2026-01-28T20:02:24.985993,INFO,auth,Cache hit
2026-01-28T20:02:25.187201,INFO,search,Request OK
2026-01-28T20:02:25.388357,INFO,search,User login
2026-01-28T20:02:25.590198,INFO,orders,Cache hit
2026-01-28T20:02:25.791790,INFO,payment,User login
2026-01-28T20:02:25.993767,ERROR,search,Timeout
2026-01-28T20:02:26.195050,INFO,search,Cache hit
2026-01-28T20:02:26.396734,INFO,orders,Cache hit
2026-01-28T20:02:26.597870,INFO,search,Cache hit
2026-01-28T20:02:26.799032,INFO,orders,Request OK
2026-01-28T20:02:27.000462,WARN,auth,Cache hit
2026-01-28T20:02:27.201648,INFO,search,Request OK
2026-01-28T20:02:27.403185,INFO,payment,User login
2026-01-28T20:02:27.604349,ERROR,payment,DB failure
2026-01-28T20:02:27.805809,INFO,payment,User login
2026-01-28T20:02:28.007059,INFO,payment,Cache hit
2026-01-28T20:02:28.208563,ERROR,auth,DB failure
2026-01-28T20:02:28.410168,ERROR,auth,Null pointer
2026-01-28T20:02:28.611773,INFO,auth,Request OK
2026-01-28T20:02:28.813417,INFO,orders,Cache hit
2026-01-28T20:02:29.014930,INFO,search,Cache hit
2026-01-28T20:02:29.216112,INFO,payment,User login
2026-01-28T20:02:29.417542,WARN,search,Request OK
2026-01-28T20:02:29.618889,INFO,search,Request OK
2026-01-28T20:02:29.820113,INFO,payment,Request OK
2026-01-28T20:02:30.022485,INFO,search,Request OK
2026-01-28T20:02:30.224275,INFO,search,User login
2026-01-28T20:02:30.425593,INFO,auth,User login
2026-01-28T20:02:30.628679,INFO,payment,User login
2026-01-28T20:02:30.829883,INFO,search,User login
2026-01-28T20:02:31.031692,INFO,auth,Cache hit
2026-01-28T20:02:31.233325,INFO,search,Cache hit
2026-01-28T20:02:31.434704,INFO,search,Request OK
2026-01-28T20:02:31.636421,INFO,auth,User login
2026-01-28T20:02:31.838047,WARN,search,Cache hit
2026-01-28T20:02:32.039112,ERROR,payment,Null pointer
2026-01-28T20:02:32.241129,ERROR,auth,Timeout
2026-01-28T20:02:32.442879,WARN,search,User login
2026-01-28T20:02:32.644969,INFO,auth,Cache hit
2026-01-28T20:02:32.846506,INFO,orders,User login
2026-01-28T20:02:33.047792,INFO,auth,Cache hit
2026-01-28T20:02:33.249405,INFO,payment,Cache hit
2026-01-28T20:02:33.451191,ERROR,payment,DB failure
2026-01-28T20:02:33.652888,INFO,orders,Cache hit
2026-01-28T20:02:33.854115,INFO,auth,Cache hit
2026-01-28T20:02:34.056012,INFO,orders,Cache hit
2026-01-28T20:02:34.257798,ERROR,auth,Timeout
2026-01-28T20:02:34.459421,INFO,orders,User login
2026-01-28T20:02:34.660981,INFO,auth,User login
2026-01-28T20:02:34.862368,INFO,payment,User login
2026-01-28T20:02:35.064351,INFO,auth,User login
2026-01-28T20:02:35.266216,ERROR,search,Timeout
2026-01-28T20:02:35.468117,INFO,payment,User login
2026-01-28T20:02:35.669664,INFO,search,User login
2026-01-28T20:02:35.870989,INFO,auth,Request OK
2026-01-28T20:02:36.072979,INFO,auth,User login
2026-01-28T20:02:36.274264,INFO,payment,Cache hit
2026-01-28T20:02:36.475730,ERROR,orders,Null pointer
2026-01-28T20:02:36.677103,INFO,search,Request OK
2026-01-28T20:02:36.878434,INFO,orders,Cache hit
2026-01-28T20:02:37.080610,ERROR,payment,Timeout
2026-01-28T20:02:37.281816,WARN,auth,User login
2026-01-28T20:02:37.483204,INFO,auth,Request OK
2026-01-28T20:02:37.684405,INFO,orders,Cache hit
2026-01-28T20:02:37.885509,INFO,auth,User login
2026-01-28T20:02:38.087145,INFO,auth,User login
2026-01-28T20:02:38.289020,INFO,orders,User login
2026-01-28T20:02:38.490514,WARN,payment,User login
2026-01-28T20:02:38.692125,INFO,orders,User login
2026-01-28T20:02:38.893828,INFO,payment,User login
2026-01-28T20:02:39.095136,INFO,auth,Request OK
2026-01-28T20:02:39.296735,INFO,orders,User login
2026-01-28T20:02:39.511086,INFO,payment,Cache hit
2026-01-28T20:02:39.712392,ERROR,orders,DB failure
2026-01-28T20:02:39.913708,INFO,payment,Cache hit
2026-01-28T20:02:40.115696,WARN,auth,User login
2026-01-28T20:02:40.316939,ERROR,payment,Null pointer
2026-01-28T20:02:40.518373,INFO,auth,User login
2026-01-28T20:02:40.719914,INFO,orders,Cache hit
2026-01-28T20:02:40.921558,INFO,search,Request OK
2026-01-28T20:02:41.123050,INFO,payment,Request OK
2026-01-28T20:02:41.324157,INFO,payment,Request OK
2026-01-28T20:02:41.525396,INFO,orders,Cache hit
2026-01-28T20:02:41.726480,INFO,payment,User login
2026-01-28T20:02:41.927399,INFO,auth,Request OK
2026-01-28T20:02:42.129083,INFO,orders,Request OK
2026-01-28T20:02:42.330140,ERROR,auth,Null pointer
2026-01-28T20:02:42.531302,ERROR,payment,Timeout
2026-01-28T20:02:42.732873,INFO,orders,Cache hit
2026-01-28T20:02:42.934266,INFO,auth,Request OK
2026-01-28T20:02:43.136017,INFO,search,Cache hit
2026-01-28T20:02:43.337646,ERROR,orders,Null pointer
2026-01-28T20:02:43.538927,INFO,auth,User login
2026-01-28T20:02:43.740166,INFO,auth,Cache hit
2026-01-28T20:02:43.941131,WARN,payment,Cache hit
2026-01-28T20:02:44.142442,INFO,payment,User login
2026-01-28T20:02:44.343970,ERROR,search,Timeout
2026-01-28T20:02:44.545370,ERROR,orders,Timeout
2026-01-28T20:02:44.746915,INFO,orders,Request OK
2026-01-28T20:02:44.948350,INFO,auth,User login
2026-01-28T20:02:45.149948,INFO,orders,User login
2026-01-28T20:02:45.351120,INFO,payment,Cache hit
2026-01-28T20:02:45.552906,INFO,orders,Cache hit
2026-01-28T20:02:45.754321,INFO,orders,Cache hit
2026-01-28T20:02:45.955688,INFO,auth,Cache hit
2026-01-28T20:02:46.156821,INFO,auth,Cache hit
2026-01-28T20:02:46.358392,INFO,payment,Request OK
2026-01-28T20:02:46.559866,INFO,auth,User login
2026-01-28T20:02:46.761776,INFO,search,Request OK
2026-01-28T20:02:46.963813,INFO,auth,Cache hit
2026-01-28T20:02:47.165482,INFO,auth,Request OK
2026-01-28T20:02:47.366636,INFO,search,User login
2026-01-28T20:02:47.567655,INFO,orders,Request OK
2026-01-28T20:02:47.769271,INFO,search,Request OK
2026-01-28T20:02:47.970302,INFO,payment,Cache hit
2026-01-28T20:02:48.171953,INFO,search,User login
2026-01-28T20:02:48.373418,INFO,payment,User login
2026-01-28T20:02:48.574727,INFO,search,Request OK
2026-01-28T20:02:48.776240,INFO,payment,User login
2026-01-28T20:02:48.977318,INFO,auth,User login
2026-01-28T20:02:49.178755,INFO,auth,Cache hit
2026-01-28T20:02:49.380700,ERROR,payment,DB failure
2026-01-28T20:02:49.581785,INFO,auth,Request OK
2026-01-28T20:02:49.783383,INFO,payment,User login
2026-01-28T20:02:49.984782,ERROR,orders,DB failure
2026-01-28T20:02:50.185904,ERROR,payment,DB failure
2026-01-28T20:02:50.387094,INFO,orders,Request OK
2026-01-28T20:02:50.588309,WARN,auth,Cache hit
2026-01-28T20:02:50.789821,WARN,orders,User login
2026-01-28T20:02:50.991111,INFO,search,Cache hit
2026-01-28T20:02:51.192639,WARN,payment,Request OK
2026-01-28T20:02:51.393902,INFO,auth,Cache hit
2026-01-28T20:02:51.595487,INFO,payment,User login
2026-01-28T20:02:51.796367,INFO,payment,Cache hit
2026-01-28T20:02:51.997915,INFO,search,Cache hit
2026-01-28T20:02:52.199135,INFO,search,Request OK
2026-01-28T20:02:52.400602,WARN,auth,User login
2026-01-28T20:02:52.601621,ERROR,auth,Timeout
2026-01-28T20:02:52.802695,INFO,search,Cache hit
2026-01-28T20:02:53.004409,INFO,payment,Cache hit
2026-01-28T20:02:53.206374,INFO,orders,User login
2026-01-28T20:02:53.407697,INFO,payment,User login
2026-01-28T20:02:53.609310,INFO,search,Request OK
2026-01-28T20:02:53.810512,INFO,payment,User login
2026-01-28T20:02:54.012644,ERROR,orders,DB failure
2026-01-28T20:02:54.214135,INFO,auth,Cache hit
2026-01-28T20:02:54.415573,INFO,search,Cache hit
2026-01-28T20:02:54.616991,INFO,payment,Cache hit
2026-01-28T20:02:54.818382,WARN,payment,Request OK
2026-01-28T20:02:55.019646,INFO,payment,User login
2026-01-28T20:02:55.221099,INFO,orders,Cache hit
2026-01-28T20:02:55.422743,ERROR,orders,Timeout
2026-01-28T20:02:55.623789,INFO,auth,User login
2026-01-28T20:02:55.825187,INFO,search,User login
2026-01-28T20:02:56.026426,WARN,payment,Cache hit
2026-01-28T20:02:56.227617,INFO,orders,User login
2026-01-28T20:02:56.429045,INFO,auth,Cache hit
2026-01-28T20:02:56.630688,INFO,search,User login
2026-01-28T20:02:56.831919,INFO,payment,Request OK
2026-01-28T20:02:57.033191,WARN,auth,Request OK
2026-01-28T20:02:57.234453,INFO,search,Request OK
2026-01-28T20:02:57.435840,INFO,auth,Request OK
2026-01-28T20:02:57.636985,WARN,payment,Request OK
2026-01-28T20:02:57.837918,INFO,auth,User login
2026-01-28T20:02:58.039368,WARN,orders,Cache hit
2026-01-28T20:02:58.240530,INFO,orders,Request OK
2026-01-28T20:02:58.441965,INFO,auth,Cache hit
2026-01-28T20:02:58.643599,INFO,orders,User login
2026-01-28T20:02:58.844625,INFO,payment,Request OK
2026-01-28T20:02:59.046295,INFO,payment,Request OK
2026-01-28T20:02:59.247975,INFO,auth,Request OK
2026-01-28T20:02:59.449338,WARN,search,Cache hit
2026-01-28T20:02:59.651009,ERROR,auth,Timeout
2026-01-28T20:02:59.852674,WARN,search,User login
2026-01-28T20:03:00.053641,ERROR,auth,Timeout
2026-01-28T20:03:00.255209,WARN,auth,Request OK
2026-01-28T20:03:00.456422,INFO,payment,User login
2026-01-28T20:03:00.657705,INFO,auth,Request OK
2026-01-28T20:03:00.858923,INFO,search,Request OK
2026-01-28T20:03:01.060265,ERROR,auth,DB failure
2026-01-28T20:03:01.262118,ERROR,orders,DB failure
2026-01-28T20:03:01.479171,INFO,auth,User login
2026-01-28T20:03:01.680694,INFO,auth,Request OK
2026-01-28T20:03:01.881654,INFO,auth,Request OK
2026-01-28T20:03:02.083013,INFO,search,Request OK
2026-01-28T20:03:02.284352,INFO,orders,Cache hit
2026-01-28T20:03:02.485940,INFO,auth,Cache hit
2026-01-28T20:03:02.687006,INFO,auth,Cache hit
2026-01-28T20:03:02.888377,INFO,auth,Request OK
2026-01-28T20:03:03.089480,INFO,search,Request OK
2026-01-28T20:03:03.290503,INFO,payment,Request OK
2026-01-28T20:03:03.491647,INFO,search,Cache hit
2026-01-28T20:03:03.693054,INFO,auth,Cache hit
2026-01-28T20:03:03.894615,ERROR,payment,Timeout
2026-01-28T20:03:04.096205,INFO,payment,Request OK
2026-01-28T20:03:04.297680,INFO,search,Cache hit
2026-01-28T20:03:04.499235,INFO,auth,User login
2026-01-28T20:03:04.700978,INFO,auth,Cache hit
2026-01-28T20:03:04.902768,INFO,search,Request OK
2026-01-28T20:03:05.104139,INFO,auth,Cache hit
2026-01-28T20:03:05.305514,INFO,orders,Cache hit
2026-01-28T20:03:05.506762,INFO,search,User login
2026-01-28T20:03:05.708214,INFO,search,Cache hit
2026-01-28T20:03:05.909501,INFO,auth,Request OK
2026-01-28T20:03:06.110985,INFO,payment,Request OK
2026-01-28T20:03:06.312411,INFO,auth,Cache hit
2026-01-28T20:03:06.513884,INFO,auth,Cache hit
2026-01-28T20:03:06.715255,WARN,auth,User login
2026-01-28T20:03:06.916228,INFO,payment,User login
2026-01-28T20:03:07.118213,INFO,payment,Request OK
2026-01-28T20:03:07.319973,INFO,orders,User login
2026-01-28T20:03:07.521361,INFO,auth,User login
2026-01-28T20:03:07.722537,INFO,payment,User login
2026-01-28T20:03:07.924031,INFO,auth,Request OK
2026-01-28T20:03:08.125339,INFO,orders,User login
2026-01-28T20:03:08.326911,INFO,orders,Cache hit
2026-01-28T20:03:08.528503,INFO,orders,Request OK
2026-01-28T20:03:08.730314,INFO,orders,Cache hit
2026-01-28T20:03:08.931600,INFO,auth,User login
2026-01-28T20:03:09.133116,INFO,search,Cache hit
2026-01-28T20:03:09.334105,INFO,auth,User login
2026-01-28T20:03:09.535275,ERROR,orders,Timeout
2026-01-28T20:03:09.736582,INFO,search,Cache hit
2026-01-28T20:03:09.937557,INFO,orders,User login
2026-01-28T20:03:10.139232,INFO,payment,User login
2026-01-28T20:03:10.343537,INFO,search,Cache hit
2026-01-28T20:03:10.544838,ERROR,auth,Null pointer
2026-01-28T20:03:10.746015,WARN,payment,Cache hit
2026-01-28T20:03:10.947474,INFO,payment,Cache hit
2026-01-28T20:03:11.148853,WARN,payment,Cache hit
2026-01-28T20:03:11.350321,WARN,payment,Request OK
2026-01-28T20:03:11.552024,ERROR,search,Timeout
2026-01-28T20:03:11.753486,INFO,auth,Request OK
2026-01-28T20:03:11.954446,INFO,auth,User login
2026-01-28T20:03:12.155794,INFO,payment,Cache hit
2026-01-28T20:03:12.357103,INFO,orders,User login
2026-01-28T20:03:12.558894,INFO,auth,Cache hit
2026-01-28T20:03:12.760555,INFO,orders,Cache hit
2026-01-28T20:03:12.962075,INFO,search,Cache hit
2026-01-28T20:03:13.163269,INFO,auth,Request OK
2026-01-28T20:03:13.365090,INFO,search,Request OK
2026-01-28T20:03:13.566438,ERROR,search,Timeout
2026-01-28T20:03:13.767700,INFO,payment,User login
2026-01-28T20:03:13.969556,INFO,orders,User login
2026-01-28T20:03:14.171257,INFO,payment,Request OK
2026-01-28T20:03:14.372882,INFO,orders,Cache hit
2026-01-28T20:03:14.574772,INFO,search,User login
2026-01-28T20:03:14.776689,INFO,payment,User login
2026-01-28T20:03:14.978131,INFO,auth,Cache hit
2026-01-28T20:03:15.179481,INFO,search,Cache hit
2026-01-28T20:03:15.380802,INFO,payment,Request OK
2026-01-28T20:03:15.582429,INFO,orders,Request OK
2026-01-28T20:03:15.783696,INFO,search,User login
2026-01-28T20:03:15.985499,WARN,search,Cache hit
2026-01-28T20:03:16.186940,WARN,search,Request OK
2026-01-28T20:03:16.387980,WARN,payment,User login
2026-01-28T20:03:16.590041,INFO,payment,Request OK
2026-01-28T20:03:16.792182,ERROR,orders,Null pointer
2026-01-28T20:03:16.993515,WARN,search,Request OK
2026-01-28T20:03:17.194730,INFO,payment,Request OK
2026-01-28T20:03:17.395924,INFO,search,Cache hit
2026-01-28T20:03:17.597394,INFO,orders,Cache hit
2026-01-28T20:03:17.798495,INFO,orders,User login
2026-01-28T20:03:17.999754,INFO,auth,User login
2026-01-28T20:03:18.201099,ERROR,payment,Null pointer
2026-01-28T20:03:18.402452,INFO,search,User login
2026-01-28T20:03:18.603470,INFO,auth,Cache hit
2026-01-28T20:03:18.805279,INFO,search,Cache hit
2026-01-28T20:03:19.007199,INFO,auth,Request OK
2026-01-28T20:03:19.209005,INFO,orders,Cache hit
2026-01-28T20:03:19.410797,WARN,auth,User login
2026-01-28T20:03:19.612213,WARN,auth,Request OK
2026-01-28T20:03:19.813847,ERROR,search,Timeout
2026-01-28T20:03:20.015095,INFO,orders,User login
2026-01-28T20:03:20.216551,INFO,search,Request OK
2026-01-28T20:03:20.418313,INFO,auth,Request OK
2026-01-28T20:03:20.619793,INFO,orders,Request OK
2026-01-28T20:03:20.821341,INFO,payment,User login
2026-01-28T20:03:21.022930,INFO,orders,Request OK
2026-01-28T20:03:21.224769,INFO,payment,Cache hit
2026-01-28T20:03:21.426363,INFO,search,User login
2026-01-28T20:03:21.628435,INFO,search,User login
2026-01-28T20:03:21.830089,INFO,auth,Cache hit
2026-01-28T20:03:22.031348,INFO,auth,User login
2026-01-28T20:03:22.232407,WARN,orders,User login
2026-01-28T20:03:22.433941,ERROR,orders,Null pointer
2026-01-28T20:03:22.635057,INFO,orders,Request OK
2026-01-28T20:03:22.836942,INFO,payment,Request OK
2026-01-28T20:03:23.038860,INFO,search,Request OK
2026-01-28T20:03:23.240199,INFO,orders,User login
2026-01-28T20:03:23.441651,INFO,payment,Cache hit
2026-01-28T20:03:23.643123,INFO,orders,User login
2026-01-28T20:03:23.844462,INFO,auth,Cache hit
2026-01-28T20:03:24.046408,WARN,search,Cache hit
2026-01-28T20:03:24.247742,WARN,search,Cache hit
2026-01-28T20:03:24.449143,INFO,search,Request OK
2026-01-28T20:03:24.651042,INFO,payment,Cache hit
2026-01-28T20:03:24.852327,INFO,payment,Cache hit
2026-01-28T20:03:25.054049,INFO,orders,User login
2026-01-28T20:03:25.255363,WARN,auth,User login
2026-01-28T20:03:25.456822,WARN,auth,Cache hit
2026-01-28T20:03:25.658687,WARN,orders,Cache hit
2026-01-28T20:03:25.860178,INFO,payment,Cache hit
2026-01-28T20:03:26.062361,WARN,auth,User login
2026-01-28T20:03:26.263617,INFO,payment,Request OK
2026-01-28T20:03:26.465404,INFO,search,User login
2026-01-28T20:03:26.666474,INFO,orders,Cache hit
2026-01-28T20:03:26.867871,INFO,search,Request OK
2026-01-28T20:03:27.069402,WARN,payment,User login
2026-01-28T20:03:27.270523,INFO,auth,User login
2026-01-28T20:03:27.471589,INFO,auth,Request OK
2026-01-28T20:03:27.673055,ERROR,auth,DB failure
2026-01-28T20:03:27.874295,INFO,auth,Request OK
2026-01-28T20:03:28.075518,INFO,orders,User login
2026-01-28T20:03:28.277307,INFO,orders,Cache hit
2026-01-28T20:03:28.478654,INFO,orders,Cache hit
2026-01-28T20:03:28.680080,ERROR,orders,DB failure
2026-01-28T20:03:28.881554,INFO,auth,Cache hit
2026-01-28T20:03:29.082934,INFO,auth,Cache hit
2026-01-28T20:03:29.284277,WARN,search,User login
2026-01-28T20:03:29.485694,INFO,auth,Cache hit
2026-01-28T20:03:29.686916,INFO,orders,Request OK
2026-01-28T20:03:29.889191,WARN,search,Cache hit
2026-01-28T20:03:30.090506,ERROR,auth,Timeout
2026-01-28T20:03:30.291907,INFO,auth,Request OK
2026-01-28T20:03:30.493468,ERROR,search,Null pointer
2026-01-28T20:03:30.695259,INFO,payment,Cache hit
2026-01-28T20:03:30.896866,INFO,auth,Request OK
2026-01-28T20:03:31.098527,INFO,auth,User login
2026-01-28T20:03:31.299728,INFO,orders,Request OK
2026-01-28T20:03:31.501423,WARN,orders,Cache hit
2026-01-28T20:03:31.702716,INFO,payment,User login
2026-01-28T20:03:31.904082,INFO,search,User login
2026-01-28T20:03:32.105412,INFO,auth,Request OK
2026-01-28T20:03:32.306588,INFO,orders,User login
2026-01-28T20:03:32.507684,INFO,auth,Request OK
2026-01-28T20:03:32.709032,INFO,payment,Request OK
2026-01-28T20:03:32.910818,INFO,auth,User login
2026-01-28T20:03:33.112334,INFO,orders,Cache hit
2026-01-28T20:03:33.313670,INFO,payment,Cache hit
2026-01-28T20:03:33.515262,ERROR,payment,Timeout
2026-01-28T20:03:33.716325,INFO,orders,Request OK
2026-01-28T20:03:33.917734,INFO,search,Request OK
2026-01-28T20:03:34.119464,INFO,auth,Request OK
2026-01-28T20:03:34.322078,WARN,orders,User login
2026-01-28T20:03:34.523967,ERROR,payment,DB failure
2026-01-28T20:03:34.725073,INFO,auth,Cache hit
2026-01-28T20:03:34.926542,INFO,payment,Cache hit
2026-01-28T20:03:35.128199,WARN,orders,Cache hit
2026-01-28T20:03:35.329748,ERROR,orders,Null pointer
2026-01-28T20:03:35.530985,ERROR,search,Timeout
2026-01-28T20:03:35.733016,INFO,orders,Request OK
2026-01-28T20:03:35.934304,INFO,search,User login
2026-01-28T20:03:36.135969,INFO,orders,Request OK
2026-01-28T20:03:36.337396,INFO,search,User login
2026-01-28T20:03:36.538432,WARN,search,Cache hit
2026-01-28T20:03:36.739760,WARN,orders,User login
2026-01-28T20:03:36.941723,INFO,search,Cache hit
2026-01-28T20:03:37.143427,INFO,orders,Request OK
2026-01-28T20:03:37.344543,INFO,auth,User login
2026-01-28T20:03:37.545956,INFO,payment,User login
2026-01-28T20:03:37.747446,WARN,orders,Request OK
2026-01-28T20:03:37.948992,ERROR,search,Null pointer
2026-01-28T20:03:38.150525,INFO,payment,Request OK
2026-01-28T20:03:38.352055,INFO,search,Request OK
2026-01-28T20:03:38.553650,ERROR,search,Null pointer
2026-01-28T20:03:38.756086,INFO,orders,Request OK
2026-01-28T20:03:38.957466,INFO,payment,User login
2026-01-28T20:03:39.158822,ERROR,search,Timeout
2026-01-28T20:03:39.360238,INFO,orders,User login
2026-01-28T20:03:39.562049,INFO,orders,Request OK
2026-01-28T20:03:39.764313,ERROR,auth,Timeout
2026-01-28T20:03:39.965480,INFO,search,Request OK
2026-01-28T20:03:40.166678,INFO,search,Request OK
2026-01-28T20:03:40.368327,INFO,payment,Request OK
2026-01-28T20:03:40.570095,INFO,auth,User login
2026-01-28T20:03:40.771587,INFO,auth,User login
2026-01-28T20:03:40.973036,INFO,search,Cache hit
2026-01-28T20:03:41.174410,INFO,orders,Cache hit
2026-01-28T20:03:41.376348,INFO,search,User login
2026-01-28T20:03:41.578869,INFO,payment,Request OK
2026-01-28T20:03:41.781409,INFO,auth,Cache hit
2026-01-28T20:03:41.982807,INFO,payment,User login
2026-01-28T20:03:42.183929,INFO,orders,User login
2026-01-28T20:03:42.385306,INFO,orders,Cache hit
2026-01-28T20:03:42.586464,ERROR,auth,Timeout
2026-01-28T20:03:42.787543,INFO,orders,Cache hit
2026-01-28T20:03:42.989128,INFO,search,Cache hit
2026-01-28T20:03:43.190514,INFO,auth,Request OK
2026-01-28T20:03:43.391825,INFO,auth,Cache hit
2026-01-28T20:03:43.593191,ERROR,search,DB failure
2026-01-28T20:03:43.794597,INFO,orders,Request OK
2026-01-28T20:03:43.996456,INFO,payment,User login
2026-01-28T20:03:44.197961,INFO,auth,Cache hit
2026-01-28T20:03:44.399015,INFO,auth,User login
2026-01-28T20:03:44.600603,WARN,payment,Cache hit
2026-01-28T20:03:44.802754,INFO,auth,User login
2026-01-28T20:03:45.004078,INFO,auth,User login
2026-01-28T20:03:45.205291,INFO,payment,Request OK
2026-01-28T20:03:45.407056,ERROR,payment,Timeout
2026-01-28T20:03:45.608800,INFO,auth,Request OK
2026-01-28T20:03:45.809926,INFO,payment,Cache hit
2026-01-28T20:03:46.011422,INFO,search,Cache hit
2026-01-28T20:03:46.213239,INFO,payment,Request OK
2026-01-28T20:03:46.414140,INFO,payment,Cache hit
2026-01-28T20:03:46.615757,INFO,payment,User login
2026-01-28T20:03:46.817234,INFO,payment,Cache hit
2026-01-28T20:03:47.018584,INFO,orders,User login
2026-01-28T20:03:47.220016,INFO,search,Request OK
2026-01-28T20:03:47.421730,WARN,payment,Cache hit
2026-01-28T20:03:47.623206,INFO,payment,Cache hit
2026-01-28T20:03:47.824251,ERROR,payment,DB failure
2026-01-28T20:03:48.025775,INFO,search,User login
2026-01-28T20:03:48.226715,INFO,payment,Request OK
2026-01-28T20:03:48.428171,INFO,payment,Request OK
2026-01-28T20:03:48.629851,INFO,payment,User login
2026-01-28T20:03:48.831508,WARN,orders,Cache hit
2026-01-28T20:03:49.032611,INFO,auth,User login
2026-01-28T20:03:49.234314,INFO,orders,Request OK
2026-01-28T20:03:49.436712,INFO,auth,Cache hit
2026-01-28T20:03:49.638395,INFO,orders,User login
2026-01-28T20:03:49.840021,ERROR,orders,DB failure
2026-01-28T20:03:50.041293,INFO,auth,Cache hit
2026-01-28T20:03:50.242392,INFO,payment,Request OK
2026-01-28T20:03:50.443731,ERROR,auth,DB failure
2026-01-28T20:03:50.644930,ERROR,search,Timeout
2026-01-28T20:03:50.845972,INFO,payment,Request OK
2026-01-28T20:03:51.046949,INFO,orders,Cache hit
2026-01-28T20:03:51.248218,INFO,payment,Cache hit
2026-01-28T20:03:51.449567,INFO,auth,Request OK
2026-01-28T20:03:51.650928,INFO,orders,Cache hit
2026-01-28T20:03:51.852517,INFO,auth,Cache hit
2026-01-28T20:03:52.054827,INFO,orders,Cache hit
2026-01-28T20:03:52.256917,INFO,auth,Request OK
2026-01-28T20:03:52.458722,INFO,auth,Request OK
2026-01-28T20:03:52.659711,INFO,orders,Cache hit
2026-01-28T20:03:52.860813,INFO,orders,User login
2026-01-28T20:03:53.062628,INFO,payment,Cache hit
2026-01-28T20:03:53.264351,INFO,search,User login
2026-01-28T20:03:53.465844,INFO,orders,User login
2026-01-28T20:03:53.667243,ERROR,auth,Null pointer
2026-01-28T20:03:53.869045,INFO,orders,Cache hit
2026-01-28T20:03:54.070372,INFO,payment,Cache hit
2026-01-28T20:03:54.272054,INFO,orders,Request OK
2026-01-28T20:03:54.473312,INFO,orders,Request OK
2026-01-28T20:03:54.674501,INFO,orders,User login
2026-01-28T20:03:54.876692,WARN,orders,Cache hit
2026-01-28T20:03:55.078102,INFO,search,Cache hit
2026-01-28T20:03:55.279654,INFO,auth,User login
2026-01-28T20:03:55.481709,INFO,payment,Request OK
2026-01-28T20:03:55.682734,ERROR,orders,DB failure
2026-01-28T20:03:55.884667,INFO,search,User login
2026-01-28T20:03:56.086496,INFO,orders,Request OK
2026-01-28T20:03:56.288512,INFO,search,User login
2026-01-28T20:03:56.490154,INFO,orders,User login
2026-01-28T20:03:56.691585,INFO,search,User login
2026-01-28T20:03:56.893040,ERROR,search,Timeout
2026-01-28T20:03:57.094488,WARN,payment,Cache hit
2026-01-28T20:03:57.296034,INFO,auth,Cache hit
2026-01-28T20:03:57.497646,INFO,auth,User login
2026-01-28T20:03:57.698849,INFO,payment,User login
2026-01-28T20:03:57.900452,INFO,search,User login
2026-01-28T20:03:58.101563,INFO,orders,User login
2026-01-28T20:03:58.302808,WARN,auth,Cache hit
2026-01-28T20:03:58.504495,INFO,auth,Request OK
2026-01-28T20:03:58.705573,WARN,orders,User login
2026-01-28T20:03:58.906929,INFO,orders,Cache hit
2026-01-28T20:03:59.108176,INFO,search,User login
2026-01-28T20:03:59.309905,WARN,search,Request OK
2026-01-28T20:03:59.511700,INFO,payment,Request OK
2026-01-28T20:03:59.713006,INFO,payment,Cache hit
2026-01-28T20:03:59.913884,INFO,payment,User login
2026-01-28T20:04:00.115199,ERROR,search,Null pointer
2026-01-28T20:04:00.316633,INFO,auth,User login
2026-01-28T20:04:00.517777,INFO,payment,Request OK
2026-01-28T20:04:00.719023,INFO,auth,User login
2026-01-28T20:04:00.920551,INFO,orders,Cache hit
2026-01-28T20:04:01.121495,INFO,payment,Cache hit
2026-01-28T20:04:01.322980,INFO,orders,Cache hit
2026-01-28T20:04:01.524331,ERROR,payment,DB failure
2026-01-28T20:04:01.725970,INFO,payment,Cache hit
2026-01-28T20:04:01.927813,INFO,orders,Cache hit
2026-01-28T20:04:02.129018,INFO,orders,User login
2026-01-28T20:04:02.330421,INFO,payment,Cache hit
2026-01-28T20:04:02.532721,INFO,orders,Cache hit
2026-01-28T20:04:02.734693,WARN,orders,User login
2026-01-28T20:04:02.936867,INFO,payment,Request OK
2026-01-28T20:04:03.138790,ERROR,search,Null pointer
2026-01-28T20:04:03.339991,INFO,search,Request OK
2026-01-28T20:04:03.541152,ERROR,auth,Timeout
2026-01-28T20:04:03.742551,INFO,payment,User login
2026-01-28T20:04:03.943956,INFO,payment,Request OK
2026-01-28T20:04:04.145086,ERROR,payment,Timeout
2026-01-28T20:04:04.346049,INFO,payment,User login
2026-01-28T20:04:04.547725,INFO,auth,Request OK
2026-01-28T20:04:04.749009,INFO,payment,Request OK
2026-01-28T20:04:04.949945,INFO,auth,Request OK
2026-01-28T20:04:05.151024,INFO,auth,User login
2026-01-28T20:04:05.352598,INFO,payment,Request OK
2026-01-28T20:04:05.554008,INFO,payment,User login
2026-01-28T20:04:05.755292,INFO,auth,User login
2026-01-28T20:04:05.957233,ERROR,search,DB failure
2026-01-28T20:04:06.158951,INFO,payment,Cache hit
2026-01-28T20:04:06.360317,INFO,orders,Request OK
2026-01-28T20:04:06.561606,INFO,orders,Cache hit
2026-01-28T20:04:06.763723,INFO,search,User login
2026-01-28T20:04:06.965145,WARN,auth,Request OK
2026-01-28T20:04:07.166968,INFO,auth,Request OK
2026-01-28T20:04:07.368312,ERROR,auth,DB failure
2026-01-28T20:04:07.569575,INFO,orders,User login
2026-01-28T20:04:07.770983,INFO,search,Request OK
2026-01-28T20:04:07.971924,INFO,orders,Cache hit
2026-01-28T20:04:08.172960,INFO,search,User login
2026-01-28T20:04:08.374379,INFO,auth,User login
2026-01-28T20:04:08.576214,INFO,payment,User login
2026-01-28T20:04:08.778086,INFO,orders,User login
2026-01-28T20:04:08.979753,WARN,search,Cache hit
2026-01-28T20:04:09.181045,WARN,orders,Cache hit
2026-01-28T20:04:09.382772,INFO,orders,Cache hit
2026-01-28T20:04:09.584466,INFO,auth,Request OK
2026-01-28T20:04:09.785703,INFO,search,User login
2026-01-28T20:04:09.987073,INFO,auth,Cache hit
2026-01-28T20:04:10.188370,INFO,search,Request OK
2026-01-28T20:04:10.389820,WARN,orders,Request OK
2026-01-28T20:04:10.591884,INFO,orders,User login
2026-01-28T20:04:10.793170,ERROR,auth,DB failure
2026-01-28T20:04:10.994821,INFO,orders,User login
2026-01-28T20:04:11.196623,INFO,payment,User login
2026-01-28T20:04:11.398002,INFO,search,User login
2026-01-28T20:04:11.599959,INFO,orders,Request OK
2026-01-28T20:04:11.801542,WARN,auth,User login
2026-01-28T20:04:12.002523,INFO,auth,Request OK
2026-01-28T20:04:12.203558,ERROR,auth,Timeout
2026-01-28T20:04:12.404692,WARN,auth,Request OK
2026-01-28T20:04:12.606143,INFO,search,Request OK
2026-01-28T20:04:12.807462,INFO,orders,Cache hit
2026-01-28T20:04:13.008860,INFO,auth,Cache hit
2026-01-28T20:04:13.210605,INFO,auth,Request OK
2026-01-28T20:04:13.411801,INFO,search,Request OK
2026-01-28T20:04:13.613876,INFO,orders,Cache hit
2026-01-28T20:04:13.815390,INFO,payment,Cache hit
2026-01-28T20:04:14.016749,INFO,orders,Request OK
2026-01-28T20:04:14.218018,WARN,auth,User login
2026-01-28T20:04:14.419360,INFO,search,User login
2026-01-28T20:04:14.621080,INFO,payment,Request OK
2026-01-28T20:04:14.823169,INFO,search,Cache hit
2026-01-28T20:04:15.024567,INFO,payment,User login
2026-01-28T20:04:15.225863,ERROR,payment,DB failure
2026-01-28T20:04:15.427368,INFO,orders,User login
2026-01-28T20:04:15.628688,WARN,orders,User login
2026-01-28T20:04:15.830293,INFO,search,User login
2026-01-28T20:04:16.032470,INFO,payment,Cache hit
2026-01-28T20:04:16.234399,INFO,orders,User login
2026-01-28T20:04:16.436276,INFO,auth,User login
2026-01-28T20:04:16.637935,INFO,auth,Request OK
2026-01-28T20:04:16.839179,ERROR,search,Null pointer
2026-01-28T20:04:17.040384,INFO,auth,Cache hit
2026-01-28T20:04:17.241596,INFO,auth,Request OK
2026-01-28T20:04:17.443150,WARN,orders,Cache hit
2026-01-28T20:04:17.644922,INFO,search,User login
2026-01-28T20:04:17.846183,INFO,orders,Request OK
2026-01-28T20:04:18.047996,INFO,payment,Cache hit
2026-01-28T20:04:18.249549,WARN,search,Cache hit
2026-01-28T20:04:18.451006,INFO,search,Request OK
2026-01-28T20:04:18.652394,ERROR,orders,DB failure
2026-01-28T20:04:18.853793,ERROR,orders,Timeout
2026-01-28T20:04:19.055288,INFO,orders,Request OK
2026-01-28T20:04:19.256716,INFO,orders,Cache hit
2026-01-28T20:04:19.458341,INFO,payment,Cache hit
2026-01-28T20:04:19.660097,ERROR,orders,DB failure
2026-01-28T20:04:19.861706,INFO,auth,Request OK
2026-01-28T20:04:20.063179,ERROR,orders,Null pointer
2026-01-28T20:04:20.264594,INFO,orders,Cache hit
2026-01-28T20:04:20.465901,INFO,payment,Request OK
2026-01-28T20:04:20.667358,INFO,auth,Request OK
2026-01-28T20:04:20.868730,WARN,auth,Request OK
2026-01-28T20:04:21.070623,ERROR,orders,Null pointer
2026-01-28T20:04:21.272020,INFO,auth,Cache hit
2026-01-28T20:04:21.473488,INFO,orders,User login
2026-01-28T20:04:21.674933,ERROR,orders,DB failure
2026-01-28T20:04:21.876381,INFO,payment,Request OK
2026-01-28T20:04:22.078286,INFO,orders,Request OK
2026-01-28T20:04:22.279624,INFO,payment,User login
2026-01-28T20:04:22.480924,INFO,search,User login
2026-01-28T20:04:22.682564,INFO,orders,Request OK
2026-01-28T20:04:22.883692,INFO,auth,Cache hit
2026-01-28T20:04:23.085380,INFO,payment,User login
2026-01-28T20:04:23.287535,INFO,payment,User login
2026-01-28T20:04:23.489063,ERROR,auth,DB failure
2026-01-28T20:04:23.690616,INFO,payment,Request OK
2026-01-28T20:04:23.892187,INFO,search,Cache hit
2026-01-28T20:04:24.093455,INFO,payment,User login
2026-01-28T20:04:24.294828,INFO,payment,Cache hit
2026-01-28T20:04:24.496067,INFO,orders,Cache hit
2026-01-28T20:04:24.698120,INFO,orders,Request OK
2026-01-28T20:04:24.899301,INFO,auth,Cache hit
2026-01-28T20:04:25.100821,INFO,search,User login
2026-01-28T20:04:25.302284,WARN,auth,Cache hit
2026-01-28T20:04:25.503940,INFO,payment,Cache hit
2026-01-28T20:04:25.705739,INFO,search,User login
2026-01-28T20:04:25.907253,INFO,orders,Request OK
2026-01-28T20:04:26.108597,ERROR,orders,Null pointer
2026-01-28T20:04:26.310196,WARN,search,User login
2026-01-28T20:04:26.511323,INFO,orders,Request OK
2026-01-28T20:04:26.712971,INFO,search,Request OK
2026-01-28T20:04:26.914379,WARN,orders,Request OK
2026-01-28T20:04:27.115445,INFO,auth,Request OK
2026-01-28T20:04:27.316650,INFO,auth,User login
2026-01-28T20:04:27.518377,INFO,orders,User login
2026-01-28T20:04:27.719841,INFO,auth,Cache hit
2026-01-28T20:04:27.929512,INFO,auth,Cache hit
2026-01-28T20:04:28.131212,INFO,auth,Cache hit
2026-01-28T20:04:28.332631,INFO,payment,User login
2026-01-28T20:04:28.534501,INFO,orders,Cache hit
2026-01-28T20:04:28.735985,INFO,search,Request OK
2026-01-28T20:04:28.937679,WARN,auth,User login
2026-01-28T20:04:29.138870,INFO,auth,Cache hit
2026-01-28T20:04:29.340439,ERROR,search,Timeout
2026-01-28T20:04:29.541347,ERROR,search,Timeout
2026-01-28T20:04:29.743003,INFO,payment,Request OK
2026-01-28T20:04:29.944720,INFO,auth,User login
2026-01-28T20:04:30.146217,INFO,orders,Cache hit
2026-01-28T20:04:30.347616,INFO,search,Cache hit
2026-01-28T20:04:30.549422,INFO,search,Request OK
2026-01-28T20:04:30.750725,INFO,payment,User login
2026-01-28T20:04:30.951861,INFO,search,Request OK
2026-01-28T20:04:31.152908,ERROR,orders,DB failure
2026-01-28T20:04:31.354000,INFO,orders,Request OK
2026-01-28T20:04:31.555501,INFO,auth,Request OK
2026-01-28T20:04:31.756655,INFO,auth,Request OK
2026-01-28T20:04:31.958486,INFO,payment,Cache hit
2026-01-28T20:04:32.159730,INFO,auth,Request OK
2026-01-28T20:04:32.360729,INFO,auth,Request OK
2026-01-28T20:04:32.562460,INFO,orders,Cache hit
2026-01-28T20:04:32.764257,INFO,payment,User login
2026-01-28T20:04:32.965623,INFO,orders,Request OK
2026-01-28T20:04:33.166930,INFO,orders,Cache hit
2026-01-28T20:04:33.367949,INFO,search,User login
2026-01-28T20:04:33.569437,INFO,search,Cache hit
2026-01-28T20:04:33.771110,INFO,payment,User login
2026-01-28T20:04:33.972951,INFO,orders,Request OK
2026-01-28T20:04:34.174518,INFO,search,Request OK
2026-01-28T20:04:34.375775,INFO,search,Request OK
2026-01-28T20:04:34.577565,WARN,orders,User login
2026-01-28T20:04:34.779326,INFO,orders,Request OK
2026-01-28T20:04:34.981065,ERROR,payment,Null pointer
2026-01-28T20:04:35.182631,INFO,orders,Cache hit
2026-01-28T20:04:35.383961,INFO,payment,Cache hit
2026-01-28T20:04:35.585290,INFO,orders,Request OK
2026-01-28T20:04:35.786803,INFO,orders,User login
2026-01-28T20:04:35.988503,INFO,auth,Request OK
2026-01-28T20:04:36.189559,ERROR,search,Timeout
2026-01-28T20:04:36.391080,INFO,payment,Cache hit
2026-01-28T20:04:36.592477,ERROR,payment,DB failure
2026-01-28T20:04:36.793790,INFO,payment,User login
2026-01-28T20:04:36.994950,INFO,orders,Cache hit
2026-01-28T20:04:37.196473,INFO,auth,Cache hit
2026-01-28T20:04:37.397892,INFO,payment,User login
2026-01-28T20:04:37.598980,INFO,orders,Cache hit
2026-01-28T20:04:37.800398,INFO,orders,User login
2026-01-28T20:04:38.002222,INFO,payment,Request OK
2026-01-28T20:04:38.204199,INFO,orders,User login
2026-01-28T20:04:38.405553,INFO,search,Request OK
2026-01-28T20:04:38.607115,INFO,auth,Cache hit
2026-01-28T20:04:38.808807,WARN,orders,User login
2026-01-28T20:04:39.010212,INFO,orders,Request OK
2026-01-28T20:04:39.211497,INFO,orders,Request OK
2026-01-28T20:04:39.413330,INFO,search,Request OK
2026-01-28T20:04:39.614779,WARN,search,Request OK
2026-01-28T20:04:39.816573,WARN,search,Cache hit
2026-01-28T20:04:40.017642,INFO,payment,User login
2026-01-28T20:04:40.219044,INFO,search,User login
2026-01-28T20:04:40.420043,INFO,auth,User login
2026-01-28T20:04:40.621500,WARN,orders,User login
2026-01-28T20:04:40.823124,INFO,orders,Request OK
2026-01-28T20:04:41.024783,INFO,auth,User login
2026-01-28T20:04:41.226318,INFO,payment,Request OK
2026-01-28T20:04:41.427535,INFO,orders,Request OK
2026-01-28T20:04:41.628946,WARN,payment,Cache hit
2026-01-28T20:04:41.830677,INFO,search,Request OK
2026-01-28T20:04:42.032230,INFO,orders,User login
2026-01-28T20:04:42.234300,INFO,auth,Cache hit
2026-01-28T20:04:42.435774,INFO,auth,Cache hit
2026-01-28T20:04:42.637200,WARN,payment,Request OK
2026-01-28T20:04:42.838722,INFO,orders,User login
2026-01-28T20:04:43.040056,INFO,payment,Request OK
2026-01-28T20:04:43.241708,INFO,payment,User login
2026-01-28T20:04:43.442900,INFO,auth,User login
2026-01-28T20:04:43.644089,ERROR,search,Timeout
2026-01-28T20:04:43.845504,INFO,auth,User login
2026-01-28T20:04:44.047058,WARN,orders,Request OK
2026-01-28T20:04:44.248388,ERROR,auth,Timeout
2026-01-28T20:04:44.449975,INFO,search,Cache hit
2026-01-28T20:04:44.651634,INFO,payment,User login
2026-01-28T20:04:44.853226,INFO,orders,User login
2026-01-28T20:04:45.054887,INFO,payment,Cache hit
2026-01-28T20:04:45.256552,INFO,auth,Request OK
2026-01-28T20:04:45.458101,INFO,orders,User login
2026-01-28T20:04:45.659671,INFO,search,Cache hit
2026-01-28T20:04:45.861181,ERROR,auth,DB failure
2026-01-28T20:04:46.062538,WARN,payment,Cache hit
2026-01-28T20:04:46.264273,ERROR,auth,DB failure
2026-01-28T20:04:46.465455,INFO,search,User login
2026-01-28T20:04:46.666991,INFO,orders,User login
2026-01-28T20:04:46.868710,ERROR,auth,Null pointer
2026-01-28T20:04:47.070454,INFO,search,User login
2026-01-28T20:04:47.271681,WARN,orders,Request OK
2026-01-28T20:04:47.473551,INFO,search,Cache hit
2026-01-28T20:04:47.674820,WARN,search,Request OK
2026-01-28T20:04:47.875752,INFO,search,Cache hit
2026-01-28T20:04:48.077115,ERROR,auth,Timeout
2026-01-28T20:04:48.278509,INFO,search,User login
2026-01-28T20:04:48.479585,ERROR,orders,Null pointer
2026-01-28T20:04:48.680771,INFO,payment,Request OK
2026-01-28T20:04:48.882218,INFO,payment,Cache hit
2026-01-28T20:04:49.083544,INFO,payment,Cache hit
2026-01-28T20:04:49.285096,INFO,payment,Cache hit
2026-01-28T20:04:49.486876,WARN,search,Request OK
2026-01-28T20:04:49.688297,WARN,payment,Cache hit
2026-01-28T20:04:49.889768,INFO,search,User login
2026-01-28T20:04:50.091075,WARN,auth,Request OK
2026-01-28T20:04:50.292702,INFO,orders,Request OK
2026-01-28T20:04:50.494429,INFO,orders,Request OK
2026-01-28T20:04:50.696053,ERROR,auth,Null pointer
2026-01-28T20:04:50.897641,WARN,auth,User login
2026-01-28T20:04:51.098891,INFO,payment,User login
2026-01-28T20:04:51.300302,INFO,auth,Cache hit
2026-01-28T20:04:51.501744,INFO,payment,User login
2026-01-28T20:04:51.703089,INFO,search,Cache hit
2026-01-28T20:04:51.904666,INFO,payment,Cache hit
2026-01-28T20:04:52.106371,INFO,orders,User login
2026-01-28T20:04:52.307912,INFO,search,User login
2026-01-28T20:04:52.509631,INFO,auth,Request OK
2026-01-28T20:04:52.711255,INFO,payment,Request OK
2026-01-28T20:04:52.912524,INFO,payment,Request OK
2026-01-28T20:04:53.113892,INFO,auth,User login
2026-01-28T20:04:53.315433,INFO,payment,Request OK
2026-01-28T20:04:53.516486,INFO,auth,Cache hit
2026-01-28T20:04:53.718022,INFO,search,Cache hit
2026-01-28T20:04:53.919583,INFO,search,Request OK
2026-01-28T20:04:54.120864,INFO,search,User login
2026-01-28T20:04:54.322286,INFO,search,Cache hit
2026-01-28T20:04:54.523915,WARN,auth,Cache hit
2026-01-28T20:04:54.724974,INFO,payment,Cache hit
2026-01-28T20:04:54.926061,WARN,orders,User login
2026-01-28T20:04:55.127141,ERROR,search,DB failure
2026-01-28T20:04:55.328422,INFO,orders,Cache hit
2026-01-28T20:04:55.529755,INFO,auth,User login
2026-01-28T20:04:55.731195,ERROR,orders,Timeout
2026-01-28T20:04:55.932411,INFO,payment,Request OK
2026-01-28T20:04:56.133678,INFO,orders,User login
2026-01-28T20:04:56.334717,INFO,auth,User login
2026-01-28T20:04:56.535840,INFO,orders,Cache hit
2026-01-28T20:04:56.737311,INFO,orders,User login
2026-01-28T20:04:56.938845,INFO,payment,Cache hit
2026-01-28T20:04:57.139887,INFO,payment,Request OK
2026-01-28T20:04:57.340942,INFO,orders,Request OK
2026-01-28T20:04:57.542034,INFO,auth,Request OK
2026-01-28T20:04:57.743173,INFO,payment,Cache hit
2026-01-28T20:04:57.944658,INFO,orders,Request OK
2026-01-28T20:04:58.146595,INFO,search,User login
2026-01-28T20:04:58.348235,INFO,search,User login
2026-01-28T20:04:58.549745,INFO,auth,Cache hit
2026-01-28T20:04:58.751458,ERROR,payment,Null pointer
2026-01-28T20:04:58.953040,INFO,payment,Cache hit
2026-01-28T20:04:59.154570,INFO,auth,Request OK
2026-01-28T20:04:59.356049,INFO,orders,User login
2026-01-28T20:04:59.557031,INFO,orders,Cache hit
2026-01-28T20:04:59.758094,INFO,auth,User login
2026-01-28T20:04:59.959480,INFO,search,Request OK
2026-01-28T20:05:00.160641,INFO,orders,Cache hit
2026-01-28T20:05:00.362232,INFO,search,Cache hit
2026-01-28T20:05:00.563621,INFO,search,Request OK
2026-01-28T20:05:00.764786,INFO,payment,User login
2026-01-28T20:05:00.966253,INFO,search,Cache hit
2026-01-28T20:05:01.167136,INFO,auth,Cache hit
2026-01-28T20:05:01.368241,INFO,auth,Cache hit
2026-01-28T20:05:01.569309,INFO,payment,User login
2026-01-28T20:05:01.770794,INFO,search,User login
2026-01-28T20:05:01.972566,INFO,payment,Request OK
2026-01-28T20:05:02.173963,INFO,orders,Cache hit
2026-01-28T20:05:02.375508,INFO,search,User login
2026-01-28T20:05:02.576764,INFO,orders,Request OK
2026-01-28T20:05:02.778122,INFO,orders,Cache hit
2026-01-28T20:05:02.979578,INFO,orders,User login
2026-01-28T20:05:03.181184,INFO,payment,Cache hit
2026-01-28T20:05:03.382793,INFO,auth,Request OK
2026-01-28T20:05:03.584045,INFO,auth,User login
2026-01-28T20:05:03.785257,INFO,payment,Request OK
2026-01-28T20:05:03.987109,INFO,payment,Request OK
2026-01-28T20:05:04.188909,INFO,search,Cache hit
2026-01-28T20:05:04.390573,INFO,auth,Cache hit
2026-01-28T20:05:04.592406,INFO,auth,Request OK
2026-01-28T20:05:04.793928,INFO,search,User login
2026-01-28T20:05:04.995267,INFO,auth,Cache hit
2026-01-28T20:05:05.196421,INFO,orders,Cache hit
2026-01-28T20:05:05.397742,INFO,auth,Request OK
2026-01-28T20:05:05.598990,INFO,auth,User login
2026-01-28T20:05:05.800377,INFO,auth,Request OK
2026-01-28T20:05:06.001696,INFO,orders,User login
2026-01-28T20:05:06.203372,INFO,auth,Cache hit
2026-01-28T20:05:06.404837,INFO,payment,Request OK
2026-01-28T20:05:06.605979,WARN,payment,Cache hit
2026-01-28T20:05:06.807575,INFO,auth,Cache hit
2026-01-28T20:05:07.008967,INFO,auth,User login
2026-01-28T20:05:07.210421,INFO,payment,User login
2026-01-28T20:05:07.411999,ERROR,search,DB failure
2026-01-28T20:05:07.613556,INFO,auth,User login
2026-01-28T20:05:07.814776,INFO,auth,Request OK
2026-01-28T20:05:08.016179,INFO,orders,Request OK
2026-01-28T20:05:08.217661,INFO,search,Cache hit
2026-01-28T20:05:08.419464,ERROR,orders,Timeout
2026-01-28T20:05:08.620728,WARN,search,Request OK
2026-01-28T20:05:08.821915,ERROR,payment,DB failure
2026-01-28T20:05:09.023413,INFO,payment,User login
2026-01-28T20:05:09.224752,INFO,search,Cache hit
2026-01-28T20:05:09.426376,INFO,orders,User login
2026-01-28T20:05:09.627868,INFO,auth,Cache hit
2026-01-28T20:05:09.829216,INFO,search,Cache hit
2026-01-28T20:05:10.030467,INFO,orders,Request OK
2026-01-28T20:05:10.231805,INFO,orders,Cache hit
2026-01-28T20:05:10.433594,INFO,auth,User login
2026-01-28T20:05:10.634971,INFO,orders,User login
2026-01-28T20:05:10.836510,INFO,orders,Request OK
2026-01-28T20:05:11.037782,INFO,search,Request OK
2026-01-28T20:05:11.239670,INFO,auth,User login
2026-01-28T20:05:11.441508,INFO,orders,Cache hit
2026-01-28T20:05:11.642808,INFO,search,Cache hit
2026-01-28T20:05:11.844542,INFO,auth,Cache hit
2026-01-28T20:05:12.045928,INFO,search,Request OK
2026-01-28T20:05:12.247752,INFO,orders,Request OK
2026-01-28T20:05:12.449484,WARN,payment,User login
2026-01-28T20:05:12.650755,INFO,search,Cache hit
2026-01-28T20:05:12.851987,INFO,auth,Request OK
2026-01-28T20:05:13.053591,INFO,payment,User login
2026-01-28T20:05:13.255026,INFO,orders,Request OK
2026-01-28T20:05:13.456298,INFO,orders,Request OK
2026-01-28T20:05:13.658025,WARN,search,Request OK
2026-01-28T20:05:13.859522,WARN,search,Request OK
2026-01-28T20:05:14.061087,INFO,search,Request OK
2026-01-28T20:05:14.262393,INFO,orders,User login
2026-01-28T20:05:14.463912,INFO,auth,User login
2026-01-28T20:05:14.665338,INFO,search,User login
2026-01-28T20:05:14.866734,INFO,search,User login
2026-01-28T20:05:15.068110,ERROR,search,DB failure
2026-01-28T20:05:15.269529,INFO,orders,Cache hit
2026-01-28T20:05:15.470835,INFO,payment,Request OK
2026-01-28T20:05:15.671819,INFO,payment,User login
2026-01-28T20:05:15.873456,ERROR,orders,Null pointer
2026-01-28T20:05:16.075028,INFO,search,Cache hit
2026-01-28T20:05:16.276675,INFO,search,Request OK
2026-01-28T20:05:16.477962,INFO,auth,Request OK
2026-01-28T20:05:16.679042,INFO,search,User login
2026-01-28T20:05:16.880505,INFO,orders,User login
2026-01-28T20:05:17.081660,INFO,auth,User login
2026-01-28T20:05:17.282583,INFO,orders,Request OK
2026-01-28T20:05:17.484085,INFO,search,Cache hit
2026-01-28T20:05:17.685661,INFO,search,Cache hit
2026-01-28T20:05:17.887173,WARN,auth,Request OK
2026-01-28T20:05:18.088948,INFO,orders,Cache hit
2026-01-28T20:05:18.290006,INFO,orders,User login
2026-01-28T20:05:18.491381,INFO,search,Cache hit
2026-01-28T20:05:18.692676,INFO,search,Cache hit
2026-01-28T20:05:18.894262,INFO,payment,Cache hit
2026-01-28T20:05:19.095912,INFO,auth,User login
2026-01-28T20:05:19.297713,INFO,payment,Request OK
2026-01-28T20:05:19.498927,INFO,search,Cache hit
2026-01-28T20:05:19.700034,INFO,search,Cache hit
2026-01-28T20:05:19.901421,INFO,search,Cache hit
2026-01-28T20:05:20.103074,INFO,orders,Request OK
2026-01-28T20:05:20.304687,INFO,orders,User login
2026-01-28T20:05:20.506456,INFO,payment,User login
2026-01-28T20:05:20.707905,INFO,orders,Request OK
2026-01-28T20:05:20.909382,INFO,orders,User login
2026-01-28T20:05:21.110724,INFO,auth,User login
2026-01-28T20:05:21.312093,INFO,auth,User login
2026-01-28T20:05:21.513394,INFO,orders,User login
2026-01-28T20:05:21.714478,WARN,payment,User login
2026-01-28T20:05:21.916240,INFO,orders,Request OK
2026-01-28T20:05:22.117956,INFO,payment,Cache hit
2026-01-28T20:05:22.318916,INFO,payment,Request OK
2026-01-28T20:05:22.520187,WARN,search,Request OK
2026-01-28T20:05:22.721758,INFO,search,User login
2026-01-28T20:05:22.923226,INFO,payment,Cache hit
2026-01-28T20:05:23.125413,INFO,search,User login
2026-01-28T20:05:23.327092,INFO,search,Cache hit
2026-01-28T20:05:23.528644,WARN,auth,Cache hit
2026-01-28T20:05:23.730223,WARN,search,Request OK
2026-01-28T20:05:23.931138,INFO,auth,Request OK
2026-01-28T20:05:24.132227,INFO,search,User login
2026-01-28T20:05:24.333720,INFO,search,User login
2026-01-28T20:05:24.535244,INFO,payment,Request OK
2026-01-28T20:05:24.737049,INFO,orders,Cache hit
2026-01-28T20:05:24.938347,WARN,search,Request OK
2026-01-28T20:05:25.140084,WARN,search,Cache hit
2026-01-28T20:05:25.341637,INFO,auth,Cache hit
2026-01-28T20:05:25.542950,INFO,auth,User login
2026-01-28T20:05:25.744530,INFO,auth,Request OK
2026-01-28T20:05:25.945683,INFO,orders,Cache hit
2026-01-28T20:05:26.146953,INFO,orders,Cache hit
2026-01-28T20:05:26.348513,WARN,auth,User login
2026-01-28T20:05:26.549779,INFO,payment,Request OK
2026-01-28T20:05:26.751418,INFO,orders,Request OK
2026-01-28T20:05:26.952519,INFO,orders,Cache hit
2026-01-28T20:05:27.153380,INFO,search,Cache hit
2026-01-28T20:05:27.354647,INFO,orders,Request OK
2026-01-28T20:05:27.555855,INFO,orders,User login
2026-01-28T20:05:27.758128,INFO,auth,Cache hit
2026-01-28T20:05:27.959923,INFO,auth,Cache hit
2026-01-28T20:05:28.160866,ERROR,orders,DB failure
2026-01-28T20:05:28.361856,INFO,auth,Cache hit
2026-01-28T20:05:28.562937,INFO,search,User login
2026-01-28T20:05:28.764073,ERROR,search,Null pointer
2026-01-28T20:05:28.965121,WARN,orders,User login
2026-01-28T20:05:29.166576,INFO,auth,Cache hit
2026-01-28T20:05:29.368186,INFO,auth,User login
2026-01-28T20:05:29.569478,INFO,orders,Request OK
2026-01-28T20:05:29.771481,INFO,auth,Request OK
2026-01-28T20:05:29.972939,INFO,payment,Request OK
2026-01-28T20:05:30.174582,INFO,orders,User login
2026-01-28T20:05:30.375768,INFO,search,User login
2026-01-28T20:05:30.577416,WARN,payment,Cache hit
2026-01-28T20:05:30.778595,INFO,auth,User login
2026-01-28T20:05:30.980099,ERROR,search,Null pointer
2026-01-28T20:05:31.181945,INFO,orders,Request OK
2026-01-28T20:05:31.383465,INFO,payment,User login
2026-01-28T20:05:31.584961,INFO,payment,Cache hit
2026-01-28T20:05:31.786271,ERROR,payment,Null pointer
2026-01-28T20:05:31.987733,INFO,auth,Cache hit
2026-01-28T20:05:32.189089,INFO,search,Cache hit
2026-01-28T20:05:32.390399,ERROR,orders,DB failure
2026-01-28T20:05:32.592013,INFO,orders,User login
2026-01-28T20:05:32.793677,INFO,search,Cache hit
2026-01-28T20:05:32.995513,ERROR,orders,DB failure
2026-01-28T20:05:33.196674,INFO,payment,Cache hit
2026-01-28T20:05:33.398207,INFO,search,Cache hit
2026-01-28T20:05:33.599358,INFO,payment,Cache hit
2026-01-28T20:05:33.800578,INFO,search,User login
2026-01-28T20:05:34.001941,INFO,orders,Request OK
2026-01-28T20:05:34.203310,INFO,auth,Cache hit
2026-01-28T20:05:34.404484,INFO,search,Cache hit
2026-01-28T20:05:34.606232,INFO,orders,Request OK
2026-01-28T20:05:34.808045,INFO,auth,Cache hit
2026-01-28T20:05:35.009165,INFO,auth,User login
2026-01-28T20:05:35.210413,INFO,auth,Request OK
2026-01-28T20:05:35.411987,INFO,payment,Cache hit
2026-01-28T20:05:35.613304,INFO,search,User login
2026-01-28T20:05:35.814553,INFO,orders,Request OK
2026-01-28T20:05:36.015902,INFO,orders,Cache hit
2026-01-28T20:05:36.217166,ERROR,payment,Null pointer
2026-01-28T20:05:36.418631,INFO,payment,Request OK
2026-01-28T20:05:36.620467,INFO,orders,Request OK
2026-01-28T20:05:36.823003,INFO,search,User login
2026-01-28T20:05:37.024983,INFO,auth,Cache hit
2026-01-28T20:05:37.226553,INFO,payment,Cache hit
2026-01-28T20:05:37.427854,INFO,auth,User login
2026-01-28T20:05:37.629314,INFO,payment,Cache hit
2026-01-28T20:05:37.830916,INFO,search,Cache hit
2026-01-28T20:05:38.032055,WARN,search,Cache hit
2026-01-28T20:05:38.233685,INFO,payment,Cache hit
2026-01-28T20:05:38.435745,WARN,orders,User login
2026-01-28T20:05:38.637485,WARN,auth,Request OK
2026-01-28T20:05:38.839176,INFO,payment,User login
2026-01-28T20:05:39.040637,INFO,search,Request OK
2026-01-28T20:05:39.242479,ERROR,search,Timeout
2026-01-28T20:05:39.443859,INFO,payment,Cache hit
2026-01-28T20:05:39.645083,INFO,orders,User login
2026-01-28T20:05:39.846701,INFO,orders,Cache hit
2026-01-28T20:05:40.048337,INFO,auth,Cache hit
2026-01-28T20:05:40.249192,INFO,orders,Request OK
2026-01-28T20:05:40.450465,WARN,search,User login
2026-01-28T20:05:40.651775,INFO,orders,User login
2026-01-28T20:05:40.853034,INFO,payment,Request OK
2026-01-28T20:05:41.054736,INFO,search,User login
2026-01-28T20:05:41.256173,INFO,search,Cache hit
2026-01-28T20:05:41.458122,INFO,auth,Cache hit
2026-01-28T20:05:41.659587,ERROR,payment,DB failure
2026-01-28T20:05:41.860589,INFO,search,Cache hit
2026-01-28T20:05:42.061943,INFO,auth,User login
2026-01-28T20:05:42.263169,INFO,search,Request OK
2026-01-28T20:05:42.464752,INFO,search,User login
2026-01-28T20:05:42.666114,INFO,auth,Cache hit
2026-01-28T20:05:42.867729,WARN,payment,Request OK
2026-01-28T20:05:43.069351,ERROR,payment,Timeout
2026-01-28T20:05:43.270848,INFO,orders,Cache hit
2026-01-28T20:05:43.472395,INFO,auth,Cache hit
2026-01-28T20:05:43.673604,INFO,auth,Cache hit
2026-01-28T20:05:43.874779,INFO,search,Cache hit
2026-01-28T20:05:44.076060,INFO,payment,User login
2026-01-28T20:05:44.277198,WARN,auth,Request OK
2026-01-28T20:05:44.478826,INFO,orders,Cache hit
2026-01-28T20:05:44.680185,INFO,orders,User login
2026-01-28T20:05:44.881300,INFO,payment,Request OK
2026-01-28T20:05:45.082667,INFO,search,Cache hit
2026-01-28T20:05:45.283939,INFO,search,User login
2026-01-28T20:05:45.485180,INFO,orders,User login
2026-01-28T20:05:45.686603,INFO,orders,Request OK
2026-01-28T20:05:45.887569,INFO,orders,Request OK
2026-01-28T20:05:46.089070,ERROR,search,Timeout
2026-01-28T20:05:46.290292,INFO,orders,Request OK
2026-01-28T20:05:46.491398,INFO,auth,Cache hit
2026-01-28T20:05:46.692704,INFO,payment,Request OK
2026-01-28T20:05:46.894042,INFO,payment,User login
2026-01-28T20:05:47.095824,INFO,payment,Cache hit
2026-01-28T20:05:47.297503,INFO,auth,User login
2026-01-28T20:05:47.499316,INFO,orders,Request OK
2026-01-28T20:05:47.700285,INFO,auth,Request OK
2026-01-28T20:05:47.901733,INFO,search,User login
2026-01-28T20:05:48.103177,INFO,search,User login
2026-01-28T20:05:48.304425,INFO,orders,Request OK
2026-01-28T20:05:48.506098,INFO,orders,Request OK
2026-01-28T20:05:48.707361,INFO,orders,Request OK
2026-01-28T20:05:48.908889,ERROR,auth,Timeout
2026-01-28T20:05:49.111519,ERROR,auth,Null pointer
2026-01-28T20:05:49.313303,INFO,orders,Cache hit
2026-01-28T20:05:49.514673,INFO,search,Request OK
2026-01-28T20:05:49.716365,INFO,auth,Request OK
2026-01-28T20:05:49.917888,WARN,auth,Cache hit
2026-01-28T20:05:50.119228,INFO,payment,Request OK
2026-01-28T20:05:50.320666,INFO,payment,Cache hit
2026-01-28T20:05:50.521901,ERROR,search,Null pointer
2026-01-28T20:05:50.723210,ERROR,payment,DB failure
2026-01-28T20:05:50.924834,WARN,payment,Request OK
2026-01-28T20:05:51.126797,INFO,payment,Request OK
2026-01-28T20:05:51.328153,INFO,orders,User login
2026-01-28T20:05:51.530320,INFO,search,Request OK
2026-01-28T20:05:51.732237,INFO,search,Request OK
2026-01-28T20:05:51.933846,WARN,search,Request OK
2026-01-28T20:05:52.135494,INFO,search,Request OK
2026-01-28T20:05:52.337158,INFO,search,Request OK
2026-01-28T20:05:52.539190,INFO,orders,User login
2026-01-28T20:05:52.740878,ERROR,orders,Timeout
2026-01-28T20:05:52.942421,INFO,search,Cache hit
2026-01-28T20:05:53.143776,WARN,payment,User login
2026-01-28T20:05:53.345316,INFO,orders,Request OK
2026-01-28T20:05:53.546698,WARN,search,Cache hit
2026-01-28T20:05:53.747794,INFO,auth,Cache hit
2026-01-28T20:05:53.949501,INFO,orders,User login
2026-01-28T20:05:54.150945,INFO,orders,Cache hit
2026-01-28T20:05:54.352408,INFO,orders,Request OK
2026-01-28T20:05:54.553869,ERROR,payment,Null pointer
2026-01-28T20:05:54.755292,INFO,search,User login
2026-01-28T20:05:54.956709,INFO,auth,User login
2026-01-28T20:05:55.158170,INFO,search,User login
2026-01-28T20:05:55.359722,INFO,search,User login
2026-01-28T20:05:55.561184,INFO,auth,Cache hit
2026-01-28T20:05:55.762676,INFO,orders,Request OK
2026-01-28T20:05:55.964238,INFO,search,Cache hit
2026-01-28T20:05:56.165723,INFO,orders,User login
2026-01-28T20:05:56.367791,ERROR,payment,Timeout
2026-01-28T20:05:56.569793,WARN,orders,Cache hit
2026-01-28T20:05:56.771385,INFO,search,User login
2026-01-28T20:05:56.972829,INFO,orders,Cache hit
2026-01-28T20:05:57.174419,INFO,search,Request OK
2026-01-28T20:05:57.376090,INFO,auth,Cache hit
2026-01-28T20:05:57.579194,INFO,auth,Request OK
2026-01-28T20:05:57.780276,INFO,auth,Cache hit
2026-01-28T20:05:57.981812,WARN,orders,Cache hit
2026-01-28T20:05:58.192559,INFO,payment,Cache hit
2026-01-28T20:05:58.394346,INFO,search,Cache hit
2026-01-28T20:05:58.596079,INFO,payment,Cache hit
2026-01-28T20:05:58.797461,INFO,auth,Request OK
2026-01-28T20:05:58.999367,INFO,auth,Request OK
2026-01-28T20:05:59.201000,INFO,auth,Request OK
2026-01-28T20:05:59.402469,INFO,payment,User login
2026-01-28T20:05:59.604095,INFO,search,Request OK
2026-01-28T20:05:59.805712,WARN,orders,Cache hit
2026-01-28T20:06:00.007177,INFO,orders,Request OK
2026-01-28T20:06:00.209085,INFO,payment,Cache hit
2026-01-28T20:06:00.410844,INFO,orders,User login
2026-01-28T20:06:00.612404,INFO,payment,Cache hit
2026-01-28T20:06:00.814080,INFO,payment,Request OK
2026-01-28T20:06:01.015695,INFO,search,User login
2026-01-28T20:06:01.217358,INFO,payment,User login
2026-01-28T20:06:01.419306,INFO,orders,Cache hit
2026-01-28T20:06:01.620552,INFO,orders,Cache hit
2026-01-28T20:06:01.821936,ERROR,search,Timeout
2026-01-28T20:06:02.023131,INFO,search,Request OK
2026-01-28T20:06:02.224748,INFO,auth,Cache hit
2026-01-28T20:06:02.426258,WARN,orders,Request OK
2026-01-28T20:06:02.627277,INFO,search,Cache hit
2026-01-28T20:06:02.828584,INFO,payment,Cache hit
2026-01-28T20:06:03.029659,INFO,search,User login
2026-01-28T20:06:03.231363,INFO,payment,User login
2026-01-28T20:06:03.433291,INFO,auth,User login
2026-01-28T20:06:03.634743,INFO,payment,Cache hit
2026-01-28T20:06:03.836715,INFO,orders,Request OK
2026-01-28T20:06:04.038106,INFO,auth,User login
2026-01-28T20:06:04.239496,INFO,orders,Cache hit
2026-01-28T20:06:04.440845,INFO,auth,Cache hit
2026-01-28T20:06:04.642516,WARN,auth,Request OK
2026-01-28T20:06:04.843944,INFO,search,Cache hit
2026-01-28T20:06:05.045157,INFO,search,Request OK
2026-01-28T20:06:05.246876,INFO,orders,Request OK
2026-01-28T20:06:05.448719,INFO,search,Request OK
2026-01-28T20:06:05.650170,WARN,orders,Request OK
2026-01-28T20:06:05.851669,INFO,auth,User login
2026-01-28T20:06:06.053924,WARN,auth,Request OK
2026-01-28T20:06:06.255480,INFO,orders,Cache hit
2026-01-28T20:06:06.456969,WARN,orders,Cache hit
2026-01-28T20:06:06.658260,INFO,payment,Cache hit
2026-01-28T20:06:06.859288,INFO,payment,Cache hit
2026-01-28T20:06:07.060661,INFO,auth,User login
2026-01-28T20:06:07.262037,INFO,payment,Request OK
2026-01-28T20:06:07.463765,INFO,auth,User login
2026-01-28T20:06:07.665070,INFO,payment,Request OK
2026-01-28T20:06:07.866449,INFO,auth,Request OK
2026-01-28T20:06:08.068272,INFO,auth,Request OK
2026-01-28T20:06:08.269969,INFO,search,Cache hit
2026-01-28T20:06:08.471697,INFO,payment,User login
2026-01-28T20:06:08.673148,INFO,search,User login
2026-01-28T20:06:08.874914,INFO,auth,Cache hit
2026-01-28T20:06:09.076292,WARN,auth,Request OK
2026-01-28T20:06:09.278033,INFO,payment,User login
2026-01-28T20:06:09.479361,WARN,search,Cache hit
2026-01-28T20:06:09.680641,INFO,search,Request OK
2026-01-28T20:06:09.882084,INFO,orders,Cache hit
2026-01-28T20:06:10.083463,WARN,search,Request OK
2026-01-28T20:06:10.285636,INFO,payment,Request OK
2026-01-28T20:06:10.487055,INFO,auth,Cache hit
2026-01-28T20:06:10.688564,INFO,auth,User login
2026-01-28T20:06:10.889946,INFO,payment,Cache hit
2026-01-28T20:06:11.095197,INFO,orders,User login
2026-01-28T20:06:11.296489,INFO,orders,Cache hit
2026-01-28T20:06:11.497680,INFO,search,Request OK
2026-01-28T20:06:11.698801,INFO,auth,Cache hit
2026-01-28T20:06:11.900077,INFO,payment,Request OK
2026-01-28T20:06:12.101604,ERROR,orders,DB failure
2026-01-28T20:06:12.303010,INFO,search,Cache hit
2026-01-28T20:06:12.505162,INFO,auth,User login
2026-01-28T20:06:12.706769,INFO,search,Request OK
2026-01-28T20:06:12.908301,INFO,search,User login
2026-01-28T20:06:13.109731,INFO,orders,Request OK
2026-01-28T20:06:13.311226,WARN,search,Cache hit
2026-01-28T20:06:13.512450,INFO,search,Request OK
2026-01-28T20:06:13.713912,INFO,orders,User login
2026-01-28T20:06:13.915026,INFO,auth,User login
2026-01-28T20:06:14.116187,INFO,orders,Cache hit
2026-01-28T20:06:14.317988,INFO,payment,Cache hit
2026-01-28T20:06:14.519576,WARN,orders,User login
2026-01-28T20:06:14.721141,WARN,orders,User login
2026-01-28T20:06:14.922698,INFO,search,User login
2026-01-28T20:06:15.124034,ERROR,payment,DB failure
2026-01-28T20:06:15.325675,INFO,payment,Request OK
2026-01-28T20:06:15.527246,INFO,orders,User login
2026-01-28T20:06:15.728675,INFO,search,User login
2026-01-28T20:06:15.929835,INFO,search,User login
2026-01-28T20:06:16.131458,INFO,payment,Cache hit
2026-01-28T20:06:16.333344,INFO,auth,Cache hit
2026-01-28T20:06:16.534931,INFO,auth,User login
2026-01-28T20:06:16.736317,INFO,orders,User login
2026-01-28T20:06:16.937797,INFO,auth,Cache hit
2026-01-28T20:06:17.139211,INFO,payment,User login
2026-01-28T20:06:17.340573,INFO,orders,User login
2026-01-28T20:06:17.542005,INFO,auth,Cache hit
2026-01-28T20:06:17.743927,INFO,search,Cache hit
2026-01-28T20:06:17.945450,INFO,auth,User login
2026-01-28T20:06:18.147055,INFO,search,User login
2026-01-28T20:06:18.348759,ERROR,search,DB failure
2026-01-28T20:06:18.550187,INFO,orders,User login
2026-01-28T20:06:18.751602,INFO,auth,User login
2026-01-28T20:06:18.952763,INFO,payment,Request OK
2026-01-28T20:06:19.154709,INFO,orders,Request OK
2026-01-28T20:06:19.356353,INFO,search,User login
2026-01-28T20:06:19.557489,INFO,orders,Request OK
2026-01-28T20:06:19.758789,INFO,auth,Cache hit
2026-01-28T20:06:19.960876,INFO,search,User login
2026-01-28T20:06:20.163080,INFO,search,Cache hit
2026-01-28T20:06:20.364393,INFO,auth,User login
2026-01-28T20:06:20.565953,INFO,auth,Cache hit
2026-01-28T20:06:20.767649,INFO,payment,Cache hit
2026-01-28T20:06:20.969255,INFO,search,Request OK
2026-01-28T20:06:21.170797,INFO,search,Cache hit
2026-01-28T20:06:21.372753,INFO,auth,Cache hit
2026-01-28T20:06:21.574294,INFO,search,Request OK
2026-01-28T20:06:21.775507,INFO,search,Request OK
2026-01-28T20:06:21.976853,INFO,search,User login
2026-01-28T20:06:22.178571,INFO,payment,User login
2026-01-28T20:06:22.380502,INFO,search,User login
2026-01-28T20:06:22.582506,INFO,auth,Cache hit
2026-01-28T20:06:22.783881,INFO,orders,Request OK
2026-01-28T20:06:22.985206,INFO,orders,Request OK
2026-01-28T20:06:23.186779,INFO,payment,Cache hit
2026-01-28T20:06:23.388427,ERROR,search,Null pointer
2026-01-28T20:06:23.589623,INFO,search,Cache hit
2026-01-28T20:06:23.791330,INFO,search,Cache hit
2026-01-28T20:06:23.992549,INFO,search,User login
2026-01-28T20:06:24.194055,INFO,auth,Cache hit
2026-01-28T20:06:24.395378,INFO,payment,User login
2026-01-28T20:06:24.596851,INFO,payment,Cache hit
2026-01-28T20:06:24.798635,INFO,auth,Cache hit
2026-01-28T20:06:25.000477,INFO,orders,Cache hit
2026-01-28T20:06:25.201853,INFO,auth,Request OK
2026-01-28T20:06:25.403201,WARN,search,Cache hit
2026-01-28T20:06:25.605014,INFO,search,User login
2026-01-28T20:06:25.806555,WARN,payment,Request OK
2026-01-28T20:06:26.008079,WARN,auth,Request OK
2026-01-28T20:06:26.209511,WARN,search,Cache hit
2026-01-28T20:06:26.411059,INFO,auth,User login
2026-01-28T20:06:26.612499,WARN,orders,Cache hit
2026-01-28T20:06:26.815806,INFO,search,User login
2026-01-28T20:06:27.017105,INFO,orders,User login
2026-01-28T20:06:27.218777,INFO,payment,Request OK
2026-01-28T20:06:27.420878,INFO,orders,Cache hit
2026-01-28T20:06:27.622668,INFO,payment,Cache hit
2026-01-28T20:06:27.824433,INFO,auth,Cache hit
2026-01-28T20:06:28.025648,INFO,auth,User login
2026-01-28T20:06:28.227424,INFO,orders,Cache hit
2026-01-28T20:06:28.428877,INFO,orders,Request OK
2026-01-28T20:06:28.630307,INFO,payment,Request OK
2026-01-28T20:06:28.831776,INFO,auth,Request OK
2026-01-28T20:06:29.033243,INFO,payment,User login
2026-01-28T20:06:29.234537,INFO,auth,Cache hit
2026-01-28T20:06:29.435961,INFO,auth,Request OK
2026-01-28T20:06:29.637707,WARN,auth,User login
2026-01-28T20:06:29.839475,INFO,orders,Request OK
2026-01-28T20:06:30.040612,INFO,auth,Request OK
2026-01-28T20:06:30.242006,INFO,search,Request OK
2026-01-28T20:06:30.443348,WARN,orders,Request OK
2026-01-28T20:06:30.645097,INFO,search,Cache hit
2026-01-28T20:06:30.847017,ERROR,orders,Null pointer
2026-01-28T20:06:31.048591,INFO,orders,Cache hit
2026-01-28T20:06:31.249871,INFO,search,User login
2026-01-28T20:06:31.451220,INFO,auth,Request OK
2026-01-28T20:06:31.652776,INFO,orders,Cache hit
2026-01-28T20:06:31.854678,INFO,payment,Cache hit
2026-01-28T20:06:32.056077,INFO,payment,User login
2026-01-28T20:06:32.257226,INFO,payment,Cache hit
2026-01-28T20:06:32.458795,WARN,payment,Request OK
2026-01-28T20:06:32.660332,INFO,auth,User login
2026-01-28T20:06:32.862015,INFO,orders,Cache hit
2026-01-28T20:06:33.063656,INFO,orders,Request OK
2026-01-28T20:06:33.265031,INFO,search,User login
2026-01-28T20:06:33.466334,INFO,payment,Cache hit
2026-01-28T20:06:33.667926,INFO,payment,User login
2026-01-28T20:06:33.870146,INFO,payment,Request OK
2026-01-28T20:06:34.072021,WARN,auth,User login
2026-01-28T20:06:34.273462,INFO,orders,User login
2026-01-28T20:06:34.474552,INFO,orders,Request OK
2026-01-28T20:06:34.675799,INFO,search,Request OK
2026-01-28T20:06:34.877147,ERROR,search,Null pointer
2026-01-28T20:06:35.078703,INFO,orders,User login
2026-01-28T20:06:35.280397,INFO,payment,Cache hit
2026-01-28T20:06:35.481913,WARN,payment,Request OK
2026-01-28T20:06:35.683641,INFO,search,Request OK
2026-01-28T20:06:35.885222,INFO,search,User login
2026-01-28T20:06:36.086789,INFO,search,User login
2026-01-28T20:06:36.288307,INFO,orders,User login
2026-01-28T20:06:36.490255,INFO,payment,User login
2026-01-28T20:06:36.691858,INFO,auth,Request OK
2026-01-28T20:06:36.893335,INFO,auth,Request OK
2026-01-28T20:06:37.094741,INFO,payment,Cache hit
2026-01-28T20:06:37.295934,INFO,orders,User login
2026-01-28T20:06:37.497318,ERROR,orders,Null pointer
2026-01-28T20:06:37.698638,INFO,orders,Cache hit
2026-01-28T20:06:37.900700,ERROR,payment,DB failure
2026-01-28T20:06:38.102230,INFO,payment,User login
2026-01-28T20:06:38.303583,INFO,payment,Cache hit
2026-01-28T20:06:38.504860,INFO,auth,User login
2026-01-28T20:06:38.706206,INFO,payment,User login
2026-01-28T20:06:38.908282,INFO,search,Cache hit
2026-01-28T20:06:39.109871,INFO,auth,Request OK
2026-01-28T20:06:39.311331,INFO,orders,Cache hit
2026-01-28T20:06:39.512558,INFO,search,User login
2026-01-28T20:06:39.714256,INFO,search,Request OK
2026-01-28T20:06:39.916040,ERROR,search,DB failure
2026-01-28T20:06:40.118442,INFO,search,Cache hit
2026-01-28T20:06:40.320014,INFO,orders,User login
2026-01-28T20:06:40.521704,ERROR,payment,Null pointer
2026-01-28T20:06:40.723580,INFO,orders,User login
2026-01-28T20:06:40.925438,INFO,search,Request OK
2026-01-28T20:06:41.127484,INFO,search,Request OK
2026-01-28T20:06:41.328669,INFO,auth,Request OK
2026-01-28T20:06:41.530600,ERROR,auth,Null pointer
2026-01-28T20:06:41.732804,INFO,payment,Cache hit
2026-01-28T20:06:41.934455,INFO,orders,User login
2026-01-28T20:06:42.135884,INFO,orders,Cache hit
2026-01-28T20:06:42.337542,INFO,search,Request OK
2026-01-28T20:06:42.539286,WARN,search,User login
2026-01-28T20:06:42.740848,INFO,orders,User login
2026-01-28T20:06:42.942544,INFO,orders,Request OK
2026-01-28T20:06:43.143814,INFO,payment,User login
2026-01-28T20:06:43.345570,INFO,search,Request OK
2026-01-28T20:06:43.546750,INFO,payment,User login
2026-01-28T20:06:43.748280,WARN,orders,Cache hit
2026-01-28T20:06:43.949805,INFO,orders,User login
2026-01-28T20:06:44.151542,INFO,search,Request OK
2026-01-28T20:06:44.353062,INFO,search,Request OK
2026-01-28T20:06:44.554677,INFO,search,Request OK
2026-01-28T20:06:44.756403,INFO,orders,Request OK
2026-01-28T20:06:44.958167,INFO,orders,User login
2026-01-28T20:06:45.159930,WARN,payment,Request OK
2026-01-28T20:06:45.361270,INFO,payment,Request OK
2026-01-28T20:06:45.562332,INFO,orders,Cache hit
2026-01-28T20:06:45.763497,INFO,payment,Request OK
2026-01-28T20:06:45.964524,INFO,auth,User login
2026-01-28T20:06:46.165776,INFO,payment,User login
2026-01-28T20:06:46.366962,INFO,auth,Request OK
2026-01-28T20:06:46.568860,INFO,payment,User login
2026-01-28T20:06:46.770287,INFO,auth,User login
2026-01-28T20:06:46.971795,INFO,payment,Cache hit
2026-01-28T20:06:47.173441,ERROR,search,Timeout
2026-01-28T20:06:47.374983,ERROR,auth,Null pointer
2026-01-28T20:06:47.576726,INFO,payment,Cache hit
2026-01-28T20:06:47.777822,WARN,payment,User login
2026-01-28T20:06:47.979092,INFO,auth,User login
2026-01-28T20:06:48.180436,INFO,search,User login
2026-01-28T20:06:48.381717,INFO,orders,Cache hit
2026-01-28T20:06:48.583467,INFO,search,Request OK
2026-01-28T20:06:48.785409,ERROR,orders,Null pointer
2026-01-28T20:06:48.987149,INFO,payment,Cache hit
2026-01-28T20:06:49.188694,INFO,search,Request OK
2026-01-28T20:06:49.390516,INFO,orders,Request OK
2026-01-28T20:06:49.592813,WARN,orders,User login
2026-01-28T20:06:49.794226,INFO,payment,Request OK
2026-01-28T20:06:49.995320,INFO,search,Request OK
2026-01-28T20:06:50.196524,INFO,search,User login
2026-01-28T20:06:50.398259,INFO,payment,User login
2026-01-28T20:06:50.599728,INFO,auth,Request OK
2026-01-28T20:06:50.801420,INFO,payment,Request OK
2026-01-28T20:06:51.002846,INFO,orders,Cache hit
2026-01-28T20:06:51.204451,INFO,payment,Cache hit
2026-01-28T20:06:51.406046,INFO,orders,Cache hit
2026-01-28T20:06:51.607800,INFO,orders,Cache hit
2026-01-28T20:06:51.809334,INFO,auth,Cache hit
2026-01-28T20:06:52.010517,INFO,search,Request OK
2026-01-28T20:06:52.212319,INFO,payment,Request OK
2026-01-28T20:06:52.413963,ERROR,orders,Null pointer
2026-01-28T20:06:52.615182,ERROR,auth,DB failure
2026-01-28T20:06:52.816803,INFO,orders,User login
2026-01-28T20:06:53.018530,INFO,auth,User login
2026-01-28T20:06:53.220202,WARN,search,User login
2026-01-28T20:06:53.421596,INFO,auth,User login
2026-01-28T20:06:53.623415,WARN,orders,Cache hit
2026-01-28T20:06:53.825050,INFO,auth,User login
2026-01-28T20:06:54.026534,INFO,payment,User login
2026-01-28T20:06:54.227923,INFO,auth,Request OK
2026-01-28T20:06:54.429330,WARN,search,Request OK
2026-01-28T20:06:54.630569,INFO,search,Cache hit
2026-01-28T20:06:54.831921,INFO,orders,Cache hit
2026-01-28T20:06:55.033281,INFO,auth,User login
2026-01-28T20:06:55.234675,INFO,payment,Request OK
2026-01-28T20:06:55.437144,ERROR,payment,DB failure
2026-01-28T20:06:55.638353,INFO,search,Request OK
2026-01-28T20:06:55.839584,INFO,auth,User login
2026-01-28T20:06:56.040800,INFO,auth,Cache hit
2026-01-28T20:06:56.242302,INFO,payment,Cache hit
2026-01-28T20:06:56.443814,ERROR,search,Timeout
2026-01-28T20:06:56.645573,INFO,auth,Cache hit
2026-01-28T20:06:56.847302,INFO,orders,Request OK
2026-01-28T20:06:57.048620,ERROR,orders,DB failure
2026-01-28T20:06:57.250256,ERROR,auth,DB failure
2026-01-28T20:06:57.451708,INFO,search,Cache hit
2026-01-28T20:06:57.653013,ERROR,auth,Null pointer
2026-01-28T20:06:57.854217,INFO,orders,Request OK
2026-01-28T20:06:58.055762,WARN,orders,Cache hit
2026-01-28T20:06:58.257104,WARN,payment,User login
2026-01-28T20:06:58.457986,INFO,auth,User login
2026-01-28T20:06:58.659600,INFO,auth,Cache hit
2026-01-28T20:06:58.861059,INFO,payment,User login
2026-01-28T20:06:59.062290,INFO,search,Request OK
2026-01-28T20:06:59.263882,INFO,orders,User login
2026-01-28T20:06:59.464993,ERROR,search,Timeout
2026-01-28T20:06:59.666170,INFO,orders,User login
2026-01-28T20:06:59.867829,INFO,auth,Request OK
2026-01-28T20:07:00.069290,INFO,auth,Request OK
2026-01-28T20:07:00.270672,INFO,auth,User login
2026-01-28T20:07:00.472357,INFO,orders,User login
2026-01-28T20:07:00.673761,INFO,auth,Cache hit
2026-01-28T20:07:00.874976,ERROR,payment,Timeout
2026-01-28T20:07:01.076756,INFO,payment,Cache hit
2026-01-28T20:07:01.278208,INFO,auth,User login
2026-01-28T20:07:01.480048,INFO,payment,Request OK
2026-01-28T20:07:01.681641,ERROR,search,DB failure
2026-01-28T20:07:01.883480,INFO,auth,Request OK
2026-01-28T20:07:02.084697,INFO,auth,Request OK
2026-01-28T20:07:02.285847,INFO,payment,Request OK
2026-01-28T20:07:02.487133,INFO,search,Cache hit
2026-01-28T20:07:02.688608,INFO,auth,Cache hit
2026-01-28T20:07:02.890121,INFO,orders,Cache hit
2026-01-28T20:07:03.091467,INFO,auth,Request OK
2026-01-28T20:07:03.292893,WARN,payment,Request OK
2026-01-28T20:07:03.494364,INFO,payment,Request OK
2026-01-28T20:07:03.696039,INFO,payment,User login
2026-01-28T20:07:03.897327,INFO,auth,User login
2026-01-28T20:07:04.098697,INFO,auth,Cache hit
2026-01-28T20:07:04.300252,INFO,search,Request OK
2026-01-28T20:07:04.501993,INFO,search,User login
2026-01-28T20:07:04.703147,INFO,search,Cache hit
2026-01-28T20:07:04.904931,INFO,auth,User login
2026-01-28T20:07:05.106739,INFO,search,Cache hit
2026-01-28T20:07:05.308246,INFO,payment,User login
2026-01-28T20:07:05.509311,INFO,search,Cache hit
2026-01-28T20:07:05.710564,INFO,auth,Request OK
2026-01-28T20:07:05.912238,INFO,search,User login
2026-01-28T20:07:06.113803,INFO,auth,Request OK
2026-01-28T20:07:06.315151,WARN,auth,User login
2026-01-28T20:07:06.516376,INFO,payment,User login
2026-01-28T20:07:06.717903,INFO,auth,Request OK
2026-01-28T20:07:06.919235,INFO,auth,Request OK
2026-01-28T20:07:07.121083,INFO,auth,User login
2026-01-28T20:07:07.322657,INFO,auth,Request OK
2026-01-28T20:07:07.524155,INFO,search,User login
2026-01-28T20:07:07.725732,INFO,payment,Cache hit
2026-01-28T20:07:07.927430,INFO,search,Cache hit
2026-01-28T20:07:08.128742,INFO,search,User login
2026-01-28T20:07:08.330265,INFO,search,Request OK
2026-01-28T20:07:08.531556,INFO,search,Cache hit
2026-01-28T20:07:08.733155,INFO,payment,Cache hit
2026-01-28T20:07:08.934616,INFO,orders,User login
2026-01-28T20:07:09.136559,INFO,orders,Request OK
2026-01-28T20:07:09.338102,INFO,payment,Request OK
2026-01-28T20:07:09.539870,INFO,auth,Request OK
2026-01-28T20:07:09.741169,INFO,auth,Request OK
2026-01-28T20:07:09.943095,INFO,payment,Request OK
2026-01-28T20:07:10.144495,ERROR,payment,Timeout
2026-01-28T20:07:10.345649,ERROR,search,Null pointer
2026-01-28T20:07:10.547045,INFO,search,User login
2026-01-28T20:07:10.748403,ERROR,payment,Null pointer
2026-01-28T20:07:10.950125,WARN,search,Request OK
2026-01-28T20:07:11.151523,ERROR,search,Null pointer
2026-01-28T20:07:11.352936,ERROR,payment,Null pointer
2026-01-28T20:07:11.554347,INFO,payment,Request OK
2026-01-28T20:07:11.755707,WARN,auth,User login
2026-01-28T20:07:11.957822,WARN,auth,Request OK
2026-01-28T20:07:12.159307,INFO,auth,Cache hit
2026-01-28T20:07:12.360421,INFO,orders,User login
2026-01-28T20:07:12.561611,INFO,search,Request OK
2026-01-28T20:07:12.763458,WARN,search,Request OK
2026-01-28T20:07:12.965028,INFO,auth,Cache hit
2026-01-28T20:07:13.166122,ERROR,auth,DB failure
2026-01-28T20:07:13.367737,INFO,auth,User login
2026-01-28T20:07:13.569175,INFO,auth,Cache hit
2026-01-28T20:07:13.770437,INFO,search,User login
2026-01-28T20:07:13.971901,INFO,auth,Request OK
2026-01-28T20:07:14.173212,INFO,search,Cache hit
2026-01-28T20:07:14.374802,WARN,search,User login
2026-01-28T20:07:14.576378,WARN,orders,Request OK
2026-01-28T20:07:14.779303,INFO,auth,Request OK
2026-01-28T20:07:14.980854,WARN,search,User login
2026-01-28T20:07:15.182411,INFO,auth,Cache hit
2026-01-28T20:07:15.383863,INFO,search,Request OK
2026-01-28T20:07:15.585324,INFO,orders,User login
2026-01-28T20:07:15.786912,INFO,search,User login
2026-01-28T20:07:15.988401,ERROR,search,Null pointer
2026-01-28T20:07:16.189815,INFO,auth,Cache hit
2026-01-28T20:07:16.391985,INFO,payment,User login
2026-01-28T20:07:16.594182,INFO,payment,Request OK
2026-01-28T20:07:16.795950,INFO,search,Request OK
2026-01-28T20:07:16.997327,INFO,auth,User login
2026-01-28T20:07:17.198703,INFO,search,Cache hit
2026-01-28T20:07:17.400009,INFO,payment,Cache hit
2026-01-28T20:07:17.601580,INFO,orders,User login
2026-01-28T20:07:17.803131,INFO,auth,Request OK
2026-01-28T20:07:18.004715,INFO,auth,Request OK
2026-01-28T20:07:18.205926,INFO,payment,Request OK
2026-01-28T20:07:18.407262,INFO,search,User login
2026-01-28T20:07:18.608691,INFO,search,User login
2026-01-28T20:07:18.810295,ERROR,orders,DB failure
2026-01-28T20:07:19.011887,WARN,auth,Request OK
2026-01-28T20:07:19.213525,INFO,orders,Request OK
2026-01-28T20:07:19.415073,INFO,search,Cache hit
2026-01-28T20:07:19.616619,INFO,auth,Request OK
2026-01-28T20:07:19.818403,INFO,payment,User login
2026-01-28T20:07:20.019977,INFO,auth,Request OK
2026-01-28T20:07:20.221626,INFO,auth,User login
2026-01-28T20:07:20.423385,INFO,orders,Cache hit
2026-01-28T20:07:20.624690,INFO,payment,Cache hit
2026-01-28T20:07:20.826529,INFO,search,Cache hit
2026-01-28T20:07:21.027852,ERROR,payment,Null pointer
2026-01-28T20:07:21.229680,ERROR,payment,Timeout
2026-01-28T20:07:21.431363,INFO,auth,Cache hit
2026-01-28T20:07:21.632938,INFO,payment,User login
2026-01-28T20:07:21.834447,INFO,payment,User login
2026-01-28T20:07:22.035518,INFO,orders,Cache hit
2026-01-28T20:07:22.236766,INFO,search,Cache hit
2026-01-28T20:07:22.438533,INFO,payment,Cache hit
2026-01-28T20:07:22.639880,INFO,auth,Request OK
2026-01-28T20:07:22.841116,INFO,search,Cache hit
2026-01-28T20:07:23.042431,INFO,payment,Cache hit
2026-01-28T20:07:23.243545,INFO,search,User login
2026-01-28T20:07:23.444931,INFO,search,User login
2026-01-28T20:07:23.645927,INFO,auth,Cache hit
2026-01-28T20:07:23.847032,INFO,auth,Request OK
2026-01-28T20:07:24.047985,INFO,payment,Request OK
2026-01-28T20:07:24.249341,WARN,payment,Request OK
2026-01-28T20:07:24.451121,INFO,orders,Cache hit
2026-01-28T20:07:24.652601,INFO,search,Cache hit
2026-01-28T20:07:24.854206,INFO,payment,Request OK
2026-01-28T20:07:25.055643,INFO,search,Cache hit
2026-01-28T20:07:25.256534,INFO,auth,Request OK
2026-01-28T20:07:25.458218,INFO,search,Request OK
2026-01-28T20:07:25.659725,INFO,payment,Cache hit
2026-01-28T20:07:25.861221,INFO,payment,Request OK
2026-01-28T20:07:26.062878,ERROR,payment,Null pointer
2026-01-28T20:07:26.264423,INFO,search,Request OK
2026-01-28T20:07:26.465699,INFO,payment,Request OK
2026-01-28T20:07:26.667500,INFO,search,Cache hit
2026-01-28T20:07:26.868888,ERROR,orders,DB failure
2026-01-28T20:07:27.069982,WARN,search,User login
2026-01-28T20:07:27.271411,INFO,search,Request OK
2026-01-28T20:07:27.472747,INFO,search,Cache hit
2026-01-28T20:07:27.673987,INFO,auth,User login
2026-01-28T20:07:27.875374,INFO,auth,User login
2026-01-28T20:07:28.077139,INFO,search,Request OK
2026-01-28T20:07:28.278451,INFO,auth,User login
2026-01-28T20:07:28.480151,INFO,payment,Cache hit
2026-01-28T20:07:28.681390,INFO,orders,Request OK
2026-01-28T20:07:28.883378,INFO,search,Cache hit
2026-01-28T20:07:29.085439,WARN,payment,User login
2026-01-28T20:07:29.286881,INFO,orders,User login
2026-01-28T20:07:29.488353,INFO,orders,Cache hit
2026-01-28T20:07:29.689679,INFO,orders,Cache hit
2026-01-28T20:07:29.890715,WARN,auth,Request OK
2026-01-28T20:07:30.092091,INFO,auth,Cache hit
2026-01-28T20:07:30.293303,WARN,search,Cache hit
2026-01-28T20:07:30.494631,INFO,orders,User login
2026-01-28T20:07:30.696475,WARN,search,Cache hit
2026-01-28T20:07:30.898113,INFO,search,Cache hit
2026-01-28T20:07:31.099517,INFO,search,User login
2026-01-28T20:07:31.300940,INFO,auth,User login
2026-01-28T20:07:31.503095,INFO,search,Request OK
2026-01-28T20:07:31.704947,INFO,search,User login
2026-01-28T20:07:31.906169,ERROR,search,DB failure
2026-01-28T20:07:32.107736,INFO,payment,Cache hit
2026-01-28T20:07:32.308857,INFO,payment,Request OK
2026-01-28T20:07:32.510179,INFO,search,User login
2026-01-28T20:07:32.712080,ERROR,search,Null pointer
2026-01-28T20:07:32.913737,INFO,payment,User login
2026-01-28T20:07:33.115246,WARN,payment,User login
2026-01-28T20:07:33.316610,INFO,auth,Cache hit
2026-01-28T20:07:33.518307,INFO,orders,Cache hit
2026-01-28T20:07:33.720205,INFO,orders,User login
2026-01-28T20:07:33.921956,WARN,search,User login
2026-01-28T20:07:34.123294,INFO,payment,User login
2026-01-28T20:07:34.325128,INFO,orders,User login
2026-01-28T20:07:34.526406,INFO,auth,User login
2026-01-28T20:07:34.727947,ERROR,orders,Timeout
2026-01-28T20:07:34.929592,INFO,payment,Request OK
2026-01-28T20:07:35.130493,INFO,auth,Request OK
2026-01-28T20:07:35.331619,INFO,search,User login
2026-01-28T20:07:35.532771,INFO,auth,Cache hit
2026-01-28T20:07:35.733825,INFO,orders,User login
2026-01-28T20:07:35.935654,INFO,orders,Request OK
2026-01-28T20:07:36.137314,INFO,payment,Cache hit
2026-01-28T20:07:36.339149,INFO,auth,Cache hit
2026-01-28T20:07:36.540710,INFO,auth,Request OK
2026-01-28T20:07:36.741977,INFO,payment,User login
2026-01-28T20:07:36.943609,INFO,auth,Request OK
2026-01-28T20:07:37.145007,INFO,auth,Request OK
2026-01-28T20:07:37.346083,INFO,auth,Cache hit
2026-01-28T20:07:37.547199,WARN,payment,Cache hit
2026-01-28T20:07:37.748915,INFO,orders,Cache hit
2026-01-28T20:07:37.951788,INFO,orders,User login
2026-01-28T20:07:38.154542,INFO,payment,Cache hit
2026-01-28T20:07:38.356592,INFO,search,Cache hit
2026-01-28T20:07:38.558805,INFO,orders,Cache hit
2026-01-28T20:07:38.759878,INFO,orders,User login
2026-01-28T20:07:38.961426,ERROR,orders,Timeout
2026-01-28T20:07:39.163217,WARN,auth,Cache hit
2026-01-28T20:07:39.364552,ERROR,search,Null pointer
2026-01-28T20:07:39.566097,INFO,payment,Cache hit
2026-01-28T20:07:39.767426,INFO,search,Request OK
2026-01-28T20:07:39.969104,ERROR,auth,Timeout
2026-01-28T20:07:40.170594,WARN,orders,User login
2026-01-28T20:07:40.372360,INFO,payment,Cache hit
2026-01-28T20:07:40.573755,INFO,payment,User login
2026-01-28T20:07:40.775106,INFO,payment,Cache hit
2026-01-28T20:07:40.976527,INFO,payment,User login
2026-01-28T20:07:41.178093,INFO,payment,User login
2026-01-28T20:07:41.379733,INFO,search,User login
2026-01-28T20:07:41.581360,INFO,orders,Request OK
2026-01-28T20:07:41.783128,INFO,orders,Cache hit
2026-01-28T20:07:41.984894,ERROR,orders,Null pointer
2026-01-28T20:07:42.186886,INFO,payment,User login
2026-01-28T20:07:42.388425,ERROR,orders,Null pointer
2026-01-28T20:07:42.589694,INFO,orders,User login
2026-01-28T20:07:42.791581,INFO,orders,Request OK
2026-01-28T20:07:42.993419,INFO,search,User login
2026-01-28T20:07:43.194966,INFO,search,User login
2026-01-28T20:07:43.396284,INFO,search,Cache hit
2026-01-28T20:07:43.597461,WARN,search,User login
2026-01-28T20:07:43.799439,INFO,auth,Cache hit
2026-01-28T20:07:44.001331,INFO,search,User login
2026-01-28T20:07:44.202993,INFO,auth,User login
2026-01-28T20:07:44.404757,WARN,search,User login
2026-01-28T20:07:44.606628,INFO,payment,Request OK
2026-01-28T20:07:44.807854,INFO,search,Cache hit
2026-01-28T20:07:45.008812,INFO,auth,Cache hit
2026-01-28T20:07:45.210981,WARN,payment,Request OK
2026-01-28T20:07:45.412404,INFO,auth,Request OK
2026-01-28T20:07:45.614158,INFO,auth,Cache hit
2026-01-28T20:07:45.816429,ERROR,search,Null pointer
2026-01-28T20:07:46.018032,INFO,orders,Cache hit
2026-01-28T20:07:46.219708,INFO,auth,Request OK
2026-01-28T20:07:46.422153,INFO,search,Request OK
2026-01-28T20:17:37.265324,WARN,search,Request OK
2026-01-28T20:17:37.497227,ERROR,orders,Timeout
2026-01-28T20:17:37.708030,INFO,auth,Cache hit
2026-01-28T20:17:37.934843,INFO,search,User login
2026-01-28T20:17:38.139606,INFO,payment,Cache hit
2026-01-28T20:17:38.346153,INFO,search,User login
2026-01-28T20:17:38.553376,WARN,auth,Cache hit
2026-01-28T20:17:38.761351,WARN,orders,User login
2026-01-28T20:17:38.964393,INFO,auth,Cache hit
2026-01-28T20:17:39.167760,INFO,orders,Cache hit
2026-01-28T20:17:39.370071,WARN,auth,Cache hit
2026-01-28T20:17:39.572340,INFO,auth,User login
2026-01-28T20:17:39.774691,INFO,search,Cache hit
2026-01-28T20:17:39.977235,INFO,payment,Cache hit
2026-01-28T20:17:40.178874,INFO,search,Cache hit
2026-01-28T20:17:40.380812,INFO,search,Cache hit
2026-01-28T20:17:40.582665,INFO,payment,Request OK
2026-01-28T20:17:40.784743,ERROR,auth,Null pointer
2026-01-28T20:17:40.987159,INFO,orders,Request OK
2026-01-28T20:17:41.188855,INFO,search,User login
2026-01-28T20:17:41.391021,INFO,orders,Cache hit
2026-01-28T20:17:41.592984,INFO,payment,Cache hit
2026-01-28T20:17:41.794948,INFO,auth,Cache hit
2026-01-28T20:17:41.998056,INFO,search,Request OK
2026-01-28T20:17:42.200407,INFO,orders,Request OK
2026-01-28T20:17:42.403015,INFO,search,Request OK
2026-01-28T20:17:42.605085,INFO,orders,Cache hit
2026-01-28T20:17:42.807832,INFO,search,Cache hit
2026-01-28T20:17:43.009824,INFO,search,User login
2026-01-28T20:17:43.212555,INFO,auth,Request OK
2026-01-28T20:17:43.414995,INFO,payment,Request OK
2026-01-28T20:53:54.905327,INFO,payment,Request OK
2026-01-28T20:53:55.116269,ERROR,orders,DB failure
2026-01-28T20:53:55.347036,WARN,auth,Request OK
2026-01-28T20:53:55.554834,WARN,auth,User login
2026-01-28T20:53:55.786431,INFO,orders,Request OK
2026-01-28T20:53:55.996314,INFO,search,Request OK
2026-01-28T20:53:56.207884,ERROR,payment,DB failure
2026-01-28T20:53:56.411901,INFO,payment,Cache hit
2026-01-28T20:53:56.614000,INFO,payment,Cache hit
2026-01-28T20:53:56.824294,ERROR,search,Null pointer
2026-01-28T20:53:57.045081,INFO,auth,Request OK
2026-01-28T20:53:57.254392,INFO,orders,Cache hit
2026-01-28T20:53:57.459196,INFO,auth,Cache hit
2026-01-28T20:53:57.663474,INFO,search,User login
2026-01-28T20:53:57.868511,INFO,auth,Cache hit
2026-01-28T20:53:58.072808,ERROR,orders,DB failure
2026-01-28T20:53:58.279831,INFO,search,Cache hit
2026-01-28T20:53:58.481758,INFO,orders,Request OK
2026-01-28T20:53:58.683619,ERROR,search,Null pointer
2026-01-28T20:53:58.886137,WARN,search,Cache hit
2026-01-28T20:53:59.087153,ERROR,auth,DB failure
2026-01-28T20:53:59.288663,INFO,orders,Cache hit
2026-01-28T20:53:59.490408,INFO,payment,Request OK
2026-01-28T20:53:59.692431,WARN,auth,User login
2026-01-28T20:53:59.895808,INFO,search,Request OK
2026-01-28T20:54:00.104031,INFO,search,Request OK
2026-01-28T20:54:00.318427,INFO,orders,Request OK
2026-01-28T20:54:00.522686,ERROR,orders,Timeout
2026-01-28T20:54:00.726291,INFO,search,Cache hit
2026-01-28T20:54:00.927956,WARN,auth,Request OK
2026-01-28T20:54:01.130360,INFO,orders,Cache hit
2026-01-28T20:54:01.334050,WARN,payment,User login
2026-01-28T20:54:01.537933,INFO,payment,Request OK
2026-01-28T20:54:01.739855,INFO,orders,Request OK
2026-01-28T20:54:01.945349,INFO,payment,Request OK
2026-01-28T20:54:02.168695,INFO,payment,Request OK
2026-01-28T20:54:02.371822,INFO,payment,Cache hit
2026-01-28T20:54:02.575684,INFO,search,Request OK
2026-01-28T20:54:02.777090,INFO,orders,User login
2026-01-28T20:54:02.979910,WARN,payment,User login
2026-01-28T20:54:03.181337,WARN,auth,Request OK
2026-01-28T20:54:03.383556,INFO,orders,Cache hit
2026-01-28T20:54:03.585526,INFO,payment,Cache hit
2026-01-28T20:54:03.788136,INFO,payment,Cache hit
2026-01-28T20:54:03.989795,WARN,orders,Cache hit
2026-01-28T20:54:04.191737,ERROR,orders,DB failure
2026-01-28T20:54:04.394000,INFO,auth,Cache hit
2026-01-28T20:54:04.596366,INFO,auth,Request OK
2026-01-28T20:54:04.798029,INFO,orders,Cache hit
2026-01-28T20:54:04.999718,INFO,orders,User login
2026-01-28T20:54:05.201734,WARN,orders,User login
2026-01-28T20:54:05.403385,INFO,payment,User login
2026-01-28T20:54:05.605966,INFO,orders,Request OK
2026-01-28T20:54:05.817376,INFO,search,Request OK
2026-01-28T20:54:06.019819,INFO,auth,Cache hit
2026-01-28T20:54:06.222377,INFO,search,User login
2026-01-28T20:54:06.424209,INFO,auth,User login
2026-01-28T20:54:06.626292,INFO,auth,User login
2026-01-28T20:54:06.828944,WARN,auth,User login
2026-01-28T20:54:07.030025,INFO,search,User login
2026-01-28T20:54:07.231820,INFO,orders,Request OK
2026-01-28T20:54:07.434817,INFO,payment,User login
2026-01-28T20:54:07.636743,WARN,auth,Cache hit
2026-01-28T20:54:07.838763,INFO,orders,User login
2026-01-28T20:54:08.040795,INFO,orders,Request OK
2026-01-28T20:54:08.244212,INFO,auth,Cache hit
2026-01-28T20:54:08.447521,INFO,payment,User login
2026-01-28T20:54:08.650087,INFO,auth,Request OK
2026-01-28T20:54:08.852473,INFO,search,User login
2026-01-28T20:54:09.055159,INFO,search,Cache hit
2026-01-28T20:54:09.259438,WARN,search,Cache hit
2026-01-28T20:54:09.461151,INFO,payment,User login
2026-01-28T20:54:09.663479,INFO,orders,Cache hit
2026-01-28T20:54:09.865447,INFO,payment,Cache hit
2026-01-28T20:54:10.067534,INFO,orders,Cache hit
2026-01-28T20:54:10.269032,INFO,search,Cache hit
2026-01-28T20:54:10.470505,INFO,payment,Cache hit
2026-01-28T20:54:10.672294,WARN,payment,Request OK
2026-01-28T20:54:10.874734,INFO,orders,User login
2026-01-28T20:54:11.077184,INFO,orders,Request OK
2026-01-28T20:54:11.279114,WARN,auth,User login
2026-01-28T20:54:11.481029,INFO,payment,Request OK
2026-01-28T20:54:11.684535,INFO,orders,Request OK
2026-01-28T20:54:11.886543,INFO,payment,Cache hit
2026-01-28T20:54:12.088439,INFO,auth,Request OK
2026-01-28T20:54:12.290835,INFO,payment,Cache hit
2026-01-28T20:54:12.492749,INFO,payment,Request OK
2026-01-28T20:54:12.694811,INFO,auth,Request OK
2026-01-28T20:54:12.897050,INFO,search,User login
2026-01-28T20:54:13.099541,INFO,payment,Request OK
2026-01-28T20:54:13.301558,INFO,auth,Cache hit
2026-01-28T20:54:13.504118,INFO,payment,Cache hit
2026-01-28T20:54:13.706083,INFO,auth,Request OK
2026-01-28T20:54:13.908342,INFO,auth,Cache hit
2026-01-28T20:54:14.110406,WARN,auth,Request OK
2026-01-28T20:54:14.312384,INFO,search,Request OK
2026-01-28T20:54:14.514380,INFO,payment,User login
2026-01-28T20:54:14.716509,INFO,orders,User login
2026-01-28T20:54:14.918983,INFO,search,Request OK
2026-01-28T20:54:15.121425,INFO,payment,Cache hit
2026-01-28T20:54:15.327169,INFO,payment,Cache hit
2026-01-28T20:54:15.529312,INFO,payment,Cache hit
2026-01-28T20:54:15.742723,INFO,search,Cache hit
2026-01-28T20:54:15.945371,INFO,orders,Cache hit
2026-01-28T20:54:16.147716,INFO,orders,Request OK
2026-01-28T20:54:16.351145,INFO,orders,Cache hit
2026-01-28T20:54:16.553903,INFO,auth,Cache hit
2026-01-28T20:54:16.756139,INFO,orders,Cache hit
2026-01-28T20:54:16.958384,INFO,orders,Request OK
2026-01-28T20:54:17.160846,WARN,auth,User login
2026-01-28T20:54:17.363865,INFO,payment,Request OK
2026-01-28T20:54:17.566159,INFO,payment,Cache hit
2026-01-28T20:54:17.767856,WARN,payment,User login
2026-01-28T20:54:17.969963,INFO,auth,Cache hit
2026-01-28T20:54:18.172161,INFO,payment,Cache hit
2026-01-28T20:54:18.374752,WARN,payment,Request OK
2026-01-28T20:54:18.577136,INFO,auth,Cache hit
2026-01-28T20:54:18.779668,INFO,search,Request OK
2026-01-28T20:54:18.981702,INFO,orders,Cache hit
2026-01-28T20:54:19.183667,INFO,orders,User login
2026-01-28T20:54:19.386137,WARN,auth,User login
2026-01-28T20:54:19.588580,INFO,search,Cache hit
2026-01-28T20:54:19.791617,INFO,search,Cache hit
2026-01-28T20:54:19.994380,ERROR,orders,Timeout
2026-01-28T20:54:20.196972,INFO,payment,Cache hit
2026-01-28T20:54:20.399215,INFO,payment,Request OK
2026-01-28T20:54:20.601910,INFO,search,Request OK
2026-01-28T20:54:20.805121,INFO,orders,Cache hit
2026-01-28T20:54:21.007577,INFO,payment,User login
2026-01-28T20:54:21.209316,WARN,auth,Request OK
2026-01-28T20:54:21.411346,INFO,orders,Cache hit
2026-01-28T20:54:21.614290,INFO,auth,Cache hit
2026-01-28T20:54:21.816167,INFO,payment,User login
2026-01-28T20:54:22.018709,INFO,auth,Cache hit
2026-01-28T20:54:22.220891,INFO,payment,Request OK
2026-01-28T20:54:22.423204,INFO,search,User login
2026-01-28T20:54:22.624983,ERROR,orders,DB failure
2026-01-28T20:54:22.827408,INFO,orders,Cache hit
2026-01-28T20:54:23.029781,INFO,auth,Cache hit
2026-01-28T20:54:23.231540,INFO,auth,Request OK
2026-01-28T20:54:23.434251,ERROR,search,Null pointer
2026-01-28T20:54:23.636350,INFO,payment,Cache hit
2026-01-28T20:54:23.838304,INFO,auth,Request OK
2026-01-28T20:54:24.040450,ERROR,payment,DB failure
2026-01-28T20:54:24.241881,INFO,orders,User login
2026-01-28T20:54:24.443639,INFO,orders,Request OK
2026-01-28T20:54:24.647845,INFO,orders,Cache hit
2026-01-28T20:54:24.854179,INFO,orders,User login
2026-01-28T20:54:25.057340,INFO,payment,User login
2026-01-28T20:54:25.261856,INFO,payment,Request OK
2026-01-28T20:54:25.464012,WARN,orders,Request OK
2026-01-28T20:54:25.666680,WARN,orders,Request OK
2026-01-28T20:54:25.868698,INFO,orders,Request OK
2026-01-28T20:54:26.070611,INFO,auth,User login
2026-01-28T20:54:26.273255,WARN,auth,Cache hit
2026-01-28T20:54:26.475295,INFO,auth,Cache hit
2026-01-28T20:54:26.677112,WARN,payment,User login
2026-01-28T20:54:26.878968,INFO,auth,Cache hit
2026-01-28T20:54:27.081109,ERROR,payment,Timeout
2026-01-28T20:54:27.283588,INFO,orders,Cache hit
2026-01-28T20:54:27.485905,ERROR,payment,Null pointer
2026-01-28T20:54:27.689822,INFO,orders,Request OK
2026-01-28T20:54:27.891577,WARN,orders,User login
2026-01-28T20:54:28.093395,INFO,auth,Request OK
2026-01-28T20:54:28.295173,INFO,payment,Cache hit
2026-01-28T20:54:28.497691,INFO,payment,User login
2026-01-28T20:54:28.700107,ERROR,orders,Timeout
2026-01-28T20:54:28.902239,ERROR,orders,Timeout
2026-01-28T20:54:29.103610,WARN,search,Cache hit
2026-01-28T20:54:29.305884,INFO,payment,Request OK
2026-01-28T20:54:29.508162,INFO,orders,User login
2026-01-28T20:54:29.714633,INFO,payment,Request OK
2026-01-28T20:54:29.917349,ERROR,orders,DB failure
2026-01-28T20:54:30.131102,INFO,orders,Cache hit
2026-01-28T20:54:30.333591,INFO,search,Cache hit
2026-01-28T20:54:30.549529,INFO,orders,Cache hit
2026-01-28T20:54:30.760382,INFO,orders,User login
2026-01-28T20:54:30.964522,INFO,auth,Request OK
2026-01-28T20:54:31.166981,INFO,orders,User login
2026-01-28T20:54:31.369219,INFO,payment,Request OK
2026-01-28T20:54:31.571866,INFO,orders,Cache hit
2026-01-28T20:54:31.774804,INFO,payment,User login
2026-01-28T20:54:31.977203,INFO,auth,Request OK
2026-01-28T20:54:32.179559,INFO,payment,User login
2026-01-28T20:54:32.382615,INFO,auth,Request OK
2026-01-28T20:54:32.585060,WARN,orders,User login
2026-01-28T20:54:32.787386,INFO,search,Request OK
2026-01-28T20:54:32.990190,INFO,payment,Request OK
2026-01-28T20:54:33.194289,INFO,payment,User login
2026-01-28T20:54:33.397355,ERROR,auth,Timeout
2026-01-28T20:54:33.600090,INFO,payment,User login
2026-01-28T20:54:33.802110,INFO,search,Cache hit
2026-01-28T20:54:34.003862,INFO,payment,User login
2026-01-28T20:54:34.206936,INFO,orders,Cache hit
2026-01-28T20:54:34.409873,INFO,orders,Cache hit
2026-01-28T20:54:34.616221,WARN,auth,Request OK
2026-01-28T20:54:34.818941,INFO,orders,Cache hit
2026-01-28T20:54:35.021195,INFO,payment,User login
2026-01-28T20:54:35.224248,INFO,payment,Cache hit
2026-01-28T20:54:35.426223,INFO,payment,Cache hit
2026-01-28T20:54:35.628280,INFO,auth,User login
2026-01-28T20:54:35.831297,INFO,orders,User login
2026-01-28T20:54:36.035137,ERROR,orders,DB failure
2026-01-28T20:54:36.236939,INFO,search,Request OK
2026-01-28T20:54:36.439158,INFO,search,User login
2026-01-28T20:54:36.641891,INFO,search,Request OK
2026-01-28T20:54:36.844248,INFO,payment,Cache hit
2026-01-28T20:54:37.046986,INFO,search,User login
2026-01-28T20:54:37.250721,INFO,auth,Request OK
2026-01-28T20:54:37.455173,INFO,orders,Cache hit
2026-01-28T20:54:37.657988,INFO,search,User login
2026-01-28T20:54:37.859990,INFO,auth,Cache hit
2026-01-28T20:54:38.063777,INFO,orders,Request OK
2026-01-28T20:54:38.266312,INFO,auth,Request OK
2026-01-28T20:54:38.469216,INFO,auth,Request OK
2026-01-28T20:54:38.673708,INFO,search,User login
2026-01-28T20:54:38.876397,INFO,auth,User login
2026-01-28T20:54:39.078888,INFO,orders,Cache hit
2026-01-28T20:54:39.281661,INFO,orders,Cache hit
2026-01-28T20:54:39.484366,INFO,auth,Cache hit
2026-01-28T20:54:39.686062,ERROR,auth,DB failure
2026-01-28T20:54:39.888617,INFO,auth,Request OK
2026-01-28T20:54:40.091188,INFO,payment,Cache hit
2026-01-28T20:54:40.293113,INFO,orders,Cache hit
2026-01-28T20:54:40.495788,INFO,search,Cache hit
2026-01-28T20:54:40.698786,INFO,orders,Request OK
2026-01-28T20:54:40.901195,INFO,payment,Cache hit
2026-01-28T20:54:41.103377,INFO,search,Request OK
2026-01-28T20:54:41.306362,INFO,search,User login
2026-01-28T20:54:41.508341,INFO,orders,Cache hit
2026-01-28T20:54:41.711664,ERROR,search,Timeout
2026-01-28T20:54:41.914688,WARN,search,Request OK
2026-01-28T20:54:42.117493,INFO,orders,Cache hit
2026-01-28T20:54:42.321519,ERROR,orders,Timeout
2026-01-28T20:54:42.525388,INFO,orders,User login
2026-01-28T20:54:42.728212,WARN,orders,Request OK
2026-01-28T20:54:42.930678,INFO,search,Cache hit
2026-01-28T20:54:43.133080,INFO,payment,Cache hit
2026-01-28T20:54:43.335331,INFO,search,Request OK
2026-01-28T20:54:43.537837,INFO,auth,Request OK
2026-01-28T20:54:43.740047,INFO,orders,Request OK
2026-01-28T20:54:43.942018,INFO,search,Request OK
2026-01-28T20:54:44.144074,WARN,orders,Request OK
2026-01-28T20:54:44.346575,INFO,orders,User login
2026-01-28T20:54:44.548734,INFO,payment,Request OK
2026-01-28T20:54:44.751314,WARN,auth,Cache hit
2026-01-28T20:54:44.953686,INFO,search,Request OK
2026-01-28T20:54:45.155504,INFO,orders,Request OK
2026-01-28T20:54:45.357261,INFO,payment,User login
2026-01-28T20:54:45.559834,INFO,orders,Cache hit
2026-01-28T20:54:45.762083,ERROR,payment,Null pointer
2026-01-28T20:54:45.963922,ERROR,auth,Null pointer
2026-01-28T20:54:46.166202,INFO,auth,User login
2026-01-28T20:54:46.368344,INFO,auth,User login
2026-01-28T20:54:46.570525,INFO,search,Request OK
2026-01-28T20:54:46.773141,ERROR,auth,DB failure
2026-01-28T20:54:47.326511,INFO,auth,User login
2026-01-28T20:54:47.529105,INFO,orders,User login
2026-01-28T20:54:47.731139,INFO,auth,Cache hit
2026-01-28T20:54:47.933473,INFO,payment,Request OK
2026-01-28T20:54:48.136170,INFO,orders,Cache hit
2026-01-28T20:54:48.339377,WARN,search,Request OK
2026-01-28T20:54:48.544279,INFO,payment,User login
2026-01-28T20:54:48.746377,INFO,orders,Cache hit
2026-01-28T20:54:48.948610,INFO,orders,User login
2026-01-28T20:54:49.150855,INFO,search,Cache hit
2026-01-28T20:54:49.353219,INFO,orders,User login
2026-01-28T20:54:49.555701,INFO,search,User login
2026-01-28T20:54:49.758034,INFO,search,Request OK
2026-01-28T20:54:49.960832,INFO,payment,Request OK
2026-01-28T20:54:50.163612,INFO,orders,Request OK
2026-01-28T20:54:50.366131,INFO,orders,Request OK
2026-01-28T20:54:50.568199,INFO,orders,Request OK
2026-01-28T20:54:50.769682,INFO,orders,Request OK
2026-01-28T20:54:50.971356,INFO,auth,Request OK
2026-01-28T20:54:51.174318,INFO,orders,Cache hit
2026-01-28T20:54:51.378335,WARN,auth,User login
2026-01-28T20:54:51.580804,ERROR,search,Timeout
2026-01-28T20:54:51.782836,INFO,payment,Cache hit
2026-01-28T20:54:51.985885,INFO,search,User login
2026-01-28T20:54:52.189937,INFO,payment,Request OK
2026-01-28T20:55:01.482332,INFO,orders,Request OK
2026-01-28T20:55:01.685393,INFO,search,Request OK
2026-01-28T20:55:01.890131,INFO,payment,Request OK
2026-01-28T20:55:02.094317,INFO,search,Cache hit
2026-01-28T20:55:02.296354,INFO,search,User login
2026-01-28T20:55:02.498964,INFO,auth,Request OK
2026-01-28T20:55:02.702150,INFO,search,User login
2026-01-28T20:55:02.906451,WARN,payment,Cache hit
2026-01-28T20:55:03.111063,INFO,search,Cache hit
2026-01-28T20:55:03.313587,INFO,payment,Request OK
2026-01-28T20:55:03.516272,INFO,payment,Request OK
2026-01-28T20:55:03.718810,INFO,payment,User login
2026-01-28T20:55:03.920848,ERROR,orders,Null pointer
2026-01-28T20:55:04.123449,INFO,search,Cache hit
2026-01-28T20:55:04.329134,ERROR,payment,DB failure
2026-01-28T20:55:04.531879,INFO,orders,Cache hit
2026-01-28T20:55:04.735940,INFO,orders,Request OK
2026-01-28T20:55:04.940708,ERROR,auth,Timeout
2026-01-28T20:55:05.143323,INFO,auth,Cache hit
2026-01-28T20:55:05.347669,INFO,orders,User login
2026-01-28T20:55:05.551657,INFO,auth,Request OK
2026-01-28T20:55:05.761137,INFO,orders,Cache hit
2026-01-28T20:55:05.970398,INFO,auth,Cache hit
2026-01-28T20:55:06.176374,INFO,payment,User login
2026-01-28T20:55:06.379990,INFO,orders,Cache hit
2026-01-28T20:55:06.589247,INFO,payment,User login
2026-01-28T20:55:06.791517,INFO,orders,Cache hit
2026-01-28T20:55:06.994194,ERROR,payment,DB failure
2026-01-28T20:55:07.197915,INFO,auth,User login
2026-01-28T20:55:07.400617,INFO,payment,Request OK
2026-01-28T20:55:07.602524,WARN,search,User login
2026-01-28T20:55:07.804949,WARN,payment,Cache hit
2026-01-28T20:55:08.006738,INFO,search,User login
2026-01-28T20:55:08.208893,INFO,search,Request OK
2026-01-28T20:55:08.411614,INFO,payment,User login
2026-01-28T20:55:08.616655,INFO,search,Request OK
2026-01-28T20:55:08.822272,INFO,auth,Request OK
2026-01-28T20:55:09.024751,INFO,search,Cache hit
2026-01-28T20:55:09.226908,ERROR,orders,Null pointer
2026-01-28T20:55:09.429597,INFO,auth,User login
2026-01-28T20:55:09.631787,INFO,search,User login
2026-01-28T20:55:09.834506,INFO,search,User login
2026-01-28T20:55:10.038106,INFO,search,Cache hit
2026-01-28T20:55:10.246061,INFO,auth,Cache hit
2026-01-28T20:55:10.530686,ERROR,auth,Null pointer
2026-01-28T20:55:10.734207,ERROR,auth,Null pointer
2026-01-28T20:55:10.937496,INFO,payment,User login
2026-01-28T20:55:11.139548,INFO,payment,Cache hit
2026-01-28T20:55:11.342960,INFO,search,Request OK
2026-01-28T20:55:11.545013,WARN,payment,User login
2026-01-28T20:55:11.748469,INFO,orders,Request OK
2026-01-28T20:55:11.950509,INFO,search,User login
2026-01-28T20:55:12.152768,INFO,auth,Cache hit
2026-01-28T20:55:12.354858,INFO,payment,Request OK
2026-01-28T20:55:12.557783,INFO,search,Request OK
2026-01-28T20:55:12.766078,INFO,search,Request OK
2026-01-28T20:55:12.972669,WARN,auth,Request OK
2026-01-28T20:55:13.175078,INFO,search,User login
2026-01-28T20:55:13.377592,INFO,search,Cache hit
2026-01-28T20:55:13.580823,INFO,auth,Request OK
2026-01-28T20:55:13.785992,INFO,orders,User login
2026-01-28T20:55:13.989149,INFO,orders,User login
2026-01-28T20:55:14.212709,INFO,payment,Cache hit
2026-01-28T20:55:14.415326,INFO,payment,User login
2026-01-28T20:55:14.618177,INFO,search,User login
2026-01-28T20:55:14.820422,INFO,search,User login
2026-01-28T20:55:15.023504,INFO,search,User login
2026-01-28T20:55:15.226284,INFO,payment,Request OK
2026-01-28T20:55:15.429214,ERROR,auth,DB failure
2026-01-28T20:55:15.632610,INFO,search,Request OK
2026-01-28T20:55:15.834673,INFO,orders,Request OK
2026-01-28T20:55:16.037413,INFO,auth,Cache hit
2026-01-28T20:55:16.239917,INFO,orders,User login
2026-01-28T20:55:16.446854,INFO,auth,User login
2026-01-28T20:55:16.654079,INFO,search,Cache hit
2026-01-28T20:55:16.859343,INFO,payment,User login
2026-01-28T20:55:17.061509,ERROR,orders,Null pointer
2026-01-28T20:55:17.264254,ERROR,auth,DB failure
2026-01-28T20:55:17.468401,INFO,payment,Cache hit
2026-01-28T20:55:17.670926,WARN,search,Cache hit
2026-01-28T20:55:17.874476,INFO,payment,Cache hit
2026-01-28T20:55:18.077078,WARN,auth,Request OK
2026-01-28T20:55:18.279611,INFO,search,User login
2026-01-28T20:55:18.482333,INFO,payment,Cache hit
2026-01-28T20:55:18.684678,INFO,auth,Request OK
2026-01-28T20:55:18.886919,INFO,auth,Cache hit
2026-01-28T20:55:19.088732,INFO,orders,User login
2026-01-28T20:55:19.291864,INFO,payment,Request OK
2026-01-28T20:55:19.494513,INFO,orders,Request OK
2026-01-28T20:55:19.697802,INFO,search,Request OK
2026-01-28T20:55:19.899756,INFO,payment,Request OK
2026-01-28T20:55:20.102007,INFO,payment,Cache hit
2026-01-28T20:55:20.303761,ERROR,search,Timeout
2026-01-28T20:55:20.506083,INFO,search,Request OK
2026-01-28T20:55:20.708363,INFO,payment,User login
2026-01-28T20:55:20.910771,INFO,payment,Request OK
2026-01-28T20:55:21.113280,INFO,search,Cache hit
2026-01-28T20:55:21.315423,INFO,search,Cache hit
2026-01-28T20:55:21.518568,ERROR,orders,DB failure
2026-01-28T20:55:21.724991,INFO,orders,User login
2026-01-28T20:55:21.927498,INFO,auth,User login
2026-01-28T20:55:22.130382,INFO,search,Cache hit
2026-01-28T20:55:22.333859,INFO,auth,User login
2026-01-28T20:55:22.536336,INFO,search,Cache hit
2026-01-28T20:55:22.739641,WARN,auth,User login
2026-01-28T20:55:22.942210,INFO,orders,Cache hit
2026-01-28T20:55:23.146165,ERROR,search,Null pointer
2026-01-28T20:55:23.348622,INFO,orders,Request OK
2026-01-28T20:55:23.551321,INFO,search,Request OK
2026-01-28T20:55:23.759326,INFO,search,Request OK
2026-01-28T20:55:23.967987,WARN,auth,Cache hit
2026-01-28T20:55:24.173727,INFO,payment,Cache hit
2026-01-28T20:55:24.381826,WARN,orders,User login
2026-01-28T20:55:24.598081,INFO,auth,Cache hit
2026-01-28T20:55:24.805705,INFO,payment,User login
2026-01-28T20:55:25.013665,ERROR,payment,Timeout
2026-01-28T20:55:25.223356,INFO,orders,User login
2026-01-28T20:55:25.429474,INFO,search,User login
2026-01-28T20:55:25.632319,INFO,search,User login
2026-01-28T20:55:25.835144,INFO,payment,Request OK
2026-01-28T20:55:26.039807,INFO,search,User login
2026-01-28T20:55:26.246109,INFO,payment,User login
2026-01-28T20:55:26.457028,INFO,search,Cache hit
2026-01-28T20:55:26.662593,INFO,orders,Cache hit
2026-01-28T20:55:26.868402,WARN,search,Request OK
2026-01-28T20:55:27.076929,INFO,auth,Cache hit
2026-01-28T20:55:27.279048,INFO,search,Cache hit
2026-01-28T20:55:27.481249,INFO,search,Request OK
2026-01-28T20:55:27.683344,INFO,search,Cache hit
2026-01-28T20:55:27.885460,INFO,payment,Cache hit
2026-01-28T20:55:28.087588,ERROR,orders,DB failure
2026-01-28T20:55:28.290737,INFO,auth,Request OK
2026-01-28T20:55:28.493778,WARN,search,Cache hit
2026-01-28T20:55:28.702183,INFO,search,Cache hit
2026-01-28T20:55:28.910724,INFO,payment,User login
2026-01-28T20:55:29.115828,INFO,search,Request OK
2026-01-28T20:55:29.318616,INFO,payment,Cache hit
2026-01-28T20:55:29.520735,INFO,orders,Cache hit
2026-01-28T20:55:29.722911,INFO,orders,Request OK
2026-01-28T20:55:29.925037,WARN,orders,User login
2026-01-28T20:55:30.127725,ERROR,payment,Null pointer
2026-01-28T20:55:30.330306,INFO,auth,Request OK
2026-01-28T20:55:30.532794,INFO,search,Request OK
2026-01-28T20:55:30.736544,INFO,auth,Request OK
2026-01-28T20:55:30.938599,ERROR,orders,DB failure
2026-01-28T20:55:31.141786,INFO,auth,Cache hit
2026-01-28T20:55:31.344690,INFO,search,Cache hit
2026-01-28T20:55:31.546710,INFO,orders,User login
2026-01-28T20:55:31.749291,INFO,orders,Request OK
2026-01-28T20:55:31.951432,INFO,search,User login
2026-01-28T20:55:32.154094,INFO,payment,User login
2026-01-28T20:55:32.356874,INFO,payment,User login
2026-01-28T20:55:32.559094,INFO,search,User login
2026-01-28T20:55:32.761974,INFO,search,Request OK
2026-01-28T20:55:32.965689,INFO,orders,Request OK
2026-01-28T20:55:33.168781,ERROR,search,DB failure
2026-01-28T20:55:33.372026,INFO,auth,Cache hit
2026-01-28T20:55:33.574508,INFO,payment,User login
2026-01-28T20:55:33.777141,ERROR,orders,Null pointer
2026-01-28T20:55:33.980098,INFO,orders,Request OK
2026-01-28T20:55:34.182645,INFO,payment,User login
2026-01-28T20:55:34.385436,INFO,auth,Request OK
2026-01-28T20:55:34.588616,INFO,search,Cache hit
2026-01-28T20:55:34.791763,INFO,auth,User login
2026-01-28T20:55:34.994063,INFO,auth,Cache hit
2026-01-28T20:55:35.196077,INFO,payment,Request OK
2026-01-28T20:55:35.398574,INFO,orders,User login
2026-01-28T20:55:35.604941,INFO,payment,Request OK
2026-01-28T20:55:35.807543,INFO,payment,User login
2026-01-28T20:55:36.011512,WARN,search,Request OK
2026-01-28T20:55:36.217877,INFO,search,User login
2026-01-28T20:55:36.421142,INFO,auth,User login
2026-01-28T20:55:36.624753,INFO,orders,User login
2026-01-28T20:55:36.827703,INFO,payment,User login
2026-01-28T20:55:37.031434,INFO,search,Request OK
2026-01-28T20:55:37.234390,ERROR,orders,DB failure
2026-01-28T20:55:37.437606,INFO,search,Request OK
2026-01-28T20:55:37.640280,ERROR,search,DB failure
2026-01-28T20:55:37.842695,INFO,search,Cache hit
2026-01-28T20:55:38.045426,INFO,payment,User login
2026-01-28T20:55:38.252602,INFO,search,Request OK
2026-01-28T20:55:38.458915,INFO,orders,Cache hit
2026-01-28T20:55:38.663969,INFO,orders,Cache hit
2026-01-28T20:55:38.869957,INFO,payment,User login
2026-01-28T20:55:39.072982,INFO,search,User login
2026-01-28T20:55:39.277420,INFO,payment,User login
2026-01-28T20:55:39.481821,INFO,payment,Cache hit
2026-01-28T20:55:39.685621,INFO,payment,Cache hit
2026-01-28T20:55:39.889368,ERROR,orders,Null pointer
2026-01-28T20:55:40.091750,INFO,auth,Cache hit
2026-01-28T20:55:40.294299,INFO,payment,Cache hit
2026-01-28T20:55:40.497650,INFO,search,User login
2026-01-28T20:55:40.699805,INFO,auth,User login
2026-01-28T20:55:40.901714,INFO,auth,User login
2026-01-28T20:55:41.104533,INFO,search,Cache hit
2026-01-28T20:55:41.306902,INFO,auth,User login
2026-01-28T20:55:41.509457,INFO,auth,Cache hit
2026-01-28T20:55:41.712903,INFO,search,Cache hit
2026-01-28T20:55:41.915823,INFO,auth,Request OK
2026-01-28T20:55:42.118587,INFO,orders,User login
2026-01-28T20:55:42.321316,INFO,orders,Request OK
2026-01-28T20:55:42.523988,INFO,orders,Request OK
2026-01-28T20:55:42.727314,INFO,payment,Request OK
2026-01-28T20:55:42.930308,ERROR,orders,DB failure
2026-01-28T20:55:43.135853,WARN,search,Request OK
2026-01-28T20:55:43.339069,INFO,orders,Cache hit
2026-01-28T20:55:43.544216,INFO,payment,User login
2026-01-28T20:55:43.746516,INFO,orders,Request OK
2026-01-28T20:55:43.950063,INFO,auth,Request OK
2026-01-28T20:55:44.155365,INFO,orders,User login
2026-01-28T20:55:44.361994,INFO,orders,Cache hit
2026-01-28T20:55:44.564027,ERROR,payment,DB failure
2026-01-28T20:55:44.765877,INFO,search,Cache hit
2026-01-28T20:55:44.967577,INFO,auth,Cache hit
2026-01-28T20:55:45.170063,INFO,orders,Request OK
2026-01-28T20:55:45.372257,INFO,orders,Cache hit
2026-01-28T20:55:45.574122,INFO,orders,Cache hit
2026-01-28T20:55:45.776500,WARN,auth,User login
2026-01-28T20:55:45.979396,WARN,payment,Cache hit
2026-01-28T20:55:46.181649,INFO,search,User login
2026-01-28T20:55:46.385367,INFO,auth,Cache hit
2026-01-28T20:55:46.590688,INFO,orders,Cache hit
2026-01-28T20:55:46.792357,ERROR,payment,Null pointer
2026-01-28T20:55:46.994413,INFO,search,User login
2026-01-28T20:55:47.196827,INFO,auth,Request OK
2026-01-28T20:55:47.399113,INFO,payment,User login
2026-01-28T20:55:47.600550,INFO,auth,User login
2026-01-28T20:55:47.802689,ERROR,payment,DB failure
2026-01-28T20:55:48.004634,INFO,payment,Request OK
2026-01-28T20:55:48.207306,INFO,orders,User login
2026-01-28T20:55:48.409336,ERROR,search,DB failure
2026-01-28T20:55:48.612196,ERROR,auth,Timeout
2026-01-28T20:55:48.814063,ERROR,orders,Null pointer
2026-01-28T20:55:49.016118,INFO,payment,Cache hit
2026-01-28T20:55:49.218743,INFO,search,Request OK
2026-01-28T20:55:49.420694,WARN,auth,Request OK
2026-01-28T20:55:49.623160,INFO,payment,Cache hit
2026-01-28T20:55:49.825244,ERROR,orders,Timeout
2026-01-28T20:55:50.027639,INFO,payment,User login
2026-01-28T20:55:50.230318,ERROR,orders,DB failure
2026-01-28T20:55:50.432892,INFO,orders,Cache hit
2026-01-28T20:55:50.635393,ERROR,search,Null pointer
2026-01-28T20:55:50.838327,INFO,search,Request OK
2026-01-28T20:55:51.041067,INFO,payment,User login
2026-01-28T20:55:51.243789,INFO,orders,Request OK
2026-01-28T20:55:51.445997,INFO,search,Cache hit
2026-01-28T20:55:51.648947,ERROR,search,DB failure
2026-01-28T20:55:51.850963,INFO,search,User login
2026-01-28T20:55:52.053678,INFO,orders,Cache hit
2026-01-28T20:55:52.256282,INFO,orders,User login
2026-01-28T20:55:52.459500,ERROR,auth,Null pointer
2026-01-28T20:55:52.661892,INFO,orders,Cache hit
2026-01-28T20:55:52.863786,INFO,payment,Request OK
2026-01-28T20:55:53.066024,INFO,auth,Cache hit
2026-01-28T20:55:53.268699,INFO,search,Cache hit
2026-01-28T20:55:53.470462,INFO,search,Cache hit
2026-01-28T20:55:53.672752,ERROR,payment,DB failure
2026-01-28T20:55:53.874964,INFO,payment,Cache hit
2026-01-28T20:55:54.077234,INFO,search,Cache hit
2026-01-28T20:55:54.280041,INFO,payment,Request OK
2026-01-28T20:55:54.483130,INFO,search,Request OK
2026-01-28T20:55:54.685422,INFO,auth,Cache hit
2026-01-28T20:55:54.887987,WARN,payment,Cache hit
2026-01-28T20:55:55.090296,INFO,orders,User login
2026-01-28T20:55:55.292288,INFO,search,Request OK
2026-01-28T20:55:55.494845,INFO,search,Cache hit
2026-01-28T20:55:55.697125,INFO,payment,Cache hit
2026-01-28T20:55:55.899538,INFO,payment,User login
2026-01-28T20:55:56.102142,INFO,payment,Cache hit
2026-01-28T20:55:56.305587,INFO,payment,Cache hit
2026-01-28T20:55:56.508367,ERROR,orders,Timeout
2026-01-28T20:55:56.711265,INFO,payment,Request OK
2026-01-28T20:55:56.914677,WARN,search,Request OK
2026-01-28T20:55:57.116725,INFO,auth,User login
2026-01-28T20:55:57.318921,INFO,orders,User login
2026-01-28T20:55:57.521242,INFO,payment,Request OK
2026-01-28T20:55:57.724037,INFO,orders,Cache hit
2026-01-28T20:55:57.926600,INFO,auth,Request OK
2026-01-28T20:55:58.128975,INFO,payment,Request OK
2026-01-28T20:55:58.331721,INFO,payment,User login
2026-01-28T20:55:58.535156,INFO,orders,User login
2026-01-28T20:55:58.738205,INFO,search,User login
2026-01-28T20:55:58.940560,WARN,search,Request OK
2026-01-28T20:55:59.143502,INFO,auth,Request OK
2026-01-28T20:55:59.345876,INFO,auth,Request OK
2026-01-28T20:55:59.547833,INFO,search,Cache hit
2026-01-28T20:55:59.750465,INFO,payment,Request OK
2026-01-28T20:55:59.953097,ERROR,orders,Timeout
2026-01-28T20:56:00.155210,INFO,payment,Request OK
2026-01-28T20:56:00.360682,INFO,payment,Cache hit
2026-01-28T20:56:00.564800,INFO,search,User login
2026-01-28T20:56:00.767695,WARN,search,Request OK
2026-01-28T20:56:00.969386,INFO,orders,User login
2026-01-28T20:56:01.171478,INFO,auth,User login
2026-01-28T20:56:01.373950,INFO,auth,Request OK
2026-01-28T20:56:01.576566,INFO,orders,Request OK
2026-01-28T20:56:01.779326,INFO,payment,Request OK
2026-01-28T20:56:01.982238,INFO,search,User login
2026-01-28T20:56:02.186700,INFO,search,Request OK
2026-01-28T20:56:02.389123,INFO,auth,User login
2026-01-28T20:56:02.591395,WARN,search,Request OK
2026-01-28T20:56:02.794917,ERROR,search,DB failure
2026-01-28T20:56:02.998640,INFO,orders,User login
2026-01-28T20:56:03.202323,INFO,search,Cache hit
2026-01-28T20:56:03.405600,INFO,payment,Request OK
2026-01-28T20:56:03.608086,INFO,payment,Cache hit
2026-01-28T20:56:03.811482,INFO,orders,User login
2026-01-28T20:56:04.013417,INFO,search,Request OK
2026-01-28T20:56:04.215993,INFO,auth,Cache hit
2026-01-28T20:56:04.419176,INFO,auth,User login
2026-01-28T20:56:04.622329,ERROR,auth,Null pointer
2026-01-28T20:56:04.824386,INFO,auth,User login
2026-01-28T20:56:05.027178,INFO,payment,Cache hit
2026-01-28T20:56:05.230004,INFO,search,User login
2026-01-28T20:56:05.433486,INFO,auth,Request OK
2026-01-28T20:56:05.635939,INFO,payment,Request OK
2026-01-28T20:56:05.838501,WARN,orders,Request OK
2026-01-28T20:56:06.040587,INFO,search,Request OK
2026-01-28T20:56:06.243115,WARN,payment,User login
2026-01-28T20:56:06.446130,INFO,payment,Request OK
2026-01-28T20:56:06.648603,ERROR,auth,DB failure
2026-01-28T20:56:06.850931,INFO,search,User login
2026-01-28T20:56:07.053918,INFO,search,Cache hit
2026-01-28T20:56:07.255884,WARN,search,Request OK
2026-01-28T20:56:07.459577,INFO,auth,Request OK
2026-01-28T20:56:07.663063,INFO,auth,User login
2026-01-28T20:56:07.884258,INFO,search,Cache hit
2026-01-28T20:56:08.086346,INFO,payment,Request OK
2026-01-28T20:56:08.290154,INFO,orders,User login
2026-01-28T20:56:08.492404,WARN,search,Request OK
2026-01-28T20:56:08.694606,INFO,auth,User login
2026-01-28T20:56:08.896904,INFO,orders,User login
2026-01-28T20:56:09.100273,INFO,auth,Cache hit
2026-01-28T20:56:09.302791,INFO,auth,Cache hit
2026-01-28T20:56:09.506059,INFO,search,Request OK
2026-01-28T20:56:09.707956,INFO,auth,Request OK
2026-01-28T20:56:09.911175,INFO,auth,User login
2026-01-28T20:56:10.113627,INFO,auth,Cache hit
2026-01-28T20:56:10.316461,INFO,auth,User login
2026-01-28T20:56:10.519051,INFO,search,User login
2026-01-28T20:56:10.721570,INFO,orders,Request OK
2026-01-28T20:56:10.923754,INFO,orders,Cache hit
2026-01-28T20:56:11.125846,INFO,search,Request OK
2026-01-28T20:56:11.327944,INFO,payment,Cache hit
2026-01-28T20:56:11.530537,INFO,orders,User login
2026-01-28T20:56:11.733102,INFO,payment,Request OK
2026-01-28T20:56:11.937548,INFO,search,User login
2026-01-28T20:56:12.142099,INFO,orders,Request OK
2026-01-28T20:56:12.344861,INFO,search,User login
2026-01-28T20:56:12.549143,WARN,orders,Request OK
2026-01-28T20:56:12.752505,INFO,search,User login
2026-01-28T20:56:12.955145,ERROR,search,Timeout
2026-01-28T20:56:13.156955,INFO,orders,Cache hit
2026-01-28T20:56:13.359462,INFO,payment,Request OK
2026-01-28T20:56:13.562257,INFO,search,User login
2026-01-28T20:56:13.764945,INFO,payment,Cache hit
2026-01-28T20:56:13.968338,INFO,search,User login
2026-01-28T20:56:14.170937,WARN,auth,User login
2026-01-28T20:56:14.372369,WARN,auth,Request OK
2026-01-28T20:56:14.575073,INFO,orders,User login
2026-01-28T20:56:14.776910,INFO,search,User login
2026-01-28T20:56:14.979904,ERROR,payment,DB failure
2026-01-28T20:56:15.182478,INFO,search,Request OK
2026-01-28T20:56:15.384633,ERROR,orders,Null pointer
2026-01-28T20:56:15.813222,INFO,search,Request OK
2026-01-28T20:56:16.016961,INFO,search,User login
2026-01-28T20:56:16.219365,INFO,auth,User login
2026-01-28T20:56:16.422247,INFO,payment,Request OK
2026-01-28T20:56:16.624957,WARN,orders,User login
2026-01-28T20:56:16.827109,INFO,search,User login
2026-01-28T20:56:17.030010,INFO,orders,User login
2026-01-28T20:56:17.232410,INFO,orders,Request OK
2026-01-28T20:56:17.435065,INFO,auth,Request OK
2026-01-28T20:56:17.637782,INFO,auth,Request OK
2026-01-28T20:56:17.841860,INFO,orders,User login
2026-01-28T20:56:18.044576,INFO,search,Cache hit
2026-01-28T20:56:18.246994,ERROR,orders,DB failure
2026-01-28T20:56:18.449697,INFO,orders,User login
2026-01-28T20:56:18.651936,INFO,orders,Request OK
2026-01-28T20:56:18.853682,INFO,payment,Cache hit
2026-01-28T20:56:19.055727,INFO,search,Request OK
2026-01-28T20:56:19.257963,INFO,auth,Request OK
2026-01-28T20:56:19.460829,INFO,auth,Cache hit
2026-01-28T20:56:19.662727,INFO,orders,Cache hit
2026-01-28T20:56:19.864683,INFO,orders,Cache hit
2026-01-28T20:56:20.067169,INFO,auth,Request OK
2026-01-28T20:56:20.269580,INFO,orders,User login
2026-01-28T20:56:20.471615,INFO,search,Request OK
2026-01-28T20:56:20.675033,INFO,orders,User login
2026-01-28T20:56:20.877577,INFO,orders,Request OK
2026-01-28T20:56:21.080466,INFO,orders,Request OK
2026-01-28T20:56:21.283258,INFO,payment,Request OK
2026-01-28T20:56:21.485175,INFO,auth,User login
2026-01-28T20:56:21.687750,INFO,auth,Cache hit
2026-01-28T20:56:21.891905,INFO,search,Request OK
2026-01-28T20:56:22.096243,ERROR,search,Timeout
2026-01-28T20:56:22.299771,INFO,payment,User login
2026-01-28T20:56:22.502835,INFO,payment,Cache hit
2026-01-28T20:56:22.705108,INFO,payment,User login
2026-01-28T20:56:22.907831,INFO,orders,Request OK
2026-01-28T20:56:23.109444,INFO,orders,Cache hit
2026-01-28T20:56:23.312092,INFO,payment,Request OK
2026-01-28T20:56:23.514129,INFO,search,Cache hit
2026-01-28T20:56:23.716145,INFO,auth,User login
2026-01-28T20:56:23.920381,INFO,payment,Cache hit
2026-01-28T20:56:24.123441,INFO,payment,User login
2026-01-28T20:56:24.326932,INFO,auth,User login
2026-01-28T20:56:24.530361,INFO,payment,Cache hit
2026-01-28T20:56:24.732395,INFO,search,User login
2026-01-28T20:56:24.935873,ERROR,orders,Null pointer
2026-01-28T20:56:25.138172,INFO,orders,User login
2026-01-28T20:56:25.341884,INFO,search,Request OK
2026-01-28T20:56:25.545179,INFO,payment,Request OK
2026-01-28T20:56:25.748275,INFO,search,User login
2026-01-28T20:56:25.951719,INFO,orders,User login
2026-01-28T20:56:26.154608,ERROR,search,Null pointer
2026-01-28T20:56:26.356872,INFO,auth,Request OK
2026-01-28T20:56:26.558769,INFO,payment,Cache hit
2026-01-28T20:56:26.761912,INFO,search,Request OK
2026-01-28T20:56:26.964921,INFO,auth,Cache hit
2026-01-28T20:56:27.168322,INFO,payment,User login
2026-01-28T20:56:27.370754,INFO,auth,User login
2026-01-28T20:56:27.574313,INFO,orders,Request OK
2026-01-28T20:56:27.776513,WARN,search,Cache hit
2026-01-28T20:56:27.978918,INFO,orders,User login
2026-01-28T20:56:28.181508,INFO,auth,Cache hit
2026-01-28T20:56:28.383811,INFO,orders,Request OK
2026-01-28T20:56:28.585555,INFO,auth,Cache hit
2026-01-28T20:56:28.788272,INFO,orders,Request OK
2026-01-28T20:56:28.990869,INFO,orders,User login
2026-01-28T20:56:29.193847,WARN,payment,Request OK
2026-01-28T20:56:29.396578,INFO,auth,Cache hit
2026-01-28T20:56:29.599958,ERROR,search,DB failure
2026-01-28T20:56:29.802742,INFO,payment,Request OK
2026-01-28T20:56:30.005095,INFO,orders,Cache hit
2026-01-28T20:56:30.207310,ERROR,search,DB failure
2026-01-28T20:56:30.409580,INFO,orders,Cache hit
2026-01-28T20:56:30.612528,INFO,auth,Request OK
2026-01-28T20:56:30.814698,ERROR,orders,Null pointer
2026-01-28T20:56:31.018187,WARN,auth,User login
2026-01-28T20:56:31.221374,INFO,orders,Request OK
2026-01-28T20:56:31.424807,WARN,search,User login
2026-01-28T20:56:31.627245,INFO,search,User login
2026-01-28T20:56:31.829339,INFO,search,Request OK
2026-01-28T20:56:32.031035,INFO,auth,Request OK
2026-01-28T20:56:32.233246,INFO,search,User login
2026-01-28T20:56:32.436199,INFO,search,Request OK
2026-01-28T20:56:32.638849,INFO,search,Request OK
2026-01-28T20:56:32.841531,WARN,auth,Cache hit
2026-01-28T20:56:33.044691,INFO,payment,User login
2026-01-28T20:56:33.247413,INFO,search,Request OK
2026-01-28T20:56:33.449765,ERROR,orders,Timeout
2026-01-28T20:56:33.652351,INFO,search,Request OK
2026-01-28T20:56:33.854998,INFO,orders,Cache hit
2026-01-28T20:56:34.057441,WARN,payment,Request OK
2026-01-28T20:56:34.260144,INFO,search,Request OK
2026-01-28T20:56:34.462423,INFO,orders,Cache hit
2026-01-28T20:56:34.665189,INFO,payment,Cache hit
2026-01-28T20:56:34.867966,INFO,auth,User login
2026-01-28T20:56:35.070120,ERROR,search,Timeout
2026-01-28T20:56:35.272470,INFO,orders,Request OK
2026-01-28T20:56:35.475232,WARN,auth,Request OK
2026-01-28T20:56:35.677765,INFO,orders,Request OK
2026-01-28T20:56:35.880295,INFO,payment,Cache hit
2026-01-28T20:56:36.083665,INFO,payment,User login
2026-01-28T20:56:36.286479,INFO,orders,User login
2026-01-28T20:56:36.489069,INFO,orders,Request OK
2026-01-28T20:56:36.691667,INFO,payment,Cache hit
2026-01-28T20:56:36.894548,INFO,orders,User login
2026-01-28T20:56:37.097388,INFO,auth,Request OK
2026-01-28T20:56:37.300161,INFO,auth,Cache hit
2026-01-28T20:56:37.502415,INFO,auth,User login
2026-01-28T20:56:37.704404,INFO,orders,Cache hit
2026-01-28T20:56:37.907600,INFO,payment,Request OK
2026-01-28T20:56:38.111075,INFO,search,User login
2026-01-28T20:56:38.312880,ERROR,payment,Timeout
2026-01-28T20:56:38.515256,INFO,auth,Request OK
2026-01-28T20:56:38.717719,INFO,orders,Cache hit
2026-01-28T20:56:38.920161,ERROR,auth,Null pointer
2026-01-28T20:56:39.122809,INFO,search,User login
2026-01-28T20:56:39.325650,INFO,orders,User login
2026-01-28T20:56:39.530974,INFO,auth,Request OK
2026-01-28T20:56:39.734377,INFO,auth,Cache hit
2026-01-28T20:56:39.936843,INFO,payment,User login
2026-01-28T20:56:40.139597,INFO,payment,Request OK
2026-01-28T20:56:40.342271,INFO,payment,User login
2026-01-28T20:56:40.544726,INFO,payment,Request OK
2026-01-28T20:56:40.747496,WARN,orders,Request OK
2026-01-28T20:56:40.950785,ERROR,payment,Timeout
2026-01-28T20:56:41.153443,INFO,orders,User login
2026-01-28T20:56:41.355334,INFO,search,Cache hit
2026-01-28T20:56:41.557364,INFO,search,Cache hit
2026-01-28T20:56:41.759765,INFO,auth,Request OK
2026-01-28T20:56:41.962809,INFO,payment,Request OK
2026-01-28T20:56:42.166620,INFO,payment,Request OK
2026-01-28T20:56:42.369092,INFO,auth,User login
2026-01-28T20:56:42.572333,INFO,orders,Cache hit
2026-01-28T20:56:42.774937,WARN,search,Request OK
2026-01-28T20:56:42.977751,ERROR,auth,DB failure
2026-01-28T20:56:43.179839,INFO,payment,Request OK
2026-01-28T20:56:43.382578,INFO,payment,User login
2026-01-28T20:56:43.585316,INFO,auth,User login
2026-01-28T20:56:43.789466,ERROR,auth,DB failure
2026-01-28T20:56:43.991936,INFO,auth,Request OK
2026-01-28T20:56:44.194473,INFO,payment,Request OK
2026-01-28T20:56:44.397517,WARN,orders,Cache hit
2026-01-28T20:56:44.599735,INFO,orders,User login
2026-01-28T20:56:44.802801,INFO,auth,User login
2026-01-28T20:56:45.007989,INFO,payment,Request OK
2026-01-28T20:56:45.210920,WARN,payment,Request OK
2026-01-28T20:56:45.413825,INFO,auth,Cache hit
2026-01-28T20:56:45.615887,INFO,auth,User login
2026-01-28T20:56:45.819550,INFO,auth,User login
2026-01-28T20:56:46.022027,INFO,payment,User login
2026-01-28T20:56:46.225045,ERROR,auth,DB failure
2026-01-28T20:56:46.428204,INFO,search,Request OK
2026-01-28T20:56:46.630388,INFO,orders,Request OK
2026-01-28T20:56:46.834477,INFO,auth,Request OK
2026-01-28T20:56:47.036519,INFO,search,Cache hit
2026-01-28T20:56:47.238497,INFO,payment,Cache hit
2026-01-28T20:56:47.442187,INFO,search,Cache hit
2026-01-28T20:56:47.644141,INFO,payment,Request OK
2026-01-28T20:56:47.846889,INFO,payment,User login
2026-01-28T20:56:48.048813,INFO,payment,Cache hit
2026-01-28T20:56:48.260644,WARN,payment,User login
2026-01-28T20:56:48.463780,ERROR,auth,Null pointer
2026-01-28T20:56:48.667940,INFO,auth,Request OK
2026-01-28T20:56:48.870954,INFO,orders,Cache hit
2026-01-28T20:56:49.073524,INFO,orders,User login
2026-01-28T20:56:49.276050,INFO,payment,Cache hit
2026-01-28T20:56:49.478647,INFO,auth,User login
2026-01-28T20:56:49.682726,INFO,payment,Request OK
2026-01-28T20:56:49.884671,INFO,search,Cache hit
2026-01-28T20:56:50.087488,INFO,orders,Request OK
2026-01-28T20:56:50.290256,INFO,orders,Cache hit
2026-01-28T20:56:50.492143,INFO,search,User login
2026-01-28T20:56:50.694796,ERROR,auth,DB failure
2026-01-28T20:56:50.897977,INFO,payment,Request OK
2026-01-28T20:56:51.100330,INFO,orders,User login
2026-01-28T20:56:51.302849,WARN,orders,Request OK
2026-01-28T20:56:51.505274,INFO,orders,Cache hit
2026-01-28T20:56:51.708026,INFO,orders,Request OK
2026-01-28T20:56:51.911031,INFO,auth,User login
2026-01-28T20:56:52.114420,INFO,payment,Cache hit
2026-01-28T20:56:52.317968,INFO,search,User login
2026-01-28T20:56:52.521203,WARN,orders,Request OK
2026-01-28T20:56:52.723114,INFO,payment,Cache hit
2026-01-28T20:56:52.925778,INFO,search,Cache hit
2026-01-28T20:56:53.128356,INFO,search,User login
2026-01-28T20:56:53.330530,INFO,orders,User login
2026-01-28T20:56:53.532694,INFO,auth,Cache hit
2026-01-28T20:56:53.734517,INFO,search,User login
2026-01-28T20:56:53.936588,INFO,payment,User login
2026-01-28T20:56:54.139331,INFO,orders,Request OK
2026-01-28T20:56:54.341503,INFO,payment,User login
2026-01-28T20:56:54.544439,INFO,search,User login
2026-01-28T20:56:54.746335,WARN,payment,Cache hit
2026-01-28T20:56:54.949086,INFO,payment,User login
2026-01-28T20:56:55.151811,INFO,auth,User login
2026-01-28T20:56:55.354487,INFO,orders,Cache hit
2026-01-28T20:56:55.557867,INFO,payment,Request OK
2026-01-28T20:56:55.760189,INFO,auth,Cache hit
2026-01-28T20:56:55.962429,INFO,auth,Request OK
2026-01-28T20:56:56.164529,INFO,auth,Request OK
2026-01-28T20:56:56.367173,INFO,orders,Cache hit
2026-01-28T20:56:56.569495,WARN,orders,Request OK
2026-01-28T20:56:56.772268,INFO,auth,User login
2026-01-28T20:56:56.975419,INFO,orders,Cache hit
2026-01-28T20:56:57.178211,INFO,payment,User login
2026-01-28T20:56:57.380595,INFO,auth,Request OK
2026-01-28T20:56:57.582965,INFO,payment,Cache hit
2026-01-28T20:56:57.785673,INFO,search,Request OK
2026-01-28T20:56:57.990125,INFO,search,User login
2026-01-28T20:56:58.192130,INFO,orders,Request OK
2026-01-28T20:56:58.394696,INFO,orders,Cache hit
2026-01-28T20:56:58.598325,INFO,search,Request OK
2026-01-28T20:56:58.801097,INFO,orders,User login
2026-01-28T20:56:59.003287,INFO,payment,Request OK
2026-01-28T20:56:59.204985,INFO,auth,User login
2026-01-28T20:56:59.407545,ERROR,auth,Null pointer
2026-01-28T20:56:59.610083,INFO,payment,Request OK
2026-01-28T20:56:59.812318,INFO,auth,User login
2026-01-28T20:57:00.014463,INFO,payment,User login
2026-01-28T20:57:00.217158,INFO,orders,User login
2026-01-28T20:57:00.419459,INFO,payment,Cache hit
2026-01-28T20:57:00.621155,INFO,auth,Request OK
2026-01-28T20:57:00.823343,WARN,search,Cache hit
2026-01-28T20:57:01.026219,ERROR,orders,Timeout
2026-01-28T20:57:01.228230,WARN,search,Request OK
2026-01-28T20:57:01.429915,WARN,payment,User login
2026-01-28T20:57:01.631537,INFO,auth,Request OK
2026-01-28T20:57:01.833340,INFO,auth,Request OK
2026-01-28T20:57:02.035749,INFO,payment,Cache hit
2026-01-28T20:57:02.237583,WARN,payment,Request OK
2026-01-28T20:57:02.439303,INFO,orders,Request OK
2026-01-28T20:57:02.640498,INFO,search,Cache hit
2026-01-28T20:57:02.842543,WARN,auth,Request OK
2026-01-28T20:57:03.044979,INFO,search,User login
2026-01-28T20:57:03.247204,WARN,auth,Request OK
2026-01-28T20:57:03.450395,INFO,auth,User login
2026-01-28T20:57:03.654272,INFO,search,Cache hit
2026-01-28T20:57:03.857130,INFO,auth,Cache hit
2026-01-28T20:57:04.059036,WARN,search,Cache hit
2026-01-28T20:57:04.261235,ERROR,auth,Null pointer
2026-01-28T20:57:04.464005,ERROR,payment,DB failure
2026-01-28T20:57:04.666600,INFO,payment,Cache hit
2026-01-28T20:57:04.869752,INFO,payment,Request OK
2026-01-28T20:57:05.072426,INFO,payment,Request OK
2026-01-28T20:57:05.275160,INFO,payment,Cache hit
2026-01-28T20:57:05.477408,INFO,payment,Request OK
2026-01-28T20:57:05.679552,INFO,auth,Cache hit
2026-01-28T20:57:05.881600,INFO,search,Cache hit
2026-01-28T20:57:06.137267,WARN,auth,Cache hit
2026-01-28T20:57:06.340124,INFO,payment,Cache hit
2026-01-28T20:57:06.542207,INFO,payment,User login
2026-01-28T20:57:06.744882,WARN,search,User login
2026-01-28T20:57:06.947824,INFO,payment,User login
2026-01-28T20:57:07.150789,INFO,search,Request OK
2026-01-28T20:57:07.352975,WARN,search,Cache hit
2026-01-28T20:57:07.556453,INFO,orders,User login
2026-01-28T20:57:07.759268,INFO,payment,Request OK
2026-01-28T20:57:07.961729,ERROR,auth,Timeout
2026-01-28T20:57:08.163560,INFO,orders,User login
2026-01-28T20:57:08.366109,INFO,payment,User login
2026-01-28T20:57:08.568364,INFO,payment,User login
2026-01-28T20:57:08.770762,INFO,orders,User login
2026-01-28T20:57:08.973432,INFO,search,Cache hit
2026-01-28T20:57:09.176853,INFO,search,Request OK
2026-01-28T20:57:09.379253,WARN,payment,Cache hit
2026-01-28T20:57:09.583064,INFO,auth,Request OK
2026-01-28T20:57:09.786366,INFO,payment,User login
2026-01-28T20:57:09.989085,INFO,auth,Request OK
2026-01-28T20:57:10.191455,ERROR,search,Null pointer
2026-01-28T20:57:10.393516,ERROR,search,Null pointer
2026-01-28T20:57:10.595607,INFO,search,Request OK
2026-01-28T20:57:10.797941,INFO,search,User login
2026-01-28T20:57:11.000786,INFO,payment,User login
2026-01-28T20:57:11.203866,INFO,auth,User login
2026-01-28T20:57:11.406707,INFO,auth,Cache hit
2026-01-28T20:57:11.608357,INFO,auth,User login
2026-01-28T20:57:11.810899,WARN,auth,Request OK
2026-01-28T20:57:12.013051,WARN,search,User login
2026-01-28T20:57:12.215456,INFO,search,User login
2026-01-28T20:57:12.417017,INFO,search,User login
2026-01-28T20:57:12.619517,ERROR,search,DB failure
2026-01-28T20:57:12.822525,INFO,search,Cache hit
2026-01-28T20:57:13.025548,INFO,payment,Request OK
2026-01-28T20:57:13.227465,INFO,orders,User login
2026-01-28T20:57:13.429717,INFO,auth,Cache hit
2026-01-28T20:57:13.632088,INFO,search,Request OK
2026-01-28T20:57:13.833810,INFO,payment,Request OK
2026-01-28T20:57:14.036832,INFO,orders,Cache hit
2026-01-28T20:57:14.239310,INFO,payment,User login
2026-01-28T20:57:14.442260,WARN,payment,Request OK
2026-01-28T20:57:14.645674,ERROR,orders,DB failure
2026-01-28T20:57:14.847414,INFO,search,Cache hit
2026-01-28T20:57:15.049919,WARN,orders,User login
2026-01-28T20:57:15.251749,INFO,search,Request OK
2026-01-28T20:57:15.455737,INFO,payment,Cache hit
2026-01-28T20:57:15.658059,WARN,auth,User login
2026-01-28T20:57:15.860632,ERROR,auth,Null pointer
2026-01-28T20:57:16.062910,INFO,orders,User login
2026-01-28T20:57:16.265989,INFO,auth,Request OK
2026-01-28T20:57:16.467525,INFO,orders,Cache hit
2026-01-28T20:57:16.670478,WARN,payment,Cache hit
2026-01-28T20:57:16.872641,INFO,search,Request OK
2026-01-28T20:57:17.074477,INFO,search,Request OK
2026-01-28T20:57:17.277929,ERROR,orders,Timeout
2026-01-28T20:57:17.479459,INFO,orders,User login
2026-01-28T20:57:17.682477,INFO,search,Request OK
2026-01-28T20:57:17.885217,INFO,search,Request OK
2026-01-28T20:57:18.087878,ERROR,search,Null pointer
2026-01-28T20:57:18.290014,INFO,auth,Request OK
2026-01-28T20:57:18.492026,INFO,payment,Cache hit
2026-01-28T20:57:18.694271,WARN,auth,Cache hit
2026-01-28T20:57:18.899487,INFO,search,Cache hit
2026-01-28T20:57:19.101955,INFO,payment,Request OK
2026-01-28T20:57:19.304300,INFO,search,Cache hit
2026-01-28T20:57:19.507055,ERROR,search,Null pointer
2026-01-28T20:57:19.709396,INFO,orders,Cache hit
2026-01-28T20:57:19.911104,INFO,orders,Cache hit
2026-01-28T20:57:20.114079,INFO,search,User login
2026-01-28T20:57:20.316702,ERROR,orders,Timeout
2026-01-28T20:57:20.523575,INFO,auth,User login
2026-01-28T20:57:20.730440,INFO,auth,Request OK
2026-01-28T20:57:20.933580,INFO,search,User login
2026-01-28T20:57:21.136071,INFO,orders,Request OK
2026-01-28T20:57:21.339492,INFO,payment,Request OK
2026-01-28T20:57:21.541314,INFO,payment,Request OK
2026-01-28T20:57:21.743625,WARN,search,Cache hit
2026-01-28T20:57:21.945630,INFO,orders,User login
2026-01-28T20:57:22.147565,INFO,search,Cache hit
2026-01-28T20:57:22.350435,INFO,payment,Cache hit
2026-01-28T20:57:22.552736,INFO,payment,Cache hit
2026-01-28T20:57:23.449853,INFO,auth,Cache hit
2026-01-28T20:57:23.651979,ERROR,search,Null pointer
2026-01-28T20:57:23.855551,INFO,orders,User login
2026-01-28T20:57:24.058760,INFO,auth,Cache hit
2026-01-28T20:57:24.260815,INFO,orders,Cache hit
2026-01-28T20:57:24.463212,INFO,search,Cache hit
2026-01-28T20:57:24.665726,INFO,orders,User login
2026-01-28T20:57:24.869398,INFO,payment,Request OK
2026-01-28T20:57:25.071352,INFO,search,User login
2026-01-28T20:57:25.273552,INFO,search,User login
2026-01-28T20:57:25.475307,INFO,auth,Request OK
2026-01-28T20:57:25.677148,INFO,payment,Request OK
2026-01-28T20:57:25.879221,INFO,payment,User login
2026-01-28T20:57:26.081557,ERROR,search,Timeout
2026-01-28T20:57:26.284433,WARN,auth,User login
2026-01-28T20:57:26.488062,WARN,auth,User login
2026-01-28T20:57:26.690999,INFO,search,User login
2026-01-28T20:57:26.892891,INFO,search,Cache hit
2026-01-28T20:57:27.095157,INFO,search,Request OK
2026-01-28T20:57:27.297272,INFO,orders,Cache hit
2026-01-28T20:57:27.499612,INFO,auth,User login
2026-01-28T20:57:27.702074,WARN,auth,Request OK
2026-01-28T20:57:27.906100,INFO,orders,User login
2026-01-28T20:57:28.109811,INFO,orders,Cache hit
2026-01-28T20:57:28.312607,INFO,search,Cache hit
2026-01-28T20:57:28.515143,INFO,auth,User login
2026-01-28T20:57:28.717800,INFO,orders,Cache hit
2026-01-28T20:57:28.921135,INFO,orders,Cache hit
2026-01-28T20:57:29.123372,INFO,search,Cache hit
2026-01-28T20:57:29.325877,WARN,orders,User login
2026-01-28T20:57:29.528111,INFO,orders,Request OK
2026-01-28T20:57:29.730139,INFO,search,Cache hit
2026-01-28T20:57:29.932662,WARN,auth,User login
2026-01-28T20:57:30.135113,INFO,auth,Request OK
2026-01-28T20:57:30.337387,ERROR,orders,Timeout
2026-01-28T20:57:30.540095,INFO,orders,Cache hit
2026-01-28T20:57:30.744415,INFO,orders,Request OK
2026-01-28T20:57:30.947557,INFO,orders,Request OK
2026-01-28T20:57:31.150835,INFO,orders,User login
2026-01-28T20:57:31.354134,INFO,search,User login
2026-01-28T20:57:31.558546,ERROR,auth,Timeout
2026-01-28T20:57:31.762016,INFO,auth,User login
2026-01-28T20:57:31.964815,INFO,auth,User login
2026-01-28T20:57:32.171089,INFO,payment,Cache hit
2026-01-28T20:57:32.376304,INFO,auth,User login
2026-01-28T20:57:32.582812,ERROR,search,Null pointer
2026-01-28T20:57:32.786621,INFO,orders,Request OK
2026-01-28T20:57:32.989252,INFO,payment,User login
2026-01-28T20:57:33.194056,ERROR,auth,Null pointer
2026-01-28T20:57:33.396373,INFO,orders,User login
2026-01-28T20:57:33.601774,ERROR,search,DB failure
2026-01-28T20:57:33.804053,INFO,payment,Cache hit
2026-01-28T20:57:34.006342,INFO,orders,User login
2026-01-28T20:57:34.208839,INFO,search,Cache hit
2026-01-28T20:57:34.416958,ERROR,payment,Null pointer
2026-01-28T20:57:34.619344,INFO,search,Request OK
2026-01-28T20:57:34.825675,INFO,search,User login
2026-01-28T20:57:35.031432,INFO,auth,User login
2026-01-28T20:57:35.236921,INFO,auth,Cache hit
2026-01-28T20:57:35.447369,ERROR,auth,Null pointer
2026-01-28T20:57:35.653119,INFO,auth,Cache hit
2026-01-28T20:57:35.856266,INFO,payment,Cache hit
2026-01-28T20:57:36.066060,INFO,auth,Cache hit
2026-01-28T20:57:36.276643,INFO,orders,Request OK
2026-01-28T20:57:36.484127,INFO,orders,Request OK
2026-01-28T20:57:36.691460,INFO,orders,User login
2026-01-28T20:57:36.901594,INFO,orders,Cache hit
2026-01-28T20:57:37.107137,INFO,auth,User login
2026-01-28T20:57:37.309403,INFO,orders,Cache hit
2026-01-28T20:57:37.514204,INFO,auth,User login
2026-01-28T20:57:37.723545,INFO,orders,User login
2026-01-28T20:57:37.941151,INFO,orders,Cache hit
2026-01-28T20:57:38.147853,INFO,auth,Cache hit
2026-01-28T20:57:38.352869,INFO,payment,Request OK
2026-01-28T20:57:38.555671,ERROR,search,Null pointer
2026-01-28T20:57:38.757340,INFO,auth,Request OK
2026-01-28T20:57:38.959787,INFO,auth,Request OK
2026-01-28T20:57:39.167989,INFO,search,Request OK
2026-01-28T20:57:39.376983,WARN,search,User login
2026-01-28T20:57:39.579086,INFO,auth,Cache hit
2026-01-28T20:57:39.781754,INFO,orders,Request OK
2026-01-28T20:57:39.984034,INFO,auth,Request OK
2026-01-28T20:57:40.186246,INFO,auth,Request OK
2026-01-28T20:57:40.388685,INFO,auth,Cache hit
2026-01-28T20:57:40.592878,INFO,payment,Request OK
2026-01-28T20:57:40.797473,INFO,payment,User login
2026-01-28T20:57:41.017135,INFO,auth,Cache hit
2026-01-28T20:57:41.222995,INFO,search,User login
2026-01-28T20:57:41.428119,WARN,orders,User login
2026-01-28T20:57:41.630445,WARN,auth,Cache hit
2026-01-28T20:57:41.833061,INFO,search,Request OK
2026-01-28T20:57:42.037324,INFO,orders,Cache hit
2026-01-28T20:57:42.243535,INFO,search,Request OK
2026-01-28T20:57:42.450782,INFO,auth,Request OK
2026-01-28T20:57:42.657766,INFO,auth,User login
2026-01-28T20:57:42.860586,INFO,orders,Request OK
2026-01-28T20:57:43.062955,INFO,orders,Cache hit
2026-01-28T20:57:43.265927,INFO,auth,Request OK
2026-01-28T20:57:43.468911,INFO,auth,Cache hit
2026-01-28T20:57:43.696955,INFO,payment,Cache hit
2026-01-28T20:57:43.904786,INFO,search,Request OK
2026-01-28T20:57:44.107248,INFO,orders,Request OK
2026-01-28T20:57:44.310252,INFO,auth,Cache hit
2026-01-28T20:57:44.513559,INFO,orders,Cache hit
2026-01-28T20:57:44.719004,INFO,payment,Cache hit
2026-01-28T20:57:44.921216,INFO,orders,User login
2026-01-28T20:57:45.123794,INFO,orders,Cache hit
2026-01-28T20:57:45.326049,INFO,auth,Cache hit
2026-01-28T20:57:45.528327,INFO,orders,Request OK
2026-01-28T20:57:45.731265,INFO,auth,User login
2026-01-28T20:57:45.934367,INFO,auth,Cache hit
2026-01-28T20:57:46.136704,INFO,payment,User login
2026-01-28T20:57:46.339387,INFO,search,User login
2026-01-28T20:57:46.542331,INFO,payment,User login
2026-01-28T20:57:46.745615,INFO,payment,User login
2026-01-28T20:57:46.948453,INFO,payment,Request OK
2026-01-28T20:57:47.151538,INFO,search,Request OK
2026-01-28T20:57:47.353582,INFO,auth,Request OK
2026-01-28T20:57:47.556888,INFO,auth,Request OK
2026-01-28T20:57:47.759167,WARN,auth,User login
2026-01-28T20:57:47.961763,INFO,payment,Cache hit
2026-01-28T20:57:48.164624,INFO,payment,Request OK
2026-01-28T20:57:48.367548,INFO,orders,Cache hit
2026-01-28T20:57:48.570166,INFO,search,User login
2026-01-28T20:57:48.773616,INFO,search,Cache hit
2026-01-28T20:57:48.976721,INFO,auth,Cache hit
2026-01-28T20:57:49.178880,WARN,auth,Cache hit
2026-01-28T20:57:49.382599,INFO,orders,Request OK
2026-01-28T20:57:49.585838,INFO,orders,User login
2026-01-28T20:57:49.788527,INFO,search,Request OK
2026-01-28T20:57:49.990970,INFO,search,Request OK
2026-01-28T20:57:50.193419,INFO,auth,User login
2026-01-28T20:57:50.395694,INFO,auth,Cache hit
2026-01-28T20:57:50.597700,INFO,payment,Cache hit
2026-01-28T20:57:50.800047,ERROR,orders,Null pointer
2026-01-28T20:57:51.002226,INFO,auth,Request OK
2026-01-28T20:57:51.204446,INFO,orders,Request OK
2026-01-28T20:57:51.406266,INFO,orders,Request OK
2026-01-28T20:57:51.609441,INFO,payment,Request OK
2026-01-28T20:57:51.812815,INFO,search,Cache hit
2026-01-28T20:57:52.017112,INFO,payment,Cache hit
2026-01-28T20:57:52.221220,INFO,orders,User login
2026-01-28T20:57:52.423583,INFO,orders,User login
2026-01-28T20:57:52.626467,INFO,payment,Request OK
2026-01-28T20:57:52.828705,INFO,payment,User login
2026-01-28T20:57:53.031975,INFO,search,Request OK
2026-01-28T20:57:53.234646,INFO,auth,User login
2026-01-28T20:57:53.436687,WARN,search,User login
2026-01-28T20:57:53.638698,INFO,search,User login
2026-01-28T20:57:53.840714,INFO,search,Request OK
2026-01-28T20:57:54.042447,WARN,payment,User login
2026-01-28T20:57:54.244572,INFO,payment,Request OK
2026-01-28T20:57:54.446398,INFO,search,Request OK
2026-01-28T20:57:54.648499,ERROR,orders,Null pointer
2026-01-28T20:57:54.851161,INFO,search,User login
2026-01-28T20:57:55.056397,INFO,search,Cache hit
2026-01-28T20:57:55.260083,ERROR,search,DB failure
2026-01-28T20:57:55.462696,INFO,orders,User login
2026-01-28T20:57:55.665590,INFO,payment,User login
2026-01-28T20:57:55.868164,INFO,payment,User login
2026-01-28T20:57:56.070495,INFO,auth,Cache hit
2026-01-28T20:57:56.272755,INFO,payment,Request OK
2026-01-28T20:57:56.475313,INFO,search,Request OK
2026-01-28T20:57:56.678759,INFO,orders,Request OK
2026-01-28T20:57:56.882847,INFO,orders,Request OK
2026-01-28T20:57:57.085071,INFO,orders,User login
2026-01-28T20:57:57.286851,INFO,search,Cache hit
2026-01-28T20:57:57.489169,INFO,auth,Cache hit
2026-01-28T20:57:57.691614,INFO,payment,User login
2026-01-28T20:57:57.898714,INFO,orders,User login
2026-01-28T20:57:58.100919,WARN,orders,Request OK
2026-01-28T20:57:58.303175,WARN,payment,User login
2026-01-28T20:57:58.505374,WARN,search,Cache hit
2026-01-28T20:57:58.707734,ERROR,search,Null pointer
2026-01-28T20:57:58.910974,INFO,payment,User login
2026-01-28T20:57:59.113126,ERROR,payment,Timeout
2026-01-28T20:57:59.315087,ERROR,payment,DB failure
2026-01-28T20:57:59.523207,INFO,payment,Cache hit
2026-01-28T20:57:59.725721,INFO,orders,Cache hit
2026-01-28T20:57:59.928919,ERROR,search,DB failure
2026-01-28T20:58:00.131250,INFO,search,Request OK
2026-01-28T20:58:00.333530,INFO,orders,User login
2026-01-28T20:58:00.536318,INFO,search,Request OK
2026-01-28T20:58:00.739144,INFO,orders,Request OK
2026-01-28T20:58:00.943207,INFO,auth,Request OK
2026-01-28T20:58:01.180532,INFO,search,User login
2026-01-28T20:58:01.383545,INFO,orders,Request OK
2026-01-28T20:58:01.586549,INFO,auth,Cache hit
2026-01-28T20:58:01.788559,INFO,auth,Request OK
2026-01-28T20:58:01.993969,INFO,search,User login
2026-01-28T20:58:02.197454,WARN,search,User login
2026-01-28T20:58:02.400629,INFO,auth,User login
2026-01-28T20:58:02.603475,INFO,search,User login
2026-01-28T20:58:02.807598,INFO,search,Request OK
2026-01-28T20:58:03.010371,WARN,auth,User login
2026-01-28T20:58:03.212885,WARN,search,User login
2026-01-28T20:58:03.415927,INFO,search,Cache hit
2026-01-28T20:58:03.618424,INFO,payment,Request OK
2026-01-28T20:58:03.821590,INFO,payment,Request OK
2026-01-28T20:58:04.024150,INFO,search,Request OK
2026-01-28T20:58:04.226132,INFO,payment,User login
2026-01-28T20:58:04.429373,INFO,payment,User login
2026-01-28T20:58:04.631634,ERROR,orders,Timeout
2026-01-28T20:58:04.834565,INFO,orders,User login
2026-01-28T20:58:05.036377,INFO,orders,User login
2026-01-28T20:58:05.238537,INFO,orders,Request OK
2026-01-28T20:58:05.440760,INFO,auth,Cache hit
2026-01-28T20:58:05.642555,ERROR,payment,Timeout
2026-01-28T20:58:05.845478,INFO,search,Cache hit
2026-01-28T20:58:06.049316,INFO,orders,User login
2026-01-28T20:58:06.251207,INFO,auth,Cache hit
2026-01-28T20:58:06.452953,INFO,orders,Cache hit
2026-01-28T20:58:06.655384,INFO,orders,Request OK
2026-01-28T20:58:06.857682,INFO,auth,Request OK
2026-01-28T20:58:07.060027,INFO,search,Request OK
2026-01-28T20:58:07.262121,INFO,payment,User login
2026-01-28T20:58:07.465199,ERROR,auth,Timeout
2026-01-28T20:58:07.668354,INFO,orders,User login
2026-01-28T20:58:07.871321,INFO,auth,User login
2026-01-28T20:58:08.073945,INFO,payment,Request OK
2026-01-28T20:58:08.276406,INFO,orders,User login
2026-01-28T20:58:08.478333,INFO,search,User login
2026-01-28T20:58:08.680382,INFO,auth,Request OK
2026-01-28T20:58:08.882702,INFO,auth,Request OK
2026-01-28T20:58:09.084986,ERROR,search,DB failure
2026-01-28T20:58:09.286695,ERROR,search,Null pointer
2026-01-28T20:58:09.489201,INFO,search,Request OK
2026-01-28T20:58:09.691544,INFO,auth,Request OK
2026-01-28T20:58:09.894008,WARN,payment,User login
2026-01-28T20:58:10.096617,INFO,payment,Request OK
2026-01-28T20:58:10.298955,INFO,auth,Request OK
2026-01-28T20:58:10.501383,INFO,payment,Request OK
2026-01-28T20:58:10.703780,WARN,search,Cache hit
2026-01-28T20:58:10.906190,INFO,orders,Cache hit
2026-01-28T20:58:11.108527,INFO,orders,User login
2026-01-28T20:58:11.311850,INFO,auth,User login
2026-01-28T20:58:11.514536,ERROR,payment,DB failure
2026-01-28T20:58:11.717092,ERROR,search,Null pointer
2026-01-28T20:58:11.919584,INFO,orders,Cache hit
2026-01-28T20:58:12.121810,INFO,orders,Cache hit
2026-01-28T20:58:12.325891,INFO,search,Request OK
2026-01-28T20:58:12.528290,INFO,auth,Request OK
2026-01-28T20:58:12.730917,WARN,payment,Request OK
2026-01-28T20:58:12.933121,INFO,payment,Cache hit
2026-01-28T20:58:13.135064,INFO,search,Request OK
2026-01-28T20:58:13.337372,INFO,payment,User login
2026-01-28T20:58:13.539699,ERROR,search,Timeout
2026-01-28T20:58:13.741774,INFO,search,Cache hit
2026-01-28T20:58:13.944277,INFO,orders,Cache hit
2026-01-28T20:58:14.152926,WARN,orders,User login
2026-01-28T20:58:14.356064,WARN,orders,User login
2026-01-28T20:58:14.558464,INFO,orders,User login
2026-01-28T20:58:14.760361,INFO,auth,Cache hit
2026-01-28T20:58:14.963264,INFO,payment,User login
2026-01-28T20:58:15.165229,INFO,orders,Cache hit
2026-01-28T20:58:15.367986,INFO,orders,User login
2026-01-28T20:58:15.571331,INFO,search,Cache hit
2026-01-28T20:58:15.774385,INFO,orders,Request OK
2026-01-28T20:58:15.976784,WARN,auth,Request OK
2026-01-28T20:58:16.180114,ERROR,auth,Timeout
2026-01-28T20:58:16.382856,INFO,auth,Request OK
2026-01-28T20:58:16.585820,INFO,payment,Request OK
2026-01-28T20:58:16.791749,INFO,payment,Request OK
2026-01-28T20:58:16.995066,ERROR,orders,Null pointer
2026-01-28T20:58:17.197354,INFO,orders,Request OK
2026-01-28T20:58:17.400214,INFO,payment,Cache hit
2026-01-28T20:58:17.602642,INFO,search,User login
2026-01-28T20:58:17.806028,INFO,payment,User login
2026-01-28T20:58:18.009584,WARN,payment,Cache hit
2026-01-28T20:58:18.212111,INFO,payment,User login
2026-01-28T20:58:18.414029,INFO,payment,Request OK
2026-01-28T20:58:18.616068,ERROR,orders,Null pointer
2026-01-28T20:58:18.818344,INFO,auth,Cache hit
2026-01-28T20:58:19.021177,WARN,payment,User login
2026-01-28T20:58:19.223540,WARN,search,Request OK
2026-01-28T20:58:19.425910,INFO,payment,Request OK
2026-01-28T20:58:19.627741,INFO,search,User login
2026-01-28T20:58:19.829795,INFO,search,User login
2026-01-28T20:58:20.032230,INFO,orders,User login
2026-01-28T20:58:20.234185,INFO,orders,User login
2026-01-28T20:58:20.435753,INFO,payment,User login
2026-01-28T20:58:20.638717,INFO,auth,Cache hit
2026-01-28T20:58:20.841875,INFO,search,Cache hit
2026-01-28T20:58:21.044861,INFO,auth,Request OK
2026-01-28T20:58:21.247937,INFO,orders,User login
2026-01-28T20:58:21.451350,INFO,search,Cache hit
2026-01-28T20:58:21.653694,ERROR,auth,Null pointer
2026-01-28T20:58:21.855897,INFO,payment,Request OK
2026-01-28T20:58:22.058443,INFO,auth,Request OK
2026-01-28T20:58:22.260754,ERROR,orders,DB failure
2026-01-28T20:58:22.462756,INFO,auth,Request OK
2026-01-28T20:58:22.665067,WARN,auth,Cache hit
2026-01-28T20:58:22.867510,INFO,orders,Request OK
2026-01-28T20:58:23.070499,INFO,auth,Cache hit
2026-01-28T20:58:23.272974,WARN,payment,User login
2026-01-28T20:58:23.475716,INFO,auth,User login
2026-01-28T20:58:23.678577,INFO,payment,User login
2026-01-28T20:58:23.881331,INFO,search,User login
2026-01-28T20:58:24.084701,INFO,payment,Cache hit
2026-01-28T20:58:24.287057,INFO,orders,User login
2026-01-28T20:58:24.489700,INFO,auth,Request OK
2026-01-28T20:58:24.691672,INFO,orders,Cache hit
2026-01-28T20:58:24.894279,INFO,auth,Cache hit
2026-01-28T20:58:25.096865,INFO,search,Request OK
2026-01-28T20:58:25.299758,INFO,search,User login
2026-01-28T20:58:25.502021,INFO,auth,Request OK
2026-01-28T20:58:25.704255,INFO,auth,Request OK
2026-01-28T20:58:25.906367,INFO,search,User login
2026-01-28T20:58:26.108479,INFO,auth,Request OK
2026-01-28T20:58:26.310725,INFO,payment,Request OK
2026-01-28T20:58:26.513382,INFO,orders,Request OK
2026-01-28T20:58:26.715685,INFO,payment,Request OK
2026-01-28T20:58:26.917957,INFO,auth,User login
2026-01-28T20:58:27.120737,INFO,orders,Cache hit
2026-01-28T20:58:27.322810,INFO,payment,User login
2026-01-28T20:58:27.525137,ERROR,auth,Null pointer
2026-01-28T20:58:27.727431,ERROR,auth,Null pointer
2026-01-28T20:58:27.929755,INFO,search,Request OK
2026-01-28T20:58:28.132198,INFO,payment,User login
2026-01-28T20:58:28.335620,INFO,orders,Cache hit
2026-01-28T20:58:28.537612,INFO,payment,Request OK
2026-01-28T20:58:28.741563,INFO,payment,Request OK
2026-01-28T20:58:28.943956,INFO,auth,Cache hit
2026-01-28T20:58:29.146001,WARN,orders,User login
2026-01-28T20:58:29.348442,INFO,orders,User login
2026-01-28T20:58:29.551054,INFO,payment,Request OK
2026-01-28T20:58:29.753894,WARN,payment,Request OK
2026-01-28T20:58:29.956203,INFO,orders,User login
2026-01-28T20:58:30.159184,INFO,payment,Request OK
2026-01-28T20:58:30.361965,INFO,payment,Cache hit
2026-01-28T20:58:30.564679,WARN,auth,Cache hit
2026-01-28T20:58:30.767149,INFO,search,User login
2026-01-28T20:58:30.969608,INFO,orders,Cache hit
2026-01-28T20:58:31.172513,WARN,auth,User login
2026-01-28T20:58:31.375342,INFO,auth,Cache hit
2026-01-28T20:58:31.577165,ERROR,auth,Null pointer
2026-01-28T20:58:31.780726,INFO,orders,Request OK
2026-01-28T20:58:31.982856,INFO,orders,Request OK
2026-01-28T20:58:32.186590,INFO,auth,User login
2026-01-28T20:58:32.390794,INFO,auth,User login
2026-01-28T20:58:32.592775,INFO,auth,Cache hit
2026-01-28T20:58:32.796448,ERROR,orders,DB failure
2026-01-28T20:58:32.999577,INFO,search,Cache hit
2026-01-28T20:58:33.202516,INFO,payment,User login
2026-01-28T20:58:33.404650,INFO,orders,Request OK
2026-01-28T20:58:33.607138,INFO,orders,Cache hit
2026-01-28T20:58:33.810314,INFO,auth,Cache hit
2026-01-28T20:58:34.014923,INFO,payment,User login
2026-01-28T20:58:34.217179,INFO,search,Cache hit
2026-01-28T20:58:34.420683,ERROR,payment,Null pointer
2026-01-28T20:58:34.623146,INFO,payment,Cache hit
2026-01-28T20:58:34.826417,INFO,auth,Request OK
2026-01-28T20:58:35.028505,WARN,auth,User login
2026-01-28T20:58:35.231154,WARN,search,Request OK
2026-01-28T20:58:35.433773,INFO,auth,Cache hit
2026-01-28T20:58:35.636387,INFO,payment,Request OK
2026-01-28T20:58:35.846050,INFO,orders,Cache hit
2026-01-28T20:58:36.049065,INFO,search,Request OK
2026-01-28T20:58:36.251245,ERROR,auth,Timeout
2026-01-28T20:58:36.454151,INFO,auth,Cache hit
2026-01-28T20:58:36.656845,INFO,orders,Cache hit
2026-01-28T20:58:36.859846,ERROR,orders,Null pointer
2026-01-28T20:58:37.063222,INFO,search,Request OK
2026-01-28T20:58:37.266169,WARN,orders,User login
2026-01-28T20:58:37.468493,INFO,orders,Cache hit
2026-01-28T20:58:37.671691,INFO,search,User login
2026-01-28T20:58:37.874741,INFO,orders,Cache hit
2026-01-28T20:58:38.077859,INFO,payment,Cache hit
2026-01-28T20:58:38.279995,INFO,search,User login
2026-01-28T20:58:38.483048,WARN,auth,Request OK
2026-01-28T20:58:38.684941,INFO,orders,User login
2026-01-28T20:58:38.887327,INFO,search,User login
2026-01-28T20:58:39.090026,ERROR,search,DB failure
2026-01-28T20:58:39.292812,INFO,payment,Cache hit
2026-01-28T20:58:39.496204,INFO,auth,Request OK
2026-01-28T20:58:39.699080,ERROR,search,Timeout
2026-01-28T20:58:39.902799,INFO,search,Request OK
2026-01-28T20:58:40.104659,INFO,orders,User login
2026-01-28T20:58:40.307251,INFO,payment,User login
2026-01-28T20:58:40.509847,INFO,orders,Request OK
2026-01-28T20:58:40.711754,INFO,orders,Request OK
2026-01-28T20:58:40.914492,INFO,auth,Cache hit
2026-01-28T20:58:41.116406,WARN,auth,User login
2026-01-28T20:58:41.319272,INFO,payment,User login
2026-01-28T20:58:41.522336,ERROR,auth,Null pointer
2026-01-28T20:58:41.725894,INFO,orders,Cache hit
2026-01-28T20:58:41.928018,INFO,search,User login
2026-01-28T20:58:42.131006,INFO,orders,User login
2026-01-28T20:58:42.333986,INFO,payment,Cache hit
2026-01-28T20:58:42.535905,INFO,search,Cache hit
2026-01-28T20:58:42.737691,INFO,auth,Cache hit
2026-01-28T20:58:42.939542,ERROR,search,DB failure
2026-01-28T20:58:43.141798,INFO,search,Cache hit
2026-01-28T20:58:43.344691,INFO,orders,Request OK
2026-01-28T20:58:43.547146,INFO,orders,Cache hit
2026-01-28T20:58:43.749216,INFO,orders,User login
2026-01-28T20:58:43.952473,WARN,payment,User login
2026-01-28T20:58:44.155265,ERROR,payment,Null pointer
2026-01-28T20:58:44.359000,INFO,search,Request OK
2026-01-28T20:58:44.561996,INFO,search,Request OK
2026-01-28T20:58:44.765268,INFO,auth,User login
2026-01-28T20:58:44.968051,INFO,auth,Cache hit
2026-01-28T20:58:45.170647,INFO,payment,Request OK
2026-01-28T20:58:45.373564,WARN,auth,Cache hit
2026-01-28T20:58:45.575639,INFO,payment,User login
2026-01-28T20:58:45.777821,INFO,payment,Request OK
2026-01-28T20:58:45.980045,ERROR,payment,Null pointer
2026-01-28T20:58:46.182738,INFO,orders,Cache hit
2026-01-28T20:58:46.384835,INFO,search,Request OK
2026-01-28T20:58:46.587276,INFO,search,Cache hit
2026-01-28T20:58:46.790581,INFO,payment,User login
2026-01-28T20:58:46.993214,INFO,orders,Request OK
2026-01-28T20:58:47.195363,INFO,payment,Cache hit
2026-01-28T20:58:47.397931,INFO,orders,User login
2026-01-28T20:58:47.600392,INFO,orders,Request OK
2026-01-28T20:58:47.803353,INFO,orders,User login
2026-01-28T20:58:48.005453,ERROR,search,DB failure
2026-01-28T20:58:48.208083,INFO,search,User login
2026-01-28T20:58:48.411657,INFO,orders,Request OK
2026-01-28T20:58:48.615118,WARN,orders,Cache hit
2026-01-28T20:58:48.818110,INFO,auth,Request OK
2026-01-28T20:58:49.020520,INFO,auth,Request OK
2026-01-28T20:58:49.222760,INFO,search,User login
2026-01-28T20:58:49.425477,INFO,auth,User login
2026-01-28T20:58:49.627933,INFO,payment,Cache hit
2026-01-28T20:58:49.830591,INFO,auth,Cache hit
2026-01-28T20:58:50.033745,WARN,auth,User login
2026-01-28T20:58:50.235758,INFO,search,Request OK
2026-01-28T20:58:50.449504,INFO,auth,Request OK
2026-01-28T20:58:50.651764,INFO,search,Cache hit
2026-01-28T20:58:50.854265,INFO,search,User login
2026-01-28T20:58:51.056473,INFO,payment,Request OK
2026-01-28T20:58:51.258739,ERROR,payment,Null pointer
2026-01-28T20:58:51.461588,INFO,search,Request OK
2026-01-28T20:58:51.664746,INFO,orders,Request OK
2026-01-28T20:58:51.867383,ERROR,orders,Timeout
2026-01-28T20:58:52.069198,INFO,auth,User login
2026-01-28T20:58:52.272454,INFO,auth,Request OK
2026-01-28T20:58:52.475618,INFO,search,User login
2026-01-28T20:58:52.677500,INFO,auth,User login
2026-01-28T20:58:52.879649,INFO,search,User login
2026-01-28T20:58:53.082443,INFO,orders,Request OK
2026-01-28T20:58:53.284328,INFO,search,Request OK
2026-01-28T20:58:53.486540,WARN,auth,User login
2026-01-28T20:58:53.689247,INFO,payment,Request OK
2026-01-28T20:58:53.892739,INFO,auth,Request OK
2026-01-28T20:58:54.096643,INFO,payment,User login
2026-01-28T20:58:54.301186,ERROR,auth,Timeout
2026-01-28T20:58:54.503350,INFO,orders,Cache hit
2026-01-28T20:58:54.706325,INFO,orders,User login
2026-01-28T20:58:54.908191,INFO,orders,User login
2026-01-28T20:58:55.109786,INFO,auth,Cache hit
2026-01-28T20:58:55.311982,ERROR,payment,DB failure
2026-01-28T20:58:55.514357,ERROR,search,Null pointer
2026-01-28T20:58:55.716805,INFO,search,Request OK
2026-01-28T20:58:55.919215,INFO,payment,Cache hit
2026-01-28T20:58:56.121932,INFO,payment,Cache hit
2026-01-28T20:58:56.324003,INFO,payment,Cache hit
2026-01-28T20:58:56.526484,ERROR,auth,Null pointer
2026-01-28T20:58:56.728737,INFO,orders,User login
2026-01-28T20:58:56.930993,INFO,payment,User login
2026-01-28T20:58:57.133411,INFO,orders,Cache hit
2026-01-28T20:58:57.335638,INFO,auth,User login
2026-01-28T20:58:57.538228,INFO,search,Request OK
2026-01-28T20:58:57.741315,WARN,orders,Cache hit
2026-01-28T20:58:57.944238,INFO,payment,Request OK
2026-01-28T20:58:58.147438,INFO,search,Request OK
2026-01-28T20:58:58.349255,INFO,auth,Request OK
2026-01-28T20:58:58.551757,INFO,search,User login
2026-01-28T20:58:58.754615,INFO,payment,Cache hit
2026-01-28T20:58:58.956649,ERROR,search,DB failure
2026-01-28T20:58:59.158997,INFO,payment,User login
2026-01-28T20:58:59.363013,ERROR,search,Timeout
2026-01-28T20:58:59.565744,INFO,orders,Request OK
2026-01-28T20:58:59.768440,INFO,auth,Cache hit
2026-01-28T20:58:59.970597,INFO,auth,Cache hit
2026-01-28T20:59:00.172947,WARN,search,Cache hit
2026-01-28T20:59:00.376115,INFO,search,User login
2026-01-28T20:59:00.578221,INFO,orders,Cache hit
2026-01-28T20:59:00.780568,INFO,payment,User login
2026-01-28T20:59:00.982328,INFO,orders,User login
2026-01-28T20:59:01.185525,WARN,auth,Cache hit
2026-01-28T20:59:01.388190,INFO,orders,Cache hit
2026-01-28T20:59:01.590470,WARN,search,Request OK
2026-01-28T20:59:01.793203,INFO,search,Request OK
2026-01-28T20:59:01.995697,INFO,orders,User login
2026-01-28T20:59:02.199863,INFO,orders,Cache hit
2026-01-28T20:59:02.401905,INFO,search,User login
2026-01-28T20:59:02.604230,INFO,auth,Cache hit
2026-01-28T20:59:02.806853,INFO,payment,User login
2026-01-28T20:59:03.009809,INFO,payment,Request OK
2026-01-28T20:59:03.212016,ERROR,auth,Null pointer
2026-01-28T20:59:03.414558,INFO,search,Request OK
2026-01-28T20:59:03.619353,INFO,payment,Request OK
2026-01-28T20:59:03.823230,INFO,payment,Request OK
2026-01-28T20:59:04.025809,INFO,payment,Cache hit
2026-01-28T20:59:04.228435,INFO,search,Cache hit
2026-01-28T20:59:04.431901,INFO,auth,Cache hit
2026-01-28T20:59:04.634276,INFO,search,Cache hit
2026-01-28T20:59:04.837124,INFO,orders,Cache hit
2026-01-28T20:59:05.039544,INFO,search,User login
2026-01-28T20:59:05.241869,INFO,orders,Request OK
2026-01-28T20:59:05.443758,INFO,search,User login
2026-01-28T20:59:05.646268,INFO,orders,Request OK
2026-01-28T20:59:05.848349,INFO,payment,User login
2026-01-28T20:59:06.052318,INFO,payment,User login
2026-01-28T20:59:06.256823,INFO,search,Cache hit
2026-01-28T20:59:06.459920,ERROR,auth,DB failure
2026-01-28T20:59:06.662364,INFO,orders,Request OK
2026-01-28T20:59:06.864775,INFO,search,User login
2026-01-28T20:59:07.067217,INFO,auth,User login
2026-01-28T20:59:07.271428,INFO,payment,User login
2026-01-28T20:59:07.473602,INFO,auth,User login
2026-01-28T20:59:07.675760,INFO,payment,Request OK
2026-01-28T20:59:07.878738,INFO,auth,Cache hit
2026-01-28T20:59:08.081079,INFO,orders,Cache hit
2026-01-28T20:59:08.282822,INFO,payment,User login
2026-01-28T20:59:08.485922,INFO,orders,User login
2026-01-28T20:59:08.702058,ERROR,orders,Null pointer
2026-01-28T20:59:08.905299,INFO,payment,User login
2026-01-28T20:59:09.108175,INFO,search,Request OK
2026-01-28T20:59:09.311253,INFO,auth,Request OK
2026-01-28T20:59:09.514860,INFO,auth,Request OK
2026-01-28T20:59:09.716903,WARN,auth,Request OK
2026-01-28T20:59:09.919123,ERROR,auth,DB failure
2026-01-28T20:59:10.121836,INFO,search,Request OK
2026-01-28T20:59:10.324038,INFO,auth,User login
2026-01-28T20:59:10.527069,INFO,search,User login
2026-01-28T20:59:10.729622,INFO,search,Cache hit
2026-01-28T20:59:10.932739,INFO,auth,Request OK
2026-01-28T20:59:11.136224,ERROR,orders,DB failure
2026-01-28T20:59:11.338764,INFO,payment,User login
2026-01-28T20:59:11.540821,INFO,orders,Request OK
2026-01-28T20:59:11.747861,INFO,search,Request OK
2026-01-28T20:59:11.951696,WARN,search,User login
2026-01-28T20:59:12.155047,WARN,auth,Request OK
2026-01-28T20:59:12.357916,INFO,payment,User login
2026-01-28T20:59:12.560844,INFO,search,Cache hit
2026-01-28T20:59:12.763607,WARN,auth,Cache hit
2026-01-28T20:59:12.966106,INFO,search,Cache hit
2026-01-28T20:59:13.168828,INFO,payment,User login
2026-01-28T20:59:13.373105,INFO,search,Cache hit
2026-01-28T20:59:13.574823,INFO,payment,Cache hit
2026-01-28T20:59:13.776969,INFO,search,Cache hit
2026-01-28T20:59:13.979308,WARN,auth,User login
2026-01-28T20:59:14.183489,INFO,orders,User login
2026-01-28T20:59:14.385574,INFO,payment,User login
2026-01-28T20:59:14.589460,INFO,orders,Cache hit
2026-01-28T20:59:14.791779,INFO,orders,Request OK
2026-01-28T20:59:14.994290,INFO,auth,Request OK
2026-01-28T20:59:15.196505,INFO,orders,Cache hit
2026-01-28T20:59:15.398268,INFO,search,Cache hit
2026-01-28T20:59:15.600364,INFO,auth,Request OK
2026-01-28T20:59:15.802587,INFO,payment,User login
2026-01-28T20:59:16.005104,INFO,auth,User login
2026-01-28T20:59:16.208559,INFO,auth,User login
2026-01-28T20:59:16.410383,INFO,search,Request OK
2026-01-28T20:59:16.612307,INFO,orders,Request OK
2026-01-28T20:59:16.814595,WARN,search,Cache hit
2026-01-28T20:59:17.016711,WARN,payment,Cache hit
2026-01-28T20:59:17.218581,INFO,payment,Request OK
2026-01-28T20:59:17.420768,INFO,orders,Request OK
2026-01-28T20:59:17.622900,INFO,orders,Request OK
2026-01-28T20:59:17.825213,INFO,auth,Request OK
2026-01-28T20:59:18.027780,INFO,orders,User login
2026-01-28T20:59:18.230363,INFO,payment,Cache hit
2026-01-28T20:59:18.433372,INFO,orders,Request OK
2026-01-28T20:59:18.636441,INFO,auth,Cache hit
2026-01-28T20:59:18.839555,INFO,orders,Request OK
2026-01-28T20:59:19.041885,WARN,payment,Cache hit
2026-01-28T20:59:19.244250,INFO,orders,Cache hit
2026-01-28T20:59:19.447402,INFO,orders,User login
2026-01-28T20:59:19.652316,ERROR,auth,Null pointer
2026-01-28T20:59:19.854592,ERROR,orders,DB failure
2026-01-28T20:59:20.056705,WARN,search,Request OK
2026-01-28T20:59:20.259075,INFO,auth,User login
2026-01-28T20:59:20.462142,INFO,auth,User login
2026-01-28T20:59:20.665073,INFO,payment,Request OK
2026-01-28T20:59:20.867475,INFO,orders,User login
2026-01-28T20:59:21.069482,INFO,payment,Request OK
2026-01-28T20:59:21.272474,INFO,search,Cache hit
2026-01-28T20:59:21.477700,WARN,payment,Cache hit
2026-01-28T20:59:21.682575,INFO,search,Request OK
2026-01-28T20:59:21.884411,INFO,auth,User login
2026-01-28T20:59:22.087585,INFO,orders,Request OK
2026-01-28T20:59:22.296723,INFO,payment,Cache hit
2026-01-28T20:59:22.499104,INFO,search,User login
2026-01-28T20:59:22.703530,INFO,payment,Request OK
2026-01-28T20:59:22.906366,INFO,payment,Cache hit
2026-01-28T20:59:23.109665,ERROR,auth,DB failure
2026-01-28T20:59:23.316109,INFO,search,Cache hit
2026-01-28T20:59:23.521682,INFO,search,Request OK
2026-01-28T20:59:23.724009,INFO,search,Cache hit
2026-01-28T20:59:23.926847,INFO,payment,Request OK
2026-01-28T20:59:24.129680,INFO,search,Request OK
2026-01-28T20:59:24.336480,INFO,payment,User login
2026-01-28T20:59:24.542985,INFO,search,User login
2026-01-28T20:59:24.747278,INFO,search,Request OK
2026-01-28T20:59:24.951788,INFO,payment,Cache hit
2026-01-28T20:59:25.165784,INFO,auth,Request OK
2026-01-28T20:59:25.377926,INFO,auth,User login
2026-01-28T20:59:25.586509,ERROR,payment,Null pointer
2026-01-28T20:59:25.794219,INFO,auth,Cache hit
2026-01-28T20:59:26.001581,INFO,payment,User login
2026-01-28T20:59:26.204302,WARN,orders,User login
2026-01-28T20:59:26.412271,INFO,search,User login
2026-01-28T20:59:26.615244,INFO,auth,Request OK
2026-01-28T20:59:26.818410,INFO,search,Cache hit
2026-01-28T20:59:27.025102,INFO,orders,Request OK
2026-01-28T20:59:27.228580,INFO,payment,User login
2026-01-28T20:59:27.431166,INFO,auth,Cache hit
2026-01-28T20:59:27.633297,INFO,auth,Request OK
2026-01-28T20:59:27.836002,INFO,search,Cache hit
2026-01-28T20:59:28.039632,INFO,search,Request OK
2026-01-28T20:59:28.241520,INFO,orders,Cache hit
2026-01-28T20:59:28.445511,INFO,search,Request OK
2026-01-28T20:59:28.647776,ERROR,payment,Timeout
2026-01-28T20:59:28.850310,ERROR,orders,Null pointer
2026-01-28T20:59:29.052268,INFO,payment,User login
2026-01-28T20:59:29.254422,INFO,search,User login
2026-01-28T20:59:29.457370,INFO,auth,User login
2026-01-28T20:59:29.660572,INFO,search,User login
2026-01-28T20:59:29.863352,INFO,orders,User login
2026-01-28T20:59:30.065483,INFO,payment,Request OK
2026-01-28T20:59:30.268077,INFO,orders,Request OK
2026-01-28T20:59:30.470236,INFO,orders,Request OK
2026-01-28T20:59:30.672830,INFO,search,Request OK
2026-01-28T20:59:30.875131,INFO,search,Request OK
2026-01-28T20:59:31.077432,INFO,orders,Request OK
2026-01-28T20:59:31.280361,INFO,orders,Cache hit
2026-01-28T20:59:31.484354,INFO,search,User login
2026-01-28T20:59:31.688725,INFO,orders,Request OK
2026-01-28T20:59:31.903509,INFO,search,Cache hit
2026-01-28T20:59:32.105507,INFO,auth,Cache hit
2026-01-28T20:59:32.307836,INFO,orders,Request OK
2026-01-28T20:59:32.512076,INFO,orders,User login
2026-01-28T20:59:32.715151,ERROR,search,DB failure
2026-01-28T20:59:32.919649,WARN,orders,Cache hit
2026-01-28T20:59:33.122238,WARN,auth,Request OK
2026-01-28T20:59:33.324469,INFO,orders,Request OK
2026-01-28T20:59:33.526869,ERROR,payment,Null pointer
2026-01-28T20:59:33.728974,WARN,search,Cache hit
2026-01-28T20:59:33.930911,INFO,auth,Cache hit
2026-01-28T20:59:34.133837,INFO,search,Request OK
2026-01-28T20:59:34.336919,INFO,orders,Cache hit
2026-01-28T20:59:34.539659,INFO,payment,Cache hit
2026-01-28T20:59:34.743054,INFO,search,Request OK
2026-01-28T20:59:34.945472,INFO,orders,Request OK
2026-01-28T20:59:35.147896,INFO,orders,User login
2026-01-28T20:59:35.351516,INFO,search,Cache hit
2026-01-28T20:59:35.554635,INFO,search,Cache hit
2026-01-28T20:59:35.756477,WARN,orders,User login
2026-01-28T20:59:35.957876,WARN,orders,User login
2026-01-28T20:59:36.163645,INFO,search,User login
2026-01-28T20:59:36.367230,WARN,auth,Cache hit
2026-01-28T20:59:36.570305,INFO,search,User login
2026-01-28T20:59:36.773777,INFO,auth,User login
2026-01-28T20:59:36.976655,INFO,search,Cache hit
2026-01-28T20:59:37.179275,INFO,search,User login
2026-01-28T20:59:37.381624,WARN,orders,Request OK
2026-01-28T20:59:37.584115,INFO,search,User login
2026-01-28T20:59:37.786782,INFO,payment,User login
2026-01-28T20:59:37.990929,ERROR,auth,Null pointer
2026-01-28T20:59:38.195256,INFO,orders,User login
2026-01-28T20:59:38.400472,INFO,payment,Cache hit
2026-01-28T20:59:38.602794,INFO,auth,Cache hit
2026-01-28T20:59:38.805314,INFO,auth,User login
2026-01-28T20:59:39.008588,INFO,auth,Request OK
2026-01-28T20:59:39.212021,INFO,payment,Request OK
2026-01-28T20:59:39.415931,INFO,payment,Request OK
2026-01-28T20:59:39.619287,INFO,orders,Request OK
2026-01-28T20:59:39.822408,INFO,payment,Request OK
2026-01-28T20:59:40.027457,INFO,orders,Request OK
2026-01-28T20:59:40.229902,INFO,orders,Cache hit
2026-01-28T20:59:40.434732,INFO,payment,User login
2026-01-28T20:59:40.637501,INFO,auth,User login
2026-01-28T20:59:40.844863,INFO,search,Cache hit
2026-01-28T20:59:41.052572,INFO,search,Request OK
2026-01-28T20:59:41.261907,INFO,orders,Request OK
2026-01-28T20:59:41.469551,INFO,search,Cache hit
2026-01-28T20:59:41.677785,INFO,search,Cache hit
2026-01-28T20:59:41.887139,INFO,payment,Request OK
2026-01-28T20:59:42.096801,INFO,search,Cache hit
2026-01-28T20:59:42.307262,INFO,orders,User login
2026-01-28T20:59:42.514176,INFO,orders,Cache hit
2026-01-28T20:59:42.725572,INFO,search,Request OK
2026-01-28T20:59:42.933051,WARN,auth,User login
2026-01-28T20:59:43.136462,WARN,search,Request OK
2026-01-28T20:59:43.341951,INFO,auth,Request OK
2026-01-28T20:59:43.545469,INFO,auth,User login
2026-01-28T20:59:43.747015,INFO,search,Cache hit
2026-01-28T20:59:43.949621,INFO,orders,Cache hit
2026-01-28T20:59:44.155010,INFO,auth,Request OK
2026-01-28T20:59:44.358320,INFO,auth,Cache hit
2026-01-28T20:59:44.560468,INFO,orders,Cache hit
2026-01-28T20:59:44.762268,INFO,auth,Cache hit
2026-01-28T20:59:44.964051,INFO,auth,User login
2026-01-28T20:59:45.166244,INFO,payment,User login
2026-01-28T20:59:45.369094,ERROR,auth,Null pointer
2026-01-28T20:59:45.572004,INFO,payment,User login
2026-01-28T20:59:45.774408,INFO,auth,User login
2026-01-28T20:59:45.976598,INFO,search,Request OK
2026-01-28T20:59:46.179059,INFO,auth,Request OK
2026-01-28T20:59:46.382919,INFO,search,Cache hit
2026-01-28T20:59:46.587078,INFO,auth,User login
2026-01-28T20:59:46.789708,INFO,orders,Cache hit
2026-01-28T20:59:46.992433,INFO,auth,Request OK
2026-01-28T20:59:47.196271,INFO,search,Cache hit
2026-01-28T20:59:47.398834,INFO,payment,User login
2026-01-28T20:59:47.601574,INFO,payment,Cache hit
2026-01-28T20:59:47.805202,INFO,auth,Request OK
2026-01-28T20:59:48.007255,INFO,auth,Request OK
2026-01-28T20:59:48.209148,INFO,search,Cache hit
2026-01-28T20:59:48.412419,WARN,orders,User login
2026-01-28T20:59:48.614311,WARN,payment,Cache hit
2026-01-28T20:59:48.816200,INFO,auth,User login
2026-01-28T20:59:49.018802,INFO,payment,User login
2026-01-28T20:59:49.221029,WARN,search,Request OK
2026-01-28T20:59:49.423727,ERROR,search,DB failure
2026-01-28T20:59:49.625753,INFO,auth,Request OK
2026-01-28T20:59:49.829025,INFO,auth,User login
2026-01-28T20:59:50.032102,INFO,orders,Request OK
2026-01-28T20:59:50.234630,INFO,search,Cache hit
2026-01-28T20:59:50.437213,INFO,auth,Request OK
2026-01-28T20:59:50.639260,INFO,payment,User login
2026-01-28T20:59:50.841829,INFO,auth,User login
2026-01-28T20:59:51.044725,INFO,orders,Request OK
2026-01-28T20:59:51.247566,ERROR,payment,Null pointer
2026-01-28T20:59:51.450455,WARN,orders,Request OK
2026-01-28T20:59:51.652781,INFO,orders,Request OK
2026-01-28T20:59:51.855139,INFO,orders,User login
2026-01-28T20:59:52.059318,INFO,search,Cache hit
2026-01-28T20:59:52.261932,WARN,orders,Request OK
2026-01-28T20:59:52.466098,INFO,orders,Cache hit
2026-01-28T20:59:52.670597,INFO,search,Cache hit
2026-01-28T20:59:52.874198,ERROR,search,Null pointer
2026-01-28T20:59:53.081339,WARN,payment,User login
2026-01-28T20:59:53.284980,INFO,auth,Request OK
2026-01-28T20:59:53.487316,WARN,orders,Request OK
2026-01-28T20:59:53.689332,INFO,search,User login
2026-01-28T20:59:53.891881,INFO,payment,Cache hit
2026-01-28T20:59:54.093910,ERROR,search,DB failure
2026-01-28T20:59:54.295936,INFO,payment,Request OK
2026-01-28T20:59:54.499022,INFO,payment,Request OK
2026-01-28T20:59:54.702105,INFO,payment,Request OK
2026-01-28T20:59:54.904387,ERROR,orders,Timeout
2026-01-28T20:59:55.106451,INFO,orders,Cache hit
2026-01-28T20:59:55.308332,ERROR,orders,DB failure
2026-01-28T20:59:55.510453,INFO,auth,Request OK
2026-01-28T20:59:55.713903,INFO,payment,User login
2026-01-28T20:59:55.916998,INFO,search,Request OK
2026-01-28T20:59:56.119237,INFO,search,Cache hit
2026-01-28T20:59:56.321719,INFO,auth,Request OK
2026-01-28T20:59:56.523638,INFO,auth,User login
2026-01-28T20:59:56.726461,INFO,search,Cache hit
2026-01-28T20:59:56.928956,INFO,payment,Request OK
2026-01-28T20:59:57.130963,INFO,auth,Cache hit
2026-01-28T20:59:57.334279,INFO,payment,User login
2026-01-28T20:59:57.536982,WARN,search,Cache hit
2026-01-28T20:59:57.741457,INFO,search,Cache hit
2026-01-28T20:59:57.943410,INFO,payment,Cache hit
2026-01-28T20:59:58.147579,INFO,auth,Cache hit
2026-01-28T20:59:58.350525,INFO,search,User login
2026-01-28T20:59:58.554979,INFO,search,User login
2026-01-28T20:59:58.758173,INFO,auth,Request OK
2026-01-28T20:59:58.960652,INFO,search,Request OK
2026-01-28T20:59:59.163357,INFO,auth,Request OK
2026-01-28T20:59:59.366717,INFO,search,Request OK
2026-01-28T20:59:59.569884,INFO,payment,Cache hit
2026-01-28T20:59:59.772572,INFO,orders,User login
2026-01-28T20:59:59.976841,INFO,orders,User login
2026-01-28T21:00:00.179277,INFO,search,User login
2026-01-28T21:00:00.381500,INFO,payment,User login
2026-01-28T21:00:00.583494,ERROR,search,Timeout
2026-01-28T21:00:00.786578,INFO,search,Request OK
2026-01-28T21:00:00.988714,WARN,orders,User login
2026-01-28T21:00:01.191595,WARN,payment,Request OK
2026-01-28T21:00:01.394217,INFO,auth,Cache hit
2026-01-28T21:00:01.596593,INFO,auth,Cache hit
2026-01-28T21:00:01.801129,INFO,orders,Request OK
2026-01-28T21:00:02.005612,INFO,search,Request OK
2026-01-28T21:00:02.208001,INFO,auth,User login
2026-01-28T21:00:02.410905,INFO,search,Request OK
2026-01-28T21:00:02.613221,INFO,payment,User login
2026-01-28T21:00:02.815084,ERROR,payment,DB failure
2026-01-28T21:00:03.017077,ERROR,search,DB failure
2026-01-28T21:00:03.218725,WARN,search,Request OK
2026-01-28T21:00:03.421608,INFO,search,Cache hit
2026-01-28T21:00:03.623962,INFO,orders,User login
2026-01-28T21:00:03.826552,INFO,payment,User login
2026-01-28T21:00:04.029008,INFO,search,Cache hit
2026-01-28T21:00:04.232886,ERROR,payment,Timeout
2026-01-28T21:00:04.434711,INFO,search,User login
2026-01-28T21:00:04.636811,INFO,orders,Cache hit
2026-01-28T21:00:04.840719,INFO,auth,Cache hit
2026-01-28T21:00:05.044867,INFO,payment,Request OK
2026-01-28T21:00:05.248617,INFO,orders,Request OK
2026-01-28T21:00:05.452269,WARN,auth,Cache hit
2026-01-28T21:00:05.656308,WARN,payment,Cache hit
2026-01-28T21:00:05.860099,INFO,search,Request OK
2026-01-28T21:00:06.061973,INFO,search,Cache hit
2026-01-28T21:00:06.264639,INFO,auth,Cache hit
2026-01-28T21:00:06.466993,INFO,search,Request OK
2026-01-28T21:00:06.670233,INFO,orders,User login
2026-01-28T21:00:06.872801,INFO,orders,Request OK
2026-01-28T21:00:07.075777,INFO,auth,User login
2026-01-28T21:00:07.278105,INFO,search,Cache hit
2026-01-28T21:00:07.481040,INFO,orders,Request OK
2026-01-28T21:00:07.683470,INFO,orders,User login
2026-01-28T21:00:07.886411,INFO,payment,Request OK
2026-01-28T21:00:08.090000,ERROR,payment,Timeout
2026-01-28T21:00:08.292734,ERROR,payment,DB failure
2026-01-28T21:00:08.495741,INFO,payment,Cache hit
2026-01-28T21:00:08.699364,INFO,auth,Cache hit
2026-01-28T21:00:08.901241,INFO,search,User login
2026-01-28T21:00:09.103600,INFO,auth,Cache hit
2026-01-28T21:00:09.305828,INFO,payment,Request OK
2026-01-28T21:00:09.507792,WARN,payment,Cache hit
2026-01-28T21:00:09.709932,INFO,payment,User login
2026-01-28T21:00:09.913662,WARN,payment,User login
2026-01-28T21:00:10.117109,INFO,payment,Cache hit
2026-01-28T21:00:10.319488,INFO,search,Cache hit
2026-01-28T21:00:10.522173,ERROR,search,Timeout
2026-01-28T21:00:10.725669,INFO,search,Request OK
2026-01-28T21:00:10.929100,INFO,auth,Cache hit
2026-01-28T21:00:11.131539,ERROR,payment,Timeout
2026-01-28T21:00:11.333854,INFO,orders,User login
2026-01-28T21:00:11.536477,WARN,auth,User login
2026-01-28T21:00:11.738204,ERROR,payment,Null pointer
2026-01-28T21:00:11.940893,INFO,auth,User login
2026-01-28T21:00:12.143356,WARN,search,User login
2026-01-28T21:00:12.345968,INFO,auth,Request OK
2026-01-28T21:00:12.548049,INFO,auth,Request OK
2026-01-28T21:00:12.750883,INFO,search,Cache hit
2026-01-28T21:00:12.955267,INFO,orders,Cache hit
2026-01-28T21:00:13.158287,INFO,auth,Cache hit
2026-01-28T21:00:13.361038,INFO,search,Cache hit
2026-01-28T21:00:13.564172,INFO,orders,User login
2026-01-28T21:00:13.766980,INFO,orders,Request OK
2026-01-28T21:00:13.970353,INFO,search,Request OK
2026-01-28T21:00:14.172130,INFO,auth,Request OK
2026-01-28T21:00:14.376095,WARN,search,Cache hit
2026-01-28T21:00:14.578371,INFO,orders,Request OK
2026-01-28T21:00:14.781237,INFO,orders,Cache hit
2026-01-28T21:00:14.983875,INFO,search,Request OK
2026-01-28T21:00:15.186858,INFO,orders,Cache hit
2026-01-28T21:00:15.389075,INFO,auth,Request OK
2026-01-28T21:00:15.591080,INFO,orders,Cache hit
2026-01-28T21:00:15.793410,INFO,search,Cache hit
2026-01-28T21:00:15.996226,INFO,payment,User login
2026-01-28T21:00:16.203133,INFO,payment,User login
2026-01-28T21:00:16.406965,INFO,auth,Cache hit
2026-01-28T21:00:16.609143,INFO,search,User login
2026-01-28T21:00:16.813085,INFO,payment,Cache hit
2026-01-28T21:00:17.018339,INFO,orders,Cache hit
2026-01-28T21:00:17.222921,INFO,auth,Cache hit
2026-01-28T21:00:17.425077,INFO,search,User login
2026-01-28T21:00:17.628220,ERROR,auth,DB failure
2026-01-28T21:00:17.831107,INFO,orders,Request OK
2026-01-28T21:00:18.035197,INFO,search,Request OK
2026-01-28T21:00:18.244269,INFO,auth,Request OK
2026-01-28T21:00:18.446628,ERROR,payment,Timeout
2026-01-28T21:00:18.648574,INFO,orders,Cache hit
2026-01-28T21:00:18.850577,INFO,search,User login
2026-01-28T21:00:19.053128,INFO,orders,Request OK
2026-01-28T21:00:19.255921,INFO,payment,Cache hit
2026-01-28T21:00:19.457673,INFO,search,Cache hit
2026-01-28T21:00:19.659323,INFO,auth,User login
2026-01-28T21:00:19.862010,INFO,auth,Cache hit
2026-01-28T21:00:20.064414,ERROR,auth,Null pointer
2026-01-28T21:00:20.267252,ERROR,search,Timeout
2026-01-28T21:00:20.469063,INFO,search,User login
2026-01-28T21:00:20.671922,WARN,payment,User login
2026-01-28T21:00:20.875551,INFO,auth,Cache hit
2026-01-28T21:00:21.087227,INFO,orders,Request OK
2026-01-28T21:00:21.297300,INFO,payment,Cache hit
2026-01-28T21:00:21.499577,INFO,orders,Request OK
2026-01-28T21:00:21.701698,WARN,orders,Cache hit
2026-01-28T21:00:21.903978,INFO,auth,User login
2026-01-28T21:00:22.106856,INFO,payment,User login
2026-01-28T21:00:22.309256,INFO,orders,User login
2026-01-28T21:00:22.512227,INFO,payment,Request OK
2026-01-28T21:00:22.717306,INFO,auth,Request OK
2026-01-28T21:00:22.919564,INFO,orders,User login
2026-01-28T21:00:23.122507,INFO,orders,Cache hit
2026-01-28T21:00:23.324612,INFO,search,Cache hit
2026-01-28T21:00:23.526980,INFO,orders,User login
2026-01-28T21:00:23.729233,INFO,search,Request OK
2026-01-28T21:00:23.931408,INFO,search,User login
2026-01-28T21:00:24.133727,INFO,orders,User login
2026-01-28T21:00:24.336086,INFO,payment,Cache hit
2026-01-28T21:00:24.538386,INFO,search,Cache hit
2026-01-28T21:00:24.741036,INFO,auth,Request OK
2026-01-28T21:00:24.944415,INFO,orders,Cache hit
2026-01-28T21:00:25.147619,INFO,auth,User login
2026-01-28T21:00:25.349890,INFO,orders,Cache hit
2026-01-28T21:00:25.552018,INFO,auth,Cache hit
2026-01-28T21:00:25.754286,INFO,orders,User login
2026-01-28T21:00:25.956762,INFO,orders,User login
2026-01-28T21:00:26.159253,INFO,payment,Cache hit
2026-01-28T21:00:26.361726,WARN,search,User login
2026-01-28T21:00:26.563597,INFO,orders,Cache hit
2026-01-28T21:00:26.765941,INFO,payment,User login
2026-01-28T21:00:26.969685,INFO,search,User login
2026-01-28T21:00:27.171320,INFO,auth,Cache hit
2026-01-28T21:00:27.373322,INFO,orders,Request OK
2026-01-28T21:00:27.576692,INFO,orders,User login
2026-01-28T21:00:27.778853,INFO,search,User login
2026-01-28T21:00:27.981892,INFO,payment,Cache hit
2026-01-28T21:00:28.184643,INFO,auth,Cache hit
2026-01-28T21:00:28.388447,WARN,payment,Request OK
2026-01-28T21:00:28.590786,INFO,payment,Request OK
2026-01-28T21:00:28.793373,INFO,orders,Cache hit
2026-01-28T21:00:28.995559,INFO,auth,Cache hit
2026-01-28T21:00:29.197518,INFO,auth,User login
2026-01-28T21:00:29.400558,INFO,orders,Cache hit
2026-01-28T21:00:29.602581,INFO,payment,Request OK
2026-01-28T21:00:29.804824,INFO,orders,Request OK
2026-01-28T21:00:30.006765,INFO,payment,Cache hit
2026-01-28T21:00:30.209595,INFO,search,Cache hit
2026-01-28T21:00:30.412814,INFO,auth,User login
2026-01-28T21:00:30.616233,INFO,orders,User login
2026-01-28T21:00:30.820236,WARN,search,User login
2026-01-28T21:00:31.022592,INFO,auth,Request OK
2026-01-28T21:00:31.224887,INFO,payment,Cache hit
2026-01-28T21:00:31.427618,INFO,search,User login
2026-01-28T21:00:31.630847,ERROR,auth,Null pointer
2026-01-28T21:00:31.833825,INFO,auth,User login
2026-01-28T21:00:32.036073,INFO,search,Cache hit
2026-01-28T21:00:32.239484,ERROR,auth,Timeout
2026-01-28T21:00:32.442202,ERROR,search,DB failure
2026-01-28T21:00:32.644840,INFO,orders,Cache hit
2026-01-28T21:00:32.847515,INFO,orders,Request OK
2026-01-28T21:00:33.051034,INFO,search,Request OK
2026-01-28T21:00:33.259628,INFO,payment,Request OK
2026-01-28T21:00:33.462599,INFO,auth,Request OK
2026-01-28T21:00:33.667814,INFO,payment,Request OK
2026-01-28T21:00:33.870012,INFO,auth,User login
2026-01-28T21:00:34.072054,INFO,payment,Cache hit
2026-01-28T21:00:34.274959,INFO,payment,Request OK
2026-01-28T21:00:34.478867,ERROR,search,Timeout
2026-01-28T21:00:34.683127,INFO,search,User login
2026-01-28T21:00:34.886650,INFO,orders,Request OK
2026-01-28T21:00:35.088850,INFO,auth,Cache hit
2026-01-28T21:00:35.291705,INFO,payment,User login
2026-01-28T21:00:35.495494,INFO,payment,Cache hit
2026-01-28T21:00:35.698556,INFO,payment,User login
2026-01-28T21:00:35.900844,INFO,auth,Request OK
2026-01-28T21:00:36.103226,INFO,payment,Cache hit
2026-01-28T21:00:36.305562,INFO,auth,User login
2026-01-28T21:00:36.508357,INFO,payment,Cache hit
2026-01-28T21:00:36.712396,INFO,search,Cache hit
2026-01-28T21:00:36.914816,INFO,orders,Request OK
2026-01-28T21:00:37.117315,INFO,payment,Request OK
2026-01-28T21:00:37.330983,INFO,auth,User login
2026-01-28T21:00:37.533979,WARN,payment,User login
2026-01-28T21:00:37.737213,INFO,payment,Request OK
2026-01-28T21:00:37.940553,INFO,auth,User login
2026-01-28T21:00:38.143847,INFO,orders,Cache hit
2026-01-28T21:00:38.346132,INFO,payment,Request OK
2026-01-28T21:00:38.548273,ERROR,search,Timeout
2026-01-28T21:00:38.751127,INFO,auth,User login
2026-01-28T21:00:38.953574,INFO,search,Cache hit
2026-01-28T21:00:39.156115,INFO,search,User login
2026-01-28T21:00:39.358499,INFO,search,Cache hit
2026-01-28T21:00:39.564088,INFO,auth,User login
2026-01-28T21:00:39.767807,INFO,orders,Request OK
2026-01-28T21:00:39.970786,INFO,orders,Cache hit
2026-01-28T21:00:40.172679,INFO,search,User login
2026-01-28T21:00:40.376075,INFO,auth,Cache hit
2026-01-28T21:00:40.578710,WARN,payment,Request OK
2026-01-28T21:00:40.781205,INFO,auth,User login
2026-01-28T21:00:40.983973,INFO,search,Request OK
2026-01-28T21:00:41.186728,INFO,auth,User login
2026-01-28T21:00:41.390061,INFO,search,Request OK
2026-01-28T21:00:41.592365,ERROR,search,DB failure
2026-01-28T21:00:41.796898,INFO,auth,Request OK
2026-01-28T21:00:41.999548,ERROR,orders,DB failure
2026-01-28T21:00:42.202281,INFO,payment,Request OK
2026-01-28T21:00:42.405965,INFO,orders,Cache hit
2026-01-28T21:00:42.608229,INFO,auth,Cache hit
2026-01-28T21:00:42.817649,INFO,search,Cache hit
2026-01-28T21:00:43.019516,INFO,search,Cache hit
2026-01-28T21:00:43.221495,INFO,payment,Cache hit
2026-01-28T21:00:43.427420,ERROR,orders,Null pointer
2026-01-28T21:00:43.630711,INFO,payment,User login
2026-01-28T21:00:43.833868,INFO,payment,User login
2026-01-28T21:00:44.037014,INFO,search,User login
2026-01-28T21:00:44.239582,INFO,orders,Request OK
2026-01-28T21:00:44.441581,INFO,search,Cache hit
2026-01-28T21:00:44.644047,INFO,payment,Cache hit
2026-01-28T21:00:44.847021,INFO,auth,Cache hit
2026-01-28T21:00:45.048908,WARN,payment,User login
2026-01-28T21:00:45.251489,INFO,auth,Cache hit
2026-01-28T21:00:45.454002,INFO,auth,User login
2026-01-28T21:00:45.656751,INFO,payment,Request OK
2026-01-28T21:00:45.859390,INFO,orders,Cache hit
2026-01-28T21:00:46.063818,INFO,payment,Request OK
2026-01-28T21:00:46.270330,INFO,orders,Request OK
2026-01-28T21:00:46.473012,INFO,auth,User login
2026-01-28T21:00:46.676133,INFO,search,Request OK
2026-01-28T21:00:46.878520,INFO,orders,Request OK
2026-01-28T21:00:47.083190,INFO,orders,Request OK
2026-01-28T21:00:47.287079,INFO,orders,User login
2026-01-28T21:00:47.489182,INFO,orders,Cache hit
2026-01-28T21:00:47.692131,WARN,search,User login
2026-01-28T21:00:47.894049,INFO,auth,Request OK
2026-01-28T21:00:48.096604,WARN,auth,User login
2026-01-28T21:00:48.298889,INFO,orders,Cache hit
2026-01-28T21:00:48.501833,INFO,auth,User login
2026-01-28T21:00:48.705911,INFO,orders,Request OK
2026-01-28T21:00:48.910541,INFO,payment,Request OK
2026-01-28T21:00:49.114792,WARN,orders,Cache hit
2026-01-28T21:00:49.318213,ERROR,auth,Timeout
2026-01-28T21:00:49.520456,INFO,payment,User login
2026-01-28T21:00:49.722891,INFO,orders,Cache hit
2026-01-28T21:00:49.924828,INFO,orders,User login
2026-01-28T21:00:50.128022,WARN,orders,Request OK
2026-01-28T21:00:50.330475,ERROR,payment,DB failure
2026-01-28T21:00:50.533945,INFO,search,Request OK
2026-01-28T21:00:50.737283,INFO,orders,Cache hit
2026-01-28T21:00:50.941786,ERROR,orders,Timeout
2026-01-28T21:00:51.145585,INFO,auth,Request OK
2026-01-28T21:00:51.348821,INFO,auth,User login
2026-01-28T21:00:51.551179,INFO,orders,Cache hit
2026-01-28T21:00:51.752879,INFO,orders,Cache hit
2026-01-28T21:00:51.954920,WARN,search,Request OK
2026-01-28T21:00:52.157569,INFO,search,Cache hit
2026-01-28T21:00:52.360382,INFO,payment,Request OK
2026-01-28T21:00:52.562384,ERROR,search,Null pointer
2026-01-28T21:00:52.764856,INFO,search,User login
2026-01-28T21:00:52.967560,INFO,auth,Request OK
2026-01-28T21:00:53.170075,INFO,payment,User login
2026-01-28T21:00:53.372069,INFO,payment,User login
2026-01-28T21:00:53.574678,INFO,auth,Cache hit
2026-01-28T21:00:53.776921,INFO,orders,Cache hit
2026-01-28T21:00:53.979752,INFO,orders,Request OK
2026-01-28T21:00:54.182073,INFO,orders,Cache hit
2026-01-28T21:00:54.384622,INFO,auth,Cache hit
2026-01-28T21:00:54.586749,INFO,auth,Cache hit
2026-01-28T21:00:54.790200,INFO,orders,Cache hit
2026-01-28T21:00:54.992175,INFO,payment,Cache hit
2026-01-28T21:00:55.194951,INFO,search,Request OK
2026-01-28T21:00:55.397552,INFO,payment,User login
2026-01-28T21:00:55.599521,INFO,search,Request OK
2026-01-28T21:00:55.802235,INFO,payment,User login
2026-01-28T21:00:56.005369,INFO,search,User login
2026-01-28T21:00:56.207957,INFO,orders,User login
2026-01-28T21:00:56.415769,INFO,search,User login
2026-01-28T21:00:56.617916,INFO,search,Cache hit
2026-01-28T21:00:56.820757,INFO,search,User login
2026-01-28T21:00:57.023766,INFO,search,User login
2026-01-28T21:00:57.226972,INFO,search,Request OK
2026-01-28T21:00:57.429167,INFO,orders,User login
2026-01-28T21:00:57.631848,INFO,auth,Request OK
2026-01-28T21:00:57.834797,WARN,auth,User login
2026-01-28T21:00:58.037315,INFO,auth,Cache hit
2026-01-28T21:00:58.239367,INFO,auth,User login
2026-01-28T21:00:58.441383,INFO,payment,Request OK
2026-01-28T21:00:58.643520,INFO,search,Request OK
2026-01-28T21:00:58.846546,INFO,orders,Cache hit
2026-01-28T21:00:59.049528,INFO,orders,Cache hit
2026-01-28T21:00:59.251856,INFO,orders,Request OK
2026-01-28T21:00:59.454315,INFO,search,Cache hit
2026-01-28T21:00:59.656889,INFO,search,Cache hit
2026-01-28T21:00:59.859223,INFO,orders,Request OK
2026-01-28T21:01:00.061984,INFO,auth,Cache hit
2026-01-28T21:01:00.264419,INFO,search,User login
2026-01-28T21:01:00.467259,ERROR,orders,Null pointer
2026-01-28T21:01:00.671618,INFO,search,Request OK
2026-01-28T21:01:00.874155,WARN,payment,User login
2026-01-28T21:01:01.077790,INFO,orders,User login
2026-01-28T21:01:01.280111,INFO,search,Request OK
2026-01-28T21:01:01.483463,WARN,auth,Cache hit
2026-01-28T21:01:01.686428,INFO,auth,User login
2026-01-28T21:01:01.888590,INFO,auth,Cache hit
2026-01-28T21:01:02.090742,INFO,orders,User login
2026-01-28T21:01:02.293283,WARN,search,Request OK
2026-01-28T21:01:02.497126,INFO,payment,User login
2026-01-28T21:01:02.699951,WARN,auth,Cache hit
2026-01-28T21:01:02.902584,INFO,orders,User login
2026-01-28T21:01:03.105774,INFO,auth,Cache hit
2026-01-28T21:01:03.307798,INFO,auth,Request OK
2026-01-28T21:01:03.511132,INFO,orders,User login
2026-01-28T21:01:03.715079,INFO,search,Cache hit
2026-01-28T21:01:03.917489,INFO,orders,Cache hit
2026-01-28T21:01:04.119613,INFO,search,Request OK
2026-01-28T21:01:04.322188,INFO,auth,Cache hit
2026-01-28T21:01:04.525538,INFO,search,Cache hit
2026-01-28T21:01:04.727974,INFO,auth,Cache hit
2026-01-28T21:01:04.930860,INFO,orders,User login
2026-01-28T21:01:05.133699,INFO,payment,Request OK
2026-01-28T21:01:05.336828,INFO,auth,Cache hit
2026-01-28T21:01:05.541902,INFO,auth,Cache hit
2026-01-28T21:01:05.744148,INFO,search,Cache hit
2026-01-28T21:01:05.946741,ERROR,auth,Timeout
2026-01-28T21:01:06.148810,INFO,auth,Request OK
2026-01-28T21:01:06.352614,INFO,auth,Cache hit
2026-01-28T21:01:06.556922,ERROR,payment,DB failure
2026-01-28T21:01:06.759257,INFO,search,Cache hit
2026-01-28T21:01:06.961251,INFO,orders,Request OK
2026-01-28T21:01:07.163460,WARN,orders,User login
2026-01-28T21:01:07.365417,INFO,payment,User login
2026-01-28T21:01:07.569422,INFO,auth,Request OK
2026-01-28T21:01:07.772912,INFO,search,User login
2026-01-28T21:01:07.976883,INFO,search,Cache hit
2026-01-28T21:01:08.182989,ERROR,orders,Null pointer
2026-01-28T21:01:08.385380,INFO,auth,User login
2026-01-28T21:01:08.587330,WARN,search,Request OK
2026-01-28T21:01:08.791009,INFO,orders,Request OK
2026-01-28T21:01:08.993640,INFO,search,Cache hit
2026-01-28T21:01:09.196746,INFO,orders,Cache hit
2026-01-28T21:01:09.399409,ERROR,payment,Null pointer
2026-01-28T21:01:09.602643,INFO,auth,Request OK
2026-01-28T21:01:09.805641,INFO,payment,Cache hit
2026-01-28T21:01:10.008244,INFO,search,User login
2026-01-28T21:01:10.210672,INFO,auth,Cache hit
2026-01-28T21:01:10.413062,INFO,payment,Cache hit
2026-01-28T21:01:10.615325,INFO,auth,User login
2026-01-28T21:01:10.817911,INFO,payment,User login
2026-01-28T21:01:11.020323,INFO,auth,Request OK
2026-01-28T21:01:11.223319,INFO,auth,Request OK
2026-01-28T21:01:11.425880,INFO,search,Cache hit
2026-01-28T21:01:11.628431,INFO,auth,Cache hit
2026-01-28T21:01:11.830363,INFO,payment,Request OK
2026-01-28T21:01:12.032523,INFO,orders,Request OK
2026-01-28T21:01:12.235872,WARN,search,User login
2026-01-28T21:01:12.439154,INFO,payment,User login
2026-01-28T21:01:12.641629,WARN,auth,User login
2026-01-28T21:01:12.844267,INFO,payment,User login
2026-01-28T21:01:13.046820,INFO,search,Cache hit
2026-01-28T21:01:13.250218,INFO,orders,Cache hit
2026-01-28T21:01:13.452116,WARN,orders,Request OK
2026-01-28T21:01:13.654403,INFO,auth,Cache hit
2026-01-28T21:01:13.857349,INFO,orders,User login
2026-01-28T21:01:14.063130,INFO,orders,Cache hit
2026-01-28T21:01:14.266276,INFO,search,Cache hit
2026-01-28T21:01:14.468813,INFO,orders,Cache hit
2026-01-28T21:01:14.672130,INFO,auth,Cache hit
2026-01-28T21:01:14.874280,INFO,auth,Cache hit
2026-01-28T21:01:15.076820,INFO,payment,User login
2026-01-28T21:01:15.282082,INFO,payment,Cache hit
2026-01-28T21:01:15.496463,INFO,orders,Request OK
2026-01-28T21:01:15.699397,INFO,search,Request OK
2026-01-28T21:01:15.901640,INFO,payment,Cache hit
2026-01-28T21:01:16.104352,INFO,auth,Request OK
2026-01-28T21:01:16.306616,INFO,auth,Request OK
2026-01-28T21:01:16.510082,INFO,orders,Cache hit
2026-01-28T21:01:16.712456,INFO,payment,User login
2026-01-28T21:01:16.914374,INFO,payment,Cache hit
2026-01-28T21:01:17.117301,INFO,payment,Cache hit
2026-01-28T21:01:17.319882,INFO,auth,User login
2026-01-28T21:01:17.523395,INFO,payment,Cache hit
2026-01-28T21:01:17.727345,INFO,auth,Request OK
2026-01-28T21:01:17.931270,INFO,auth,Cache hit
2026-01-28T21:01:18.133815,INFO,payment,Request OK
2026-01-28T21:01:18.337451,INFO,payment,Cache hit
2026-01-28T21:01:18.541435,INFO,orders,User login
2026-01-28T21:01:18.744347,WARN,payment,Request OK
2026-01-28T21:01:18.946834,INFO,auth,Request OK
2026-01-28T21:01:19.149484,INFO,payment,Cache hit
2026-01-28T21:01:19.352025,INFO,search,Cache hit
2026-01-28T21:01:19.555270,INFO,payment,Cache hit
2026-01-28T21:01:19.758843,WARN,orders,Request OK
2026-01-28T21:01:19.961556,INFO,orders,Request OK
2026-01-28T21:01:20.165115,WARN,search,Cache hit
2026-01-28T21:01:20.368548,INFO,orders,User login
2026-01-28T21:01:20.570732,WARN,payment,Request OK
2026-01-28T21:01:20.772926,INFO,payment,Cache hit
2026-01-28T21:01:20.975934,INFO,orders,User login
2026-01-28T21:01:21.178595,WARN,orders,Request OK
2026-01-28T21:01:21.380624,INFO,orders,User login
2026-01-28T21:01:21.583693,INFO,orders,User login
2026-01-28T21:01:21.786562,INFO,auth,Request OK
2026-01-28T21:01:21.989225,WARN,search,Cache hit
2026-01-28T21:01:22.192333,ERROR,auth,DB failure
2026-01-28T21:01:22.397049,INFO,payment,Request OK
2026-01-28T21:01:22.599674,WARN,orders,Cache hit
2026-01-28T21:01:22.802486,INFO,search,Cache hit
2026-01-28T21:01:23.005486,INFO,payment,Cache hit
2026-01-28T21:01:23.208865,INFO,auth,Cache hit
2026-01-28T21:01:23.412026,WARN,payment,User login
2026-01-28T21:01:23.615010,INFO,payment,Request OK
2026-01-28T21:01:23.817418,INFO,payment,User login
2026-01-28T21:01:24.022984,INFO,orders,Cache hit
2026-01-28T21:01:24.229873,INFO,payment,Request OK
2026-01-28T21:01:24.440019,INFO,orders,User login
2026-01-28T21:01:24.642816,INFO,payment,User login
2026-01-28T21:01:24.845887,INFO,orders,Request OK
2026-01-28T21:01:25.049641,INFO,payment,Request OK
2026-01-28T21:01:25.252566,INFO,auth,Cache hit
2026-01-28T21:01:25.456622,INFO,payment,Cache hit
2026-01-28T21:01:25.659174,INFO,auth,Cache hit
2026-01-28T21:01:25.861283,ERROR,search,Null pointer
2026-01-28T21:01:26.064989,INFO,auth,Cache hit
2026-01-28T21:01:26.267836,INFO,orders,Cache hit
2026-01-28T21:01:26.470593,WARN,payment,Request OK
2026-01-28T21:01:26.673321,INFO,payment,Request OK
2026-01-28T21:01:26.875879,INFO,search,Cache hit
2026-01-28T21:01:27.078526,WARN,orders,Cache hit
2026-01-28T21:01:27.280509,INFO,search,User login
2026-01-28T21:01:27.482434,INFO,search,User login
2026-01-28T21:01:27.685338,ERROR,payment,Timeout
2026-01-28T21:01:27.887821,INFO,search,Request OK
2026-01-28T21:01:28.090106,INFO,search,Cache hit
2026-01-28T21:01:28.292521,INFO,payment,Request OK
2026-01-28T21:01:28.495237,INFO,search,Request OK
2026-01-28T21:01:28.697434,INFO,search,User login
2026-01-28T21:01:28.899978,WARN,payment,Request OK
2026-01-28T21:01:29.102989,INFO,orders,Cache hit
2026-01-28T21:01:29.305469,INFO,auth,Request OK
2026-01-28T21:01:29.507845,INFO,auth,Cache hit
2026-01-28T21:01:29.710089,INFO,search,Request OK
2026-01-28T21:01:29.913665,INFO,orders,User login
2026-01-28T21:01:30.115677,INFO,auth,User login
2026-01-28T21:01:30.319774,INFO,payment,User login
2026-01-28T21:01:30.522994,ERROR,orders,Timeout
2026-01-28T21:01:30.726224,ERROR,payment,Timeout
2026-01-28T21:01:30.928312,INFO,auth,Cache hit
2026-01-28T21:01:31.132441,INFO,auth,Cache hit
2026-01-28T21:01:31.335714,INFO,payment,Request OK
2026-01-28T21:01:31.538265,INFO,search,User login
2026-01-28T21:01:31.740578,INFO,orders,Cache hit
2026-01-28T21:01:31.942530,INFO,orders,User login
2026-01-28T21:01:32.146172,WARN,orders,User login
2026-01-28T21:01:32.348450,INFO,orders,User login
2026-01-28T21:01:32.550555,INFO,orders,User login
2026-01-28T21:01:32.753380,INFO,payment,User login
2026-01-28T21:01:32.956168,WARN,auth,Cache hit
2026-01-28T21:01:33.159139,INFO,payment,User login
2026-01-28T21:01:33.361329,INFO,search,User login
2026-01-28T21:01:33.563595,INFO,search,User login
2026-01-28T21:01:33.767064,ERROR,payment,Null pointer
2026-01-28T21:01:33.969191,INFO,orders,User login
2026-01-28T21:01:34.172349,INFO,orders,Cache hit
2026-01-28T21:01:34.374770,WARN,auth,Cache hit
2026-01-28T21:01:34.585947,INFO,orders,Request OK
2026-01-28T21:01:34.789309,INFO,orders,Cache hit
2026-01-28T21:01:34.991561,INFO,search,User login
2026-01-28T21:01:35.193989,INFO,payment,Cache hit
2026-01-28T21:01:35.397415,INFO,orders,Cache hit
2026-01-28T21:01:35.599710,INFO,search,Request OK
2026-01-28T21:01:35.801667,INFO,auth,Request OK
2026-01-28T21:01:36.004111,INFO,search,User login
2026-01-28T21:01:36.207226,INFO,orders,User login
2026-01-28T21:01:36.410420,INFO,payment,Request OK
2026-01-28T21:01:36.614501,INFO,payment,Request OK
2026-01-28T21:01:36.817438,INFO,payment,User login
2026-01-28T21:01:37.020188,INFO,search,Cache hit
2026-01-28T21:01:37.223422,INFO,auth,Request OK
2026-01-28T21:01:37.425917,WARN,search,Request OK
2026-01-28T21:01:37.629245,INFO,orders,User login
2026-01-28T21:01:37.832704,INFO,search,User login
2026-01-28T21:01:38.036864,INFO,auth,Request OK
2026-01-28T21:01:38.239966,INFO,search,User login
2026-01-28T21:01:38.442164,INFO,auth,Cache hit
2026-01-28T21:01:38.644337,INFO,payment,Cache hit
2026-01-28T21:01:38.846449,INFO,orders,User login
2026-01-28T21:01:39.048896,INFO,orders,Cache hit
2026-01-28T21:01:39.251795,INFO,auth,Request OK
2026-01-28T21:01:39.454238,WARN,search,User login
2026-01-28T21:01:39.656132,INFO,payment,Cache hit
2026-01-28T21:01:39.857574,INFO,payment,Cache hit
2026-01-28T21:01:40.059777,INFO,orders,Cache hit
2026-01-28T21:01:40.262434,INFO,orders,Cache hit
2026-01-28T21:01:40.465621,INFO,orders,User login
2026-01-28T21:01:40.668333,INFO,auth,Request OK
2026-01-28T21:01:40.870553,INFO,search,Cache hit
2026-01-28T21:01:41.073455,INFO,orders,Cache hit
2026-01-28T21:01:41.276331,INFO,orders,Cache hit
2026-01-28T21:01:41.479010,INFO,search,Cache hit
2026-01-28T21:01:41.681096,INFO,payment,User login
2026-01-28T21:01:41.884088,INFO,payment,User login
2026-01-28T21:01:42.086508,INFO,auth,Cache hit
2026-01-28T21:01:42.289252,WARN,payment,Cache hit
2026-01-28T21:01:42.492274,INFO,orders,User login
2026-01-28T21:01:42.694981,INFO,payment,Request OK
2026-01-28T21:01:42.897371,INFO,orders,User login
2026-01-28T21:01:43.099369,INFO,payment,Request OK
2026-01-28T21:01:43.302124,INFO,orders,Request OK
2026-01-28T21:01:43.507234,INFO,auth,Request OK
2026-01-28T21:01:43.709984,INFO,payment,Request OK
2026-01-28T21:01:43.912183,ERROR,search,Timeout
2026-01-28T21:01:44.119479,ERROR,auth,DB failure
2026-01-28T21:01:44.322752,INFO,orders,Cache hit
2026-01-28T21:01:44.525266,INFO,search,Cache hit
2026-01-28T21:01:44.727651,INFO,orders,User login
2026-01-28T21:01:44.929908,INFO,auth,Request OK
2026-01-28T21:01:45.151385,INFO,auth,User login
2026-01-28T21:01:45.355218,INFO,orders,Request OK
2026-01-28T21:01:45.557190,INFO,orders,Request OK
2026-01-28T21:01:45.760482,WARN,search,User login
2026-01-28T21:01:45.963013,INFO,payment,Cache hit
2026-01-28T21:01:46.166083,INFO,auth,Cache hit
2026-01-28T21:01:46.369197,WARN,payment,Cache hit
2026-01-28T21:01:46.572062,INFO,orders,User login
2026-01-28T21:01:46.775275,INFO,search,Cache hit
2026-01-28T21:01:46.977420,INFO,payment,User login
2026-01-28T21:01:47.179780,INFO,auth,Cache hit
2026-01-28T21:01:47.382115,ERROR,auth,Timeout
2026-01-28T21:01:47.584330,INFO,orders,User login
2026-01-28T21:01:47.787255,WARN,auth,User login
2026-01-28T21:01:47.989372,INFO,auth,Request OK
2026-01-28T21:01:48.192151,ERROR,search,Null pointer
2026-01-28T21:01:48.395057,INFO,payment,User login
2026-01-28T21:01:48.597180,INFO,orders,Request OK
2026-01-28T21:01:48.799880,INFO,search,Cache hit
2026-01-28T21:01:49.002374,ERROR,search,Timeout
2026-01-28T21:01:49.205708,INFO,orders,Cache hit
2026-01-28T21:01:49.408061,INFO,search,Cache hit
2026-01-28T21:01:49.610773,ERROR,search,Timeout
2026-01-28T21:01:49.813371,INFO,orders,Cache hit
2026-01-28T21:01:50.015974,INFO,search,Cache hit
2026-01-28T21:01:50.219331,INFO,orders,Request OK
2026-01-28T21:01:50.422294,WARN,search,User login
2026-01-28T21:01:50.624211,INFO,auth,Cache hit
2026-01-28T21:01:50.826337,INFO,payment,Request OK
2026-01-28T21:01:51.029067,INFO,auth,Cache hit
2026-01-28T21:01:51.232777,INFO,orders,User login
2026-01-28T21:01:51.436137,INFO,payment,Request OK
2026-01-28T21:01:51.638039,INFO,payment,User login
2026-01-28T21:01:51.841071,INFO,orders,User login
2026-01-28T21:01:52.044110,INFO,payment,User login
2026-01-28T21:01:52.246507,INFO,orders,User login
2026-01-28T21:01:52.448867,INFO,orders,Request OK
2026-01-28T21:01:52.650880,INFO,auth,User login
2026-01-28T21:01:52.853461,INFO,auth,Request OK
2026-01-28T21:01:53.056597,ERROR,auth,DB failure
2026-01-28T21:01:53.259063,INFO,payment,User login
2026-01-28T21:01:53.462323,INFO,orders,User login
2026-01-28T21:01:53.664691,INFO,search,Cache hit
2026-01-28T21:01:53.867839,INFO,auth,Request OK
2026-01-28T21:01:54.072366,ERROR,auth,Null pointer
2026-01-28T21:01:54.274641,INFO,auth,Cache hit
2026-01-28T21:01:54.477074,INFO,payment,Cache hit
2026-01-28T21:01:54.679224,INFO,payment,Cache hit
2026-01-28T21:01:54.882235,INFO,search,Request OK
2026-01-28T21:01:55.085608,INFO,payment,Request OK
2026-01-28T21:01:55.288149,INFO,search,Request OK
2026-01-28T21:01:55.491456,INFO,payment,User login
2026-01-28T21:01:55.694263,INFO,payment,User login
2026-01-28T21:01:55.897614,WARN,orders,Cache hit
2026-01-28T21:01:56.099491,WARN,search,User login
2026-01-28T21:01:56.301619,WARN,auth,Cache hit
2026-01-28T21:01:56.504060,WARN,payment,Cache hit
2026-01-28T21:01:56.705863,WARN,payment,Request OK
2026-01-28T21:01:56.907709,ERROR,search,Null pointer
2026-01-28T21:01:57.111058,INFO,payment,Request OK
2026-01-28T21:01:57.313884,INFO,payment,Cache hit
2026-01-28T21:01:57.516576,ERROR,orders,Timeout
2026-01-28T21:01:57.720225,INFO,payment,Cache hit
2026-01-28T21:01:57.923375,INFO,search,Request OK
2026-01-28T21:01:58.126067,WARN,payment,Request OK
2026-01-28T21:01:58.328316,INFO,orders,Cache hit
2026-01-28T21:01:58.531665,INFO,orders,Request OK
2026-01-28T21:01:58.735401,INFO,search,User login
2026-01-28T21:01:58.937450,INFO,search,Cache hit
2026-01-28T21:01:59.139882,INFO,orders,Cache hit
2026-01-28T21:01:59.342003,INFO,payment,Cache hit
2026-01-28T21:01:59.547659,INFO,auth,Cache hit
2026-01-28T21:01:59.752692,INFO,orders,User login
2026-01-28T21:01:59.955197,ERROR,search,Null pointer
2026-01-28T21:02:00.158431,INFO,search,Cache hit
2026-01-28T21:02:00.361071,INFO,auth,Request OK
2026-01-28T21:02:00.564301,INFO,payment,User login
2026-01-28T21:02:00.766896,INFO,payment,User login
2026-01-28T21:02:00.969113,INFO,orders,User login
2026-01-28T21:02:01.171064,INFO,search,User login
2026-01-28T21:02:01.373619,INFO,payment,Cache hit
2026-01-28T21:02:01.577264,INFO,search,Request OK
2026-01-28T21:02:01.780842,INFO,auth,Cache hit
2026-01-28T21:02:01.983462,INFO,auth,Cache hit
2026-01-28T21:02:02.185461,INFO,payment,User login
2026-01-28T21:02:02.388285,INFO,search,User login
2026-01-28T21:02:02.591581,INFO,auth,User login
2026-01-28T21:02:02.794358,INFO,orders,Cache hit
2026-01-28T21:02:02.997426,INFO,orders,User login
2026-01-28T21:02:03.216376,ERROR,orders,Timeout
2026-01-28T21:02:03.418357,INFO,search,Cache hit
2026-01-28T21:02:03.620457,INFO,orders,Cache hit
2026-01-28T21:02:03.823198,INFO,payment,Request OK
2026-01-28T21:02:04.025430,INFO,auth,Request OK
2026-01-28T21:02:04.228318,INFO,orders,Cache hit
2026-01-28T21:02:04.430956,INFO,payment,Cache hit
2026-01-28T21:02:04.633341,INFO,orders,Request OK
2026-01-28T21:02:04.835551,INFO,orders,Request OK
2026-01-28T21:02:05.038197,INFO,orders,Request OK
2026-01-28T21:02:05.241427,INFO,search,User login
2026-01-28T21:02:05.443660,INFO,search,Request OK
2026-01-28T21:02:05.647829,INFO,orders,Request OK
2026-01-28T21:02:05.849941,INFO,orders,User login
2026-01-28T21:02:06.051995,INFO,search,User login
2026-01-28T21:02:06.254483,INFO,orders,Cache hit
2026-01-28T21:02:06.457365,INFO,auth,User login
2026-01-28T21:02:06.660021,INFO,orders,User login
2026-01-28T21:02:06.862841,INFO,payment,Request OK
2026-01-28T21:02:07.065304,INFO,auth,User login
2026-01-28T21:02:07.267453,INFO,payment,Cache hit
2026-01-28T21:02:07.469845,WARN,auth,User login
2026-01-28T21:02:07.672185,WARN,search,Cache hit
2026-01-28T21:02:07.874356,INFO,search,User login
2026-01-28T21:02:08.076763,INFO,auth,Cache hit
2026-01-28T21:02:08.279927,ERROR,orders,DB failure
2026-01-28T21:02:08.482799,INFO,search,User login
2026-01-28T21:02:08.685828,INFO,payment,Cache hit
2026-01-28T21:02:08.888841,INFO,auth,Cache hit
2026-01-28T21:02:09.092903,INFO,payment,Cache hit
2026-01-28T21:02:09.296006,INFO,payment,Cache hit
2026-01-28T21:02:09.498173,INFO,orders,Request OK
2026-01-28T21:02:09.700382,INFO,payment,User login
2026-01-28T21:02:09.902219,INFO,search,Request OK
2026-01-28T21:02:10.104687,INFO,auth,Request OK
2026-01-28T21:02:10.306737,INFO,orders,User login
2026-01-28T21:02:10.509466,INFO,search,User login
2026-01-28T21:02:10.711728,INFO,orders,Cache hit
2026-01-28T21:02:10.914780,INFO,auth,User login
2026-01-28T21:02:11.118174,INFO,payment,Cache hit
2026-01-28T21:02:11.321188,INFO,search,Cache hit
2026-01-28T21:02:11.523608,INFO,auth,Cache hit
2026-01-28T21:02:11.725687,WARN,payment,Request OK
2026-01-28T21:02:11.929040,INFO,orders,Cache hit
2026-01-28T21:02:12.131755,INFO,search,User login
2026-01-28T21:02:12.334729,INFO,auth,User login
2026-01-28T21:02:12.538423,INFO,payment,User login
2026-01-28T21:02:12.741939,INFO,orders,Cache hit
2026-01-28T21:02:12.944673,WARN,search,Request OK
2026-01-28T21:02:13.147285,INFO,orders,Cache hit
2026-01-28T21:02:13.349845,INFO,orders,Cache hit
2026-01-28T21:02:13.552098,INFO,orders,Cache hit
2026-01-28T21:02:13.754354,ERROR,orders,DB failure
2026-01-28T21:02:13.957860,INFO,payment,Request OK
2026-01-28T21:02:14.160432,INFO,auth,User login
2026-01-28T21:02:14.362253,ERROR,search,Timeout
2026-01-28T21:02:14.564745,ERROR,payment,DB failure
2026-01-28T21:02:14.766994,INFO,payment,User login
2026-01-28T21:02:14.969907,INFO,search,Request OK
2026-01-28T21:02:15.171979,INFO,payment,User login
2026-01-28T21:02:15.375240,INFO,orders,Cache hit
2026-01-28T21:02:15.577689,INFO,search,User login
2026-01-28T21:02:15.780549,INFO,search,Request OK
2026-01-28T21:02:15.984025,INFO,search,User login
2026-01-28T21:02:16.187096,WARN,search,Cache hit
2026-01-28T21:02:16.389468,INFO,auth,Cache hit
2026-01-28T21:02:16.591831,ERROR,auth,Timeout
2026-01-28T21:02:16.793881,INFO,orders,User login
2026-01-28T21:02:16.996569,INFO,auth,Request OK
2026-01-28T21:02:17.199296,ERROR,auth,Null pointer
2026-01-28T21:02:17.401549,INFO,auth,Request OK
2026-01-28T21:02:17.603650,INFO,auth,User login
2026-01-28T21:02:17.805857,INFO,payment,Cache hit
2026-01-28T21:02:18.009046,INFO,payment,Cache hit
2026-01-28T21:02:18.211527,INFO,orders,Request OK
2026-01-28T21:02:18.414180,INFO,orders,User login
2026-01-28T21:02:18.619402,INFO,payment,Cache hit
2026-01-28T21:02:18.821551,INFO,payment,User login
2026-01-28T21:02:19.023991,INFO,auth,Request OK
2026-01-28T21:02:19.226211,ERROR,auth,Null pointer
2026-01-28T21:02:19.430229,INFO,orders,User login
2026-01-28T21:02:19.632992,INFO,search,User login
2026-01-28T21:02:19.835440,INFO,search,Request OK
2026-01-28T21:02:20.037853,INFO,search,Cache hit
2026-01-28T21:02:20.241812,INFO,orders,User login
2026-01-28T21:02:20.444591,ERROR,search,DB failure
2026-01-28T21:02:20.648585,INFO,payment,Cache hit
2026-01-28T21:02:20.851201,WARN,auth,Request OK
2026-01-28T21:02:21.053909,INFO,payment,User login
2026-01-28T21:02:21.256199,INFO,search,Request OK
2026-01-28T21:02:21.458335,INFO,orders,Cache hit
2026-01-28T21:02:21.659769,INFO,orders,User login
2026-01-28T21:02:21.861971,INFO,search,Cache hit
2026-01-28T21:02:22.064589,INFO,auth,Cache hit
2026-01-28T21:02:22.267143,ERROR,search,Null pointer
2026-01-28T21:02:22.471335,INFO,search,Cache hit
2026-01-28T21:02:22.673053,WARN,payment,User login
2026-01-28T21:02:22.875325,INFO,orders,User login
2026-01-28T21:02:23.078156,INFO,search,Cache hit
2026-01-28T21:02:23.280841,ERROR,orders,Null pointer
2026-01-28T21:02:23.486003,WARN,search,User login
2026-01-28T21:02:23.688061,INFO,auth,Request OK
2026-01-28T21:02:23.891560,ERROR,orders,DB failure
2026-01-28T21:02:24.093885,INFO,auth,Cache hit
2026-01-28T21:02:24.296110,INFO,search,Request OK
2026-01-28T21:02:24.498694,INFO,search,Request OK
2026-01-28T21:02:24.701109,INFO,auth,Cache hit
2026-01-28T21:02:24.904895,INFO,orders,User login
2026-01-28T21:02:25.107145,INFO,payment,User login
2026-01-28T21:02:25.310044,ERROR,search,Null pointer
2026-01-28T21:02:25.513566,ERROR,orders,Timeout
2026-01-28T21:02:25.716876,INFO,payment,Request OK
2026-01-28T21:02:25.919799,INFO,payment,Cache hit
2026-01-28T21:02:26.123175,INFO,orders,Request OK
2026-01-28T21:02:26.325452,INFO,payment,Cache hit
2026-01-28T21:02:26.527760,INFO,search,User login
2026-01-28T21:02:26.729922,INFO,auth,User login
2026-01-28T21:02:26.931966,INFO,payment,Request OK
2026-01-28T21:02:27.135482,INFO,orders,User login
2026-01-28T21:02:27.338490,INFO,orders,Cache hit
2026-01-28T21:02:27.542468,WARN,search,Cache hit
2026-01-28T21:02:27.755942,INFO,orders,Request OK
2026-01-28T21:02:27.959675,INFO,auth,Cache hit
2026-01-28T21:02:28.162423,INFO,orders,User login
2026-01-28T21:02:28.365405,INFO,payment,Cache hit
2026-01-28T21:02:28.568469,INFO,payment,Cache hit
2026-01-28T21:02:28.771190,INFO,orders,User login
2026-01-28T21:02:28.972858,INFO,payment,Cache hit
2026-01-28T21:02:29.175205,INFO,orders,Request OK
2026-01-28T21:02:29.378258,INFO,orders,Request OK
2026-01-28T21:02:29.582111,INFO,search,Cache hit
2026-01-28T21:02:29.784385,INFO,auth,Cache hit
2026-01-28T21:02:29.987464,INFO,payment,Cache hit
2026-01-28T21:02:30.190670,INFO,orders,User login
2026-01-28T21:02:30.392620,ERROR,payment,Null pointer
2026-01-28T21:02:30.594907,ERROR,auth,Timeout
2026-01-28T21:02:30.797120,INFO,payment,Cache hit
2026-01-28T21:02:30.999480,INFO,payment,Request OK
2026-01-28T21:02:31.202154,INFO,payment,Cache hit
2026-01-28T21:02:31.404233,INFO,payment,Request OK
2026-01-28T21:02:31.606606,INFO,payment,Cache hit
2026-01-28T21:02:31.808809,INFO,payment,Request OK
2026-01-28T21:02:32.011761,INFO,payment,User login
2026-01-28T21:02:32.215502,INFO,payment,Request OK
2026-01-28T21:02:32.419032,INFO,auth,User login
2026-01-28T21:02:32.621920,INFO,orders,Cache hit
2026-01-28T21:02:32.824770,INFO,auth,User login
2026-01-28T21:02:33.027474,INFO,auth,Cache hit
2026-01-28T21:02:33.232012,INFO,search,Request OK
2026-01-28T21:02:33.434642,INFO,orders,Request OK
2026-01-28T21:02:33.637622,ERROR,search,DB failure
2026-01-28T21:02:33.840184,INFO,payment,User login
2026-01-28T21:02:34.044327,INFO,orders,User login
2026-01-28T21:02:34.246376,INFO,search,Request OK
2026-01-28T21:02:34.450223,WARN,payment,User login
2026-01-28T21:02:34.652336,INFO,orders,User login
2026-01-28T21:02:34.854459,WARN,orders,Request OK
2026-01-28T21:02:35.057428,ERROR,orders,Timeout
2026-01-28T21:02:35.259937,INFO,orders,Request OK
2026-01-28T21:02:35.462896,INFO,search,Cache hit
2026-01-28T21:02:35.665915,INFO,auth,User login
2026-01-28T21:02:35.868150,INFO,orders,User login
2026-01-28T21:02:36.073017,INFO,search,Request OK
2026-01-28T21:02:36.276150,INFO,search,Cache hit
2026-01-28T21:02:36.478448,INFO,search,User login
2026-01-28T21:02:36.680861,INFO,auth,Cache hit
2026-01-28T21:02:36.883952,INFO,auth,Request OK
2026-01-28T21:02:37.086912,INFO,orders,User login
2026-01-28T21:02:37.289641,WARN,search,Cache hit
2026-01-28T21:02:37.491914,INFO,search,User login
2026-01-28T21:02:37.693668,INFO,search,Cache hit
2026-01-28T21:02:37.895417,INFO,orders,User login
2026-01-28T21:02:38.098230,INFO,search,User login
2026-01-28T21:02:38.301950,INFO,search,Request OK
2026-01-28T21:02:38.505916,INFO,orders,User login
2026-01-28T21:02:38.708139,INFO,payment,Request OK
2026-01-28T21:02:38.912169,ERROR,search,Timeout
2026-01-28T21:02:39.114699,INFO,auth,Cache hit
2026-01-28T21:02:39.317369,INFO,payment,Request OK
2026-01-28T21:02:39.520246,INFO,orders,Cache hit
2026-01-28T21:02:39.722758,INFO,payment,Cache hit
2026-01-28T21:02:39.927119,INFO,orders,User login
2026-01-28T21:02:40.130338,INFO,payment,Request OK
2026-01-28T21:02:40.333679,INFO,orders,Request OK
2026-01-28T21:02:40.537480,ERROR,search,Null pointer
2026-01-28T21:02:40.740636,INFO,search,User login
2026-01-28T21:02:40.945577,INFO,orders,Cache hit
2026-01-28T21:02:41.148102,ERROR,auth,Null pointer
2026-01-28T21:02:41.350597,INFO,orders,Cache hit
2026-01-28T21:02:41.553338,INFO,payment,Request OK
2026-01-28T21:02:41.755813,INFO,orders,User login
2026-01-28T21:02:41.960035,INFO,auth,Cache hit
2026-01-28T21:02:42.162685,WARN,auth,User login
2026-01-28T21:02:42.366123,INFO,search,Request OK
2026-01-28T21:02:42.568156,INFO,search,Request OK
2026-01-28T21:02:42.769945,INFO,payment,Cache hit
2026-01-28T21:02:42.972501,INFO,orders,Cache hit
2026-01-28T21:02:43.175864,ERROR,auth,Timeout
2026-01-28T21:02:43.378088,INFO,payment,Request OK
2026-01-28T21:02:43.580770,ERROR,payment,Null pointer
2026-01-28T21:02:43.783800,INFO,payment,Request OK
2026-01-28T21:02:43.986204,INFO,auth,Cache hit
2026-01-28T21:02:44.188853,INFO,payment,Cache hit
2026-01-28T21:02:44.391611,INFO,search,User login
2026-01-28T21:02:44.594415,INFO,orders,Request OK
2026-01-28T21:02:44.798195,INFO,orders,User login
2026-01-28T21:02:45.000799,INFO,payment,User login
2026-01-28T21:02:45.204119,INFO,payment,User login
2026-01-28T21:02:45.406110,WARN,auth,User login
2026-01-28T21:02:45.609676,ERROR,payment,Null pointer
2026-01-28T21:02:45.814461,INFO,payment,User login
2026-01-28T21:02:46.016828,INFO,orders,User login
2026-01-28T21:02:46.219448,INFO,auth,User login
2026-01-28T21:02:46.422108,INFO,orders,Cache hit
2026-01-28T21:02:46.624444,INFO,orders,Cache hit
2026-01-28T21:02:46.826660,INFO,payment,User login
2026-01-28T21:02:47.029761,INFO,orders,Cache hit
2026-01-28T21:02:47.232141,INFO,search,Request OK
2026-01-28T21:02:47.434643,INFO,payment,Request OK
2026-01-28T21:02:47.637331,INFO,orders,Cache hit
2026-01-28T21:02:47.840412,ERROR,orders,Null pointer
2026-01-28T21:02:48.042914,INFO,orders,Cache hit
2026-01-28T21:02:48.245321,INFO,auth,User login
2026-01-28T21:02:48.448006,INFO,orders,User login
2026-01-28T21:02:48.650968,INFO,orders,Cache hit
2026-01-28T21:02:48.855104,INFO,auth,Request OK
2026-01-28T21:02:49.057745,INFO,orders,Request OK
2026-01-28T21:02:49.260361,INFO,auth,Request OK
2026-01-28T21:02:49.463500,INFO,orders,Request OK
2026-01-28T21:02:49.668234,INFO,auth,Request OK
2026-01-28T21:02:49.871205,INFO,search,Cache hit
2026-01-28T21:02:50.073042,INFO,orders,User login
2026-01-28T21:02:50.276125,INFO,orders,Cache hit
2026-01-28T21:02:50.477837,INFO,orders,User login
2026-01-28T21:02:50.680202,INFO,orders,Cache hit
2026-01-28T21:02:50.883129,INFO,auth,User login
2026-01-28T21:02:51.085695,INFO,payment,Cache hit
2026-01-28T21:02:51.288018,ERROR,orders,Timeout
2026-01-28T21:02:51.491868,INFO,payment,Cache hit
2026-01-28T21:02:51.695334,INFO,search,Cache hit
2026-01-28T21:02:51.898628,INFO,orders,User login
2026-01-28T21:02:52.101420,INFO,auth,User login
2026-01-28T21:02:52.303531,INFO,orders,Request OK
2026-01-28T21:02:52.507443,INFO,payment,User login
2026-01-28T21:02:52.709498,ERROR,search,Null pointer
2026-01-28T21:02:52.912073,INFO,orders,Cache hit
2026-01-28T21:02:53.114306,INFO,auth,Request OK
2026-01-28T21:02:53.316854,INFO,orders,Request OK
2026-01-28T21:02:53.520063,INFO,payment,Cache hit
2026-01-28T21:02:53.722567,INFO,payment,Cache hit
2026-01-28T21:02:53.924897,WARN,auth,User login
2026-01-28T21:02:54.127496,INFO,auth,User login
2026-01-28T21:02:54.330822,INFO,payment,Cache hit
2026-01-28T21:02:54.533399,INFO,payment,Cache hit
2026-01-28T21:02:54.736939,INFO,auth,Request OK
2026-01-28T21:02:54.939256,ERROR,orders,DB failure
2026-01-28T21:02:55.141519,INFO,auth,Cache hit
2026-01-28T21:02:55.344623,INFO,auth,Request OK
2026-01-28T21:02:55.546576,INFO,orders,User login
2026-01-28T21:02:55.748737,WARN,auth,User login
2026-01-28T21:02:55.951381,WARN,orders,User login
2026-01-28T21:02:56.153836,INFO,auth,Cache hit
2026-01-28T21:02:56.358512,INFO,payment,Request OK
2026-01-28T21:02:56.560518,INFO,orders,Request OK
2026-01-28T21:02:56.763201,ERROR,search,DB failure
2026-01-28T21:02:56.966306,INFO,search,User login
2026-01-28T21:02:57.168854,INFO,payment,Cache hit
2026-01-28T21:02:57.371841,INFO,orders,User login
2026-01-28T21:02:57.574565,INFO,payment,Cache hit
2026-01-28T21:02:57.777254,INFO,orders,Request OK
2026-01-28T21:02:57.979473,INFO,auth,Request OK
2026-01-28T21:02:58.182646,ERROR,orders,Timeout
2026-01-28T21:02:58.384794,INFO,auth,Request OK
2026-01-28T21:02:58.587541,ERROR,orders,Timeout
2026-01-28T21:02:58.790154,INFO,auth,User login
2026-01-28T21:02:58.992656,INFO,search,User login
2026-01-28T21:02:59.195647,INFO,auth,User login
2026-01-28T21:02:59.398518,INFO,payment,Cache hit
2026-01-28T21:02:59.600596,INFO,auth,User login
2026-01-28T21:02:59.802966,INFO,search,Cache hit
2026-01-28T21:03:00.004868,INFO,orders,Request OK
2026-01-28T21:03:00.208905,INFO,search,User login
2026-01-28T21:03:00.411037,INFO,auth,Request OK
2026-01-28T21:03:00.613355,INFO,search,User login
2026-01-28T21:03:00.816472,INFO,search,Request OK
2026-01-28T21:03:01.018676,INFO,payment,Request OK
2026-01-28T21:03:01.221638,INFO,auth,Cache hit
2026-01-28T21:03:01.428513,INFO,orders,Request OK
2026-01-28T21:03:01.634272,INFO,search,Cache hit
2026-01-28T21:03:01.836694,INFO,search,Request OK
2026-01-28T21:03:02.038829,INFO,search,User login
2026-01-28T21:03:02.242236,INFO,search,User login
2026-01-28T21:03:02.445099,INFO,auth,Request OK
2026-01-28T21:03:02.648096,INFO,orders,Request OK
2026-01-28T21:03:02.850916,INFO,orders,User login
2026-01-28T21:03:03.053714,WARN,orders,Cache hit
2026-01-28T21:03:03.257453,INFO,payment,Request OK
2026-01-28T21:03:03.465021,INFO,payment,User login
2026-01-28T21:03:03.666858,INFO,orders,Request OK
2026-01-28T21:03:03.869974,INFO,orders,Request OK
2026-01-28T21:03:04.072991,INFO,payment,Request OK
2026-01-28T21:03:04.275728,INFO,orders,Cache hit
2026-01-28T21:03:04.478502,INFO,payment,Request OK
2026-01-28T21:03:04.681564,INFO,orders,Request OK
2026-01-28T21:03:04.883441,INFO,auth,Cache hit
2026-01-28T21:03:05.086888,WARN,search,Request OK
2026-01-28T21:03:05.289092,INFO,auth,Cache hit
2026-01-28T21:03:05.491433,INFO,payment,Request OK
2026-01-28T21:03:05.693382,INFO,payment,Cache hit
2026-01-28T21:03:05.896154,WARN,auth,Cache hit
2026-01-28T21:03:06.099601,INFO,auth,User login
2026-01-28T21:03:06.303131,ERROR,payment,Timeout
2026-01-28T21:03:06.505218,INFO,orders,Request OK
2026-01-28T21:03:06.707796,INFO,payment,Request OK
2026-01-28T21:03:06.910620,ERROR,auth,Null pointer
2026-01-28T21:03:07.113156,INFO,orders,Request OK
2026-01-28T21:03:07.315488,INFO,search,Cache hit
2026-01-28T21:03:07.518634,INFO,search,User login
2026-01-28T21:03:07.721192,INFO,search,Cache hit
2026-01-28T21:03:07.924690,INFO,payment,User login
2026-01-28T21:03:08.127036,INFO,payment,Cache hit
2026-01-28T21:03:08.329640,WARN,auth,Request OK
2026-01-28T21:03:08.532234,ERROR,orders,Timeout
2026-01-28T21:03:08.734487,INFO,orders,User login
2026-01-28T21:03:08.937157,INFO,search,Request OK
2026-01-28T21:03:09.140436,INFO,orders,Request OK
2026-01-28T21:03:09.343121,WARN,auth,Request OK
2026-01-28T21:03:09.545964,INFO,payment,User login
2026-01-28T21:03:09.749525,ERROR,payment,Null pointer
2026-01-28T21:03:09.955790,INFO,auth,Request OK
2026-01-28T21:03:10.157600,INFO,auth,User login
2026-01-28T21:03:10.359626,INFO,auth,User login
2026-01-28T21:03:10.562002,INFO,orders,Request OK
2026-01-28T21:03:10.765422,INFO,auth,Request OK
2026-01-28T21:03:10.967989,INFO,auth,User login
2026-01-28T21:03:11.170746,INFO,search,Cache hit
2026-01-28T21:03:11.374933,INFO,orders,User login
2026-01-28T21:03:11.577486,WARN,payment,Cache hit
2026-01-28T21:03:11.780991,INFO,orders,Request OK
2026-01-28T21:03:11.983541,INFO,search,User login
2026-01-28T21:03:12.185918,INFO,orders,Request OK
2026-01-28T21:03:12.391084,INFO,payment,Request OK
2026-01-28T21:03:12.593668,INFO,auth,Cache hit
2026-01-28T21:03:12.795840,INFO,payment,Cache hit
2026-01-28T21:03:12.997933,INFO,payment,Cache hit
2026-01-28T21:03:13.201741,INFO,search,User login
2026-01-28T21:03:13.403906,INFO,payment,User login
2026-01-28T21:03:13.605742,INFO,search,User login
2026-01-28T21:03:13.807887,ERROR,payment,DB failure
2026-01-28T21:03:14.010490,ERROR,auth,Null pointer
2026-01-28T21:03:14.212934,WARN,auth,User login
2026-01-28T21:03:14.415504,INFO,search,Request OK
2026-01-28T21:03:14.617527,INFO,search,Request OK
2026-01-28T21:03:14.819730,WARN,search,Cache hit
2026-01-28T21:03:15.021914,INFO,orders,User login
2026-01-28T21:03:15.225537,INFO,auth,Request OK
2026-01-28T21:03:15.428556,INFO,orders,User login
2026-01-28T21:03:15.630646,INFO,auth,Cache hit
2026-01-28T21:03:15.833203,WARN,search,Request OK
2026-01-28T21:03:16.035718,INFO,search,Request OK
2026-01-28T21:03:16.238564,WARN,auth,Request OK
2026-01-28T21:03:16.442245,INFO,payment,Request OK
2026-01-28T21:03:16.644645,ERROR,orders,DB failure
2026-01-28T21:03:16.848447,INFO,search,Cache hit
2026-01-28T21:03:17.050987,INFO,auth,Cache hit
2026-01-28T21:03:17.254701,INFO,orders,Request OK
2026-01-28T21:03:17.457139,INFO,search,Cache hit
2026-01-28T21:03:17.659313,WARN,search,User login
2026-01-28T21:03:17.861973,INFO,auth,Request OK
2026-01-28T21:03:18.064454,INFO,search,Cache hit
2026-01-28T21:03:18.266652,ERROR,auth,Null pointer
2026-01-28T21:03:18.469236,INFO,payment,Cache hit
2026-01-28T21:03:18.671281,INFO,payment,User login
2026-01-28T21:03:18.873513,INFO,orders,Request OK
2026-01-28T21:03:19.077485,INFO,orders,User login
2026-01-28T21:03:19.279918,INFO,auth,Cache hit
2026-01-28T21:03:19.483211,INFO,payment,User login
2026-01-28T21:03:19.685126,INFO,auth,Request OK
2026-01-28T21:03:19.887341,INFO,payment,Request OK
2026-01-28T21:03:20.093397,INFO,auth,User login
2026-01-28T21:03:20.295641,INFO,orders,Cache hit
2026-01-28T21:03:20.498046,INFO,payment,Request OK
2026-01-28T21:03:20.700176,INFO,search,User login
2026-01-28T21:03:20.905513,INFO,auth,User login
2026-01-28T21:03:21.110549,ERROR,orders,Null pointer
2026-01-28T21:03:21.316285,INFO,orders,Cache hit
2026-01-28T21:03:21.518409,INFO,search,Request OK
2026-01-28T21:03:21.722076,INFO,auth,Request OK
2026-01-28T21:03:21.925223,INFO,auth,Request OK
2026-01-28T21:03:22.127211,INFO,orders,Cache hit
2026-01-28T21:03:22.330173,INFO,auth,User login
2026-01-28T21:03:22.532615,INFO,orders,Request OK
2026-01-28T21:03:22.734951,WARN,search,User login
2026-01-28T21:03:22.937597,WARN,orders,Cache hit
2026-01-28T21:03:23.140041,INFO,orders,Request OK
2026-01-28T21:03:23.342945,INFO,auth,Request OK
2026-01-28T21:03:23.545407,INFO,search,User login
2026-01-28T21:03:23.747294,INFO,auth,Cache hit
2026-01-28T21:03:23.950457,ERROR,auth,Null pointer
2026-01-28T21:03:24.152346,INFO,payment,Request OK
2026-01-28T21:03:24.355265,INFO,search,Cache hit
2026-01-28T21:03:24.557967,INFO,payment,User login
2026-01-28T21:03:24.760359,INFO,search,Cache hit
2026-01-28T21:03:24.963116,WARN,auth,Cache hit
2026-01-28T21:03:25.165829,ERROR,search,DB failure
2026-01-28T21:03:25.368669,INFO,search,User login
2026-01-28T21:03:25.570996,INFO,orders,Cache hit
2026-01-28T21:03:25.773447,INFO,search,Request OK
2026-01-28T21:03:25.975612,INFO,search,Cache hit
2026-01-28T21:03:26.178301,INFO,search,Request OK
2026-01-28T21:03:26.380738,ERROR,orders,Null pointer
2026-01-28T21:03:26.583311,INFO,orders,Cache hit
2026-01-28T21:03:26.786501,INFO,payment,Cache hit
2026-01-28T21:03:26.989124,INFO,search,Request OK
2026-01-28T21:03:27.191369,ERROR,auth,Null pointer
2026-01-28T21:03:27.393793,INFO,search,Request OK
2026-01-28T21:03:27.596264,INFO,auth,User login
2026-01-28T21:03:27.800354,INFO,search,Request OK
2026-01-28T21:03:28.003345,INFO,payment,Cache hit
2026-01-28T21:03:28.207584,WARN,search,User login
2026-01-28T21:03:28.409676,INFO,search,User login
2026-01-28T21:03:28.611785,INFO,orders,User login
2026-01-28T21:03:28.814956,INFO,orders,User login
2026-01-28T21:03:29.017161,ERROR,search,Null pointer
2026-01-28T21:03:29.220961,INFO,payment,Request OK
2026-01-28T21:03:29.423181,INFO,orders,Request OK
2026-01-28T21:03:29.626767,INFO,payment,Request OK
2026-01-28T21:03:29.830840,INFO,orders,User login
2026-01-28T21:03:30.033431,INFO,orders,User login
2026-01-28T21:03:30.237765,INFO,payment,Request OK
2026-01-28T21:03:30.440891,INFO,payment,User login
2026-01-28T21:03:30.642715,INFO,orders,Request OK
2026-01-28T21:03:30.845860,INFO,auth,User login
2026-01-28T21:03:31.048461,INFO,orders,User login
2026-01-28T21:03:31.250871,INFO,orders,Cache hit
2026-01-28T21:03:31.453891,WARN,auth,Request OK
2026-01-28T21:03:31.657772,WARN,auth,User login
2026-01-28T21:03:31.860176,INFO,payment,User login
2026-01-28T21:03:32.063146,INFO,payment,Cache hit
2026-01-28T21:03:32.266260,INFO,search,Request OK
2026-01-28T21:03:32.470007,ERROR,orders,Null pointer
2026-01-28T21:03:32.672755,INFO,orders,User login
2026-01-28T21:03:32.874260,INFO,auth,Cache hit
2026-01-28T21:03:33.077982,INFO,auth,Cache hit
2026-01-28T21:03:33.281706,INFO,orders,Cache hit
2026-01-28T21:03:33.484974,INFO,auth,User login
2026-01-28T21:03:33.688809,INFO,orders,User login
2026-01-28T21:03:33.890630,INFO,payment,Request OK
2026-01-28T21:03:34.093187,INFO,orders,User login
2026-01-28T21:03:34.296089,ERROR,orders,DB failure
2026-01-28T21:03:34.498443,WARN,orders,Request OK
2026-01-28T21:03:34.700823,INFO,payment,Request OK
2026-01-28T21:03:34.902987,INFO,search,Cache hit
2026-01-28T21:03:35.105392,INFO,payment,Request OK
2026-01-28T21:03:35.307668,INFO,payment,Request OK
2026-01-28T21:03:35.510943,INFO,auth,User login
2026-01-28T21:03:35.713922,INFO,payment,Request OK
2026-01-28T21:03:35.915967,INFO,orders,Request OK
2026-01-28T21:03:36.118017,INFO,auth,User login
2026-01-28T21:03:36.320994,INFO,auth,User login
2026-01-28T21:03:36.523967,INFO,orders,Cache hit
2026-01-28T21:03:36.726198,ERROR,search,Timeout
2026-01-28T21:03:36.929219,WARN,payment,Cache hit
2026-01-28T21:03:37.131446,INFO,search,Cache hit
2026-01-28T21:03:37.333482,INFO,search,Request OK
2026-01-28T21:03:37.537335,INFO,auth,User login
2026-01-28T21:03:37.740959,INFO,auth,User login
2026-01-28T21:03:37.943600,INFO,payment,Request OK
2026-01-28T21:03:38.146180,INFO,search,User login
2026-01-28T21:03:38.348512,INFO,auth,Request OK
2026-01-28T21:03:38.551460,INFO,auth,Request OK
2026-01-28T21:03:38.754429,INFO,auth,User login
2026-01-28T21:03:38.956831,INFO,auth,Cache hit
2026-01-28T21:03:39.159056,INFO,search,Cache hit
2026-01-28T21:03:39.362866,INFO,orders,Request OK
2026-01-28T21:03:39.566255,INFO,search,User login
2026-01-28T21:03:39.768769,INFO,search,Cache hit
2026-01-28T21:03:39.970851,WARN,search,Request OK
2026-01-28T21:03:40.173113,INFO,orders,Request OK
2026-01-28T21:03:40.376285,INFO,auth,User login
2026-01-28T21:03:40.578794,INFO,orders,Cache hit
2026-01-28T21:03:40.780704,INFO,orders,Cache hit
2026-01-28T21:03:40.982980,INFO,search,User login
2026-01-28T21:03:41.185457,INFO,payment,Request OK
2026-01-28T21:03:41.387080,INFO,payment,Request OK
2026-01-28T21:03:41.590000,WARN,orders,User login
2026-01-28T21:03:41.792651,INFO,payment,Cache hit
2026-01-28T21:03:41.995973,ERROR,payment,Timeout
2026-01-28T21:03:42.198369,INFO,orders,User login
2026-01-28T21:03:42.401485,INFO,payment,User login
2026-01-28T21:03:42.606361,INFO,auth,Request OK
2026-01-28T21:03:42.808787,WARN,orders,User login
2026-01-28T21:03:43.011154,INFO,auth,Cache hit
2026-01-28T21:03:43.214136,INFO,payment,Request OK
2026-01-28T21:03:43.416582,ERROR,payment,Timeout
2026-01-28T21:03:43.618866,INFO,payment,Cache hit
2026-01-28T21:03:43.821373,ERROR,orders,DB failure
2026-01-28T21:03:44.023295,INFO,auth,Request OK
2026-01-28T21:03:44.227747,INFO,orders,User login
2026-01-28T21:03:44.431893,INFO,auth,Cache hit
2026-01-28T21:03:44.634730,INFO,orders,Request OK
2026-01-28T21:03:44.837808,WARN,search,User login
2026-01-28T21:03:45.040605,ERROR,search,Timeout
2026-01-28T21:03:45.244199,INFO,payment,Cache hit
2026-01-28T21:03:45.446034,INFO,search,Request OK
2026-01-28T21:03:45.648086,INFO,search,User login
2026-01-28T21:03:45.850369,WARN,orders,User login
2026-01-28T21:03:46.053172,INFO,search,User login
2026-01-28T21:03:46.256228,INFO,auth,User login
2026-01-28T21:03:46.459125,INFO,orders,Cache hit
2026-01-28T21:03:46.661775,INFO,search,Request OK
2026-01-28T21:03:46.864201,INFO,orders,User login
2026-01-28T21:03:47.066859,ERROR,auth,Null pointer
2026-01-28T21:03:47.268824,INFO,orders,User login
2026-01-28T21:03:47.470523,WARN,orders,User login
2026-01-28T21:03:47.673710,INFO,auth,Request OK
2026-01-28T21:03:47.875899,INFO,orders,User login
2026-01-28T21:03:48.078817,INFO,auth,Request OK
2026-01-28T21:03:48.280853,INFO,auth,Cache hit
2026-01-28T21:03:48.483691,INFO,orders,Cache hit
2026-01-28T21:03:48.686331,INFO,payment,Request OK
2026-01-28T21:03:48.888616,ERROR,payment,DB failure
2026-01-28T21:03:49.090681,INFO,payment,Request OK
2026-01-28T21:03:49.293074,INFO,orders,User login
2026-01-28T21:03:49.495722,WARN,payment,Cache hit
2026-01-28T21:03:49.698099,ERROR,orders,Timeout
2026-01-28T21:03:49.900261,INFO,orders,User login
2026-01-28T21:03:50.102954,INFO,payment,Request OK
2026-01-28T21:03:50.305684,WARN,payment,Request OK
2026-01-28T21:03:50.509321,INFO,orders,Request OK
2026-01-28T21:03:50.712052,INFO,orders,Request OK
2026-01-28T21:03:50.914713,INFO,search,User login
2026-01-28T21:03:51.117977,INFO,search,Cache hit
2026-01-28T21:03:51.320192,WARN,orders,Cache hit
2026-01-28T21:03:51.522815,WARN,auth,Request OK
2026-01-28T21:03:51.726094,INFO,auth,Cache hit
2026-01-28T21:03:51.929527,INFO,search,Cache hit
2026-01-28T21:03:52.132679,INFO,orders,User login
2026-01-28T21:03:52.335126,ERROR,auth,DB failure
2026-01-28T21:03:52.537394,INFO,payment,User login
2026-01-28T21:03:52.739785,INFO,payment,Request OK
2026-01-28T21:03:52.945186,INFO,auth,User login
2026-01-28T21:03:53.149313,INFO,payment,Cache hit
2026-01-28T21:03:53.351497,INFO,payment,Cache hit
2026-01-28T21:03:53.553729,INFO,payment,Request OK
2026-01-28T21:03:53.756445,INFO,auth,User login
2026-01-28T21:03:53.960455,INFO,search,Request OK
2026-01-28T21:03:54.163114,INFO,search,Request OK
2026-01-28T21:03:54.365170,INFO,search,Cache hit
2026-01-28T21:03:54.567789,INFO,search,Cache hit
2026-01-28T21:03:54.770730,INFO,auth,Request OK
2026-01-28T21:03:54.974234,ERROR,orders,DB failure
2026-01-28T21:03:55.176662,WARN,payment,Cache hit
2026-01-28T21:03:55.379657,INFO,orders,Request OK
2026-01-28T21:03:55.582465,INFO,payment,Cache hit
2026-01-28T21:03:55.785824,INFO,payment,Request OK
2026-01-28T21:03:55.989120,INFO,auth,Cache hit
2026-01-28T21:03:56.191847,INFO,orders,Cache hit
2026-01-28T21:03:56.394168,INFO,orders,Request OK
2026-01-28T21:03:56.596549,INFO,orders,Cache hit
2026-01-28T21:03:56.800627,WARN,search,User login
2026-01-28T21:03:57.004945,INFO,search,Cache hit
2026-01-28T21:03:57.207755,ERROR,orders,DB failure
2026-01-28T21:03:57.409987,INFO,orders,User login
2026-01-28T21:03:57.612465,INFO,orders,Request OK
2026-01-28T21:03:57.816543,INFO,auth,User login
2026-01-28T21:03:58.019394,INFO,auth,User login
2026-01-28T21:03:58.221612,INFO,auth,User login
2026-01-28T21:03:58.424015,INFO,auth,Request OK
2026-01-28T21:03:58.626665,INFO,orders,Request OK
2026-01-28T21:03:58.829752,INFO,orders,Cache hit
2026-01-28T21:03:59.034576,INFO,search,User login
2026-01-28T21:03:59.237025,INFO,auth,User login
2026-01-28T21:03:59.439409,INFO,search,User login
2026-01-28T21:03:59.642535,INFO,auth,User login
2026-01-28T21:03:59.844786,INFO,search,Request OK
2026-01-28T21:04:00.046701,INFO,orders,User login
2026-01-28T21:04:00.248873,INFO,payment,User login
2026-01-28T21:04:00.450856,INFO,search,User login
2026-01-28T21:04:00.654263,ERROR,orders,DB failure
2026-01-28T21:04:00.856177,INFO,auth,Request OK
2026-01-28T21:04:01.058806,WARN,orders,Request OK
2026-01-28T21:04:01.260783,INFO,auth,Request OK
2026-01-28T21:04:01.463395,INFO,auth,User login
2026-01-28T21:04:01.667592,INFO,orders,Request OK
2026-01-28T21:04:01.869440,INFO,auth,Cache hit
2026-01-28T21:04:02.071582,INFO,search,Cache hit
2026-01-28T21:04:02.275514,INFO,search,Request OK
2026-01-28T21:04:02.478044,WARN,search,Cache hit
2026-01-28T21:04:02.681432,INFO,search,User login
2026-01-28T21:04:02.885261,INFO,payment,Request OK
2026-01-28T21:04:03.087195,INFO,payment,Request OK
2026-01-28T21:04:03.289983,INFO,search,Cache hit
2026-01-28T21:04:03.493806,INFO,payment,Request OK
2026-01-28T21:04:03.695106,INFO,auth,Cache hit
2026-01-28T21:04:03.897023,ERROR,search,Timeout
2026-01-28T21:04:04.098817,INFO,auth,User login
2026-01-28T21:04:04.301962,INFO,auth,User login
2026-01-28T21:04:04.505934,ERROR,search,Null pointer
2026-01-28T21:04:04.708110,INFO,payment,Request OK
2026-01-28T21:04:04.910514,INFO,search,Cache hit
2026-01-28T21:04:05.113712,WARN,orders,User login
2026-01-28T21:04:05.316916,INFO,payment,Cache hit
2026-01-28T21:04:05.520808,INFO,payment,Cache hit
2026-01-28T21:04:05.723531,INFO,search,Request OK
2026-01-28T21:04:05.925378,INFO,payment,Request OK
2026-01-28T21:04:06.127377,INFO,auth,Cache hit
2026-01-28T21:04:06.329948,ERROR,payment,DB failure
2026-01-28T21:04:06.532697,INFO,auth,Request OK
2026-01-28T21:04:06.735551,INFO,payment,User login
2026-01-28T21:04:06.938819,WARN,payment,User login
2026-01-28T21:04:07.145208,INFO,search,User login
2026-01-28T21:04:07.352452,INFO,search,Request OK
2026-01-28T21:04:07.555007,INFO,search,User login
2026-01-28T21:04:07.758552,INFO,payment,Request OK
2026-01-28T21:04:07.961402,ERROR,auth,DB failure
2026-01-28T21:04:08.164291,INFO,auth,User login
2026-01-28T21:04:08.368196,INFO,search,Cache hit
2026-01-28T21:04:08.570340,INFO,orders,User login
2026-01-28T21:04:08.772634,WARN,payment,User login
2026-01-28T21:04:08.975097,ERROR,orders,Timeout
2026-01-28T21:04:09.178367,INFO,auth,User login
2026-01-28T21:04:09.380489,INFO,search,Request OK
2026-01-28T21:04:09.582603,INFO,auth,User login
2026-01-28T21:04:09.784538,INFO,auth,Cache hit
2026-01-28T21:04:09.987451,INFO,auth,Request OK
2026-01-28T21:04:10.190592,INFO,auth,Cache hit
2026-01-28T21:04:10.393068,WARN,search,Request OK
2026-01-28T21:04:10.595408,ERROR,search,Timeout
2026-01-28T21:04:10.797674,WARN,orders,User login
2026-01-28T21:04:11.000062,INFO,search,Cache hit
2026-01-28T21:04:11.202870,INFO,search,User login
2026-01-28T21:04:11.405730,WARN,payment,Cache hit
2026-01-28T21:04:11.608108,INFO,payment,Request OK
2026-01-28T21:04:11.811571,INFO,search,User login
2026-01-28T21:04:12.016101,INFO,search,Request OK
2026-01-28T21:04:12.224429,WARN,orders,User login
2026-01-28T21:04:12.427258,ERROR,payment,Timeout
2026-01-28T21:04:12.631299,INFO,payment,User login
2026-01-28T21:04:12.833520,INFO,search,Cache hit
2026-01-28T21:04:13.035957,INFO,payment,Cache hit
2026-01-28T21:04:13.239051,INFO,auth,User login
2026-01-28T21:04:13.441658,INFO,auth,Request OK
2026-01-28T21:04:13.644606,INFO,search,User login
2026-01-28T21:04:13.846915,INFO,search,Cache hit
2026-01-28T21:04:14.048763,INFO,orders,Request OK
2026-01-28T21:04:14.251251,INFO,payment,Cache hit
2026-01-28T21:04:14.453477,INFO,auth,Request OK
2026-01-28T21:04:14.655634,INFO,search,User login
2026-01-28T21:04:14.857932,ERROR,auth,Null pointer
2026-01-28T21:04:15.060177,WARN,orders,Request OK
2026-01-28T21:04:15.262554,INFO,orders,User login
2026-01-28T21:04:15.464583,INFO,auth,User login
2026-01-28T21:04:15.669175,INFO,search,User login
2026-01-28T21:04:15.871788,WARN,auth,Request OK
2026-01-28T21:04:16.074389,INFO,auth,Request OK
2026-01-28T21:04:16.277323,WARN,auth,Request OK
2026-01-28T21:04:16.479538,WARN,payment,Request OK
2026-01-28T21:04:16.681637,INFO,search,User login
2026-01-28T21:04:16.883839,INFO,search,Cache hit
2026-01-28T21:04:17.086697,INFO,payment,Request OK
2026-01-28T21:04:17.289217,INFO,auth,User login
2026-01-28T21:04:17.491810,WARN,orders,Cache hit
2026-01-28T21:04:17.695116,INFO,payment,User login
2026-01-28T21:04:17.898314,INFO,payment,Request OK
2026-01-28T21:04:18.101180,INFO,payment,User login
2026-01-28T21:04:18.303893,WARN,auth,User login
2026-01-28T21:04:18.506711,INFO,auth,Request OK
2026-01-28T21:04:18.709438,INFO,auth,Request OK
2026-01-28T21:04:18.911592,INFO,payment,Request OK
2026-01-28T21:04:19.114551,INFO,orders,User login
2026-01-28T21:04:19.318012,INFO,auth,Request OK
2026-01-28T21:04:19.520216,INFO,payment,User login
2026-01-28T21:04:19.722894,INFO,auth,Request OK
2026-01-28T21:04:19.925501,INFO,search,Request OK
2026-01-28T21:04:20.128055,INFO,orders,User login
2026-01-28T21:04:20.330710,INFO,payment,Cache hit
2026-01-28T21:04:20.533077,INFO,auth,Request OK
2026-01-28T21:04:20.735406,INFO,auth,User login
2026-01-28T21:04:20.937567,WARN,auth,User login
2026-01-28T21:04:21.141976,INFO,auth,User login
2026-01-28T21:04:21.344562,INFO,search,Request OK
2026-01-28T21:04:21.547142,ERROR,search,DB failure
2026-01-28T21:04:21.749525,INFO,auth,User login
2026-01-28T21:04:21.952093,INFO,auth,Cache hit
2026-01-28T21:04:22.154271,INFO,payment,User login
2026-01-28T21:04:22.357676,INFO,payment,User login
2026-01-28T21:04:22.560245,INFO,auth,Cache hit
2026-01-28T21:04:22.763319,INFO,auth,Request OK
2026-01-28T21:04:22.965525,INFO,search,User login
2026-01-28T21:04:23.168378,INFO,search,User login
2026-01-28T21:04:23.375342,ERROR,auth,Null pointer
2026-01-28T21:04:23.584916,INFO,payment,Cache hit
2026-01-28T21:04:23.803305,INFO,search,User login
2026-01-28T21:04:24.015997,INFO,orders,Request OK
2026-01-28T21:04:24.231405,INFO,orders,Request OK
2026-01-28T21:04:24.445314,INFO,orders,User login
2026-01-28T21:04:24.665597,INFO,search,User login
2026-01-28T21:04:24.885734,INFO,auth,User login
2026-01-28T21:04:25.107635,WARN,search,Request OK
2026-01-28T21:04:25.328604,ERROR,search,Null pointer
2026-01-28T21:04:25.547704,WARN,orders,Request OK
2026-01-28T21:04:25.756520,WARN,payment,Cache hit
2026-01-28T21:04:25.964211,INFO,search,User login
2026-01-28T21:04:26.172172,WARN,auth,User login
2026-01-28T21:04:26.379652,INFO,payment,Request OK
2026-01-28T21:04:26.582970,ERROR,orders,Timeout
2026-01-28T21:04:26.785042,INFO,orders,Cache hit
2026-01-28T21:04:26.988762,INFO,search,Request OK
2026-01-28T21:04:27.192552,INFO,auth,User login
2026-01-28T21:04:27.396324,ERROR,search,Timeout
2026-01-28T21:04:27.600927,WARN,orders,Request OK
2026-01-28T21:04:27.803647,INFO,auth,Request OK
2026-01-28T21:04:28.005485,INFO,orders,User login
2026-01-28T21:04:28.207538,INFO,orders,User login
2026-01-28T21:04:28.409801,INFO,search,Cache hit
2026-01-28T21:04:28.613262,INFO,auth,Cache hit
2026-01-28T21:04:28.815688,INFO,auth,User login
2026-01-28T21:04:29.017751,ERROR,search,Timeout
2026-01-28T21:04:29.220049,INFO,payment,User login
2026-01-28T21:04:29.422631,INFO,payment,Cache hit
2026-01-28T21:04:29.625337,INFO,search,User login
2026-01-28T21:04:29.828113,INFO,search,User login
2026-01-28T21:04:30.030553,INFO,payment,User login
2026-01-28T21:04:30.232989,INFO,orders,Request OK
2026-01-28T21:04:30.435324,ERROR,orders,DB failure
2026-01-28T21:04:30.637405,ERROR,payment,Null pointer
2026-01-28T21:04:30.840391,INFO,search,User login
2026-01-28T21:04:31.043097,INFO,search,Cache hit
2026-01-28T21:04:31.245864,INFO,payment,User login
2026-01-28T21:04:31.447932,WARN,payment,User login
2026-01-28T21:04:31.649716,WARN,auth,User login
2026-01-28T21:04:31.854117,ERROR,search,DB failure
2026-01-28T21:04:32.055982,INFO,search,User login
2026-01-28T21:04:32.258213,INFO,orders,User login
2026-01-28T21:04:32.460307,INFO,search,Cache hit
2026-01-28T21:04:32.662257,ERROR,orders,Timeout
2026-01-28T21:04:32.864431,INFO,payment,Cache hit
2026-01-28T21:04:33.066553,WARN,search,Request OK
2026-01-28T21:04:33.274753,INFO,orders,Cache hit
2026-01-28T21:04:33.476893,INFO,search,Cache hit
2026-01-28T21:04:33.679951,INFO,payment,User login
2026-01-28T21:04:33.884033,INFO,search,Request OK
2026-01-28T21:04:34.086584,INFO,auth,User login
2026-01-28T21:04:34.288717,INFO,payment,Request OK
2026-01-28T21:04:34.491228,INFO,search,Cache hit
2026-01-28T21:04:34.693884,INFO,auth,User login
2026-01-28T21:04:34.898494,INFO,auth,Cache hit
2026-01-28T21:04:35.100639,INFO,search,Cache hit
2026-01-28T21:04:35.302916,INFO,auth,Cache hit
2026-01-28T21:04:35.505580,INFO,payment,Cache hit
2026-01-28T21:04:35.709012,INFO,auth,User login
2026-01-28T21:04:35.911760,INFO,auth,Request OK
2026-01-28T21:04:36.114551,INFO,auth,User login
2026-01-28T21:04:36.317669,ERROR,orders,Null pointer
2026-01-28T21:04:36.519975,INFO,payment,Request OK
2026-01-28T21:04:36.723391,INFO,search,User login
2026-01-28T21:04:36.926517,INFO,auth,User login
2026-01-28T21:04:37.129843,INFO,search,User login
2026-01-28T21:04:37.332999,ERROR,payment,Timeout
2026-01-28T21:04:37.536717,INFO,payment,Cache hit
2026-01-28T21:04:37.743247,INFO,orders,User login
2026-01-28T21:04:37.945586,INFO,orders,Cache hit
2026-01-28T21:04:38.147963,ERROR,search,DB failure
2026-01-28T21:04:38.350108,ERROR,auth,DB failure
2026-01-28T21:04:38.553161,INFO,payment,Cache hit
2026-01-28T21:04:38.756673,INFO,orders,Cache hit
2026-01-28T21:04:38.959116,ERROR,search,Timeout
2026-01-28T21:04:39.161165,ERROR,payment,DB failure
2026-01-28T21:04:39.363346,INFO,orders,User login
2026-01-28T21:04:39.565764,INFO,search,User login
2026-01-28T21:04:39.768614,INFO,payment,Request OK
2026-01-28T21:04:39.970654,INFO,orders,Cache hit
2026-01-28T21:04:40.172602,INFO,orders,Cache hit
2026-01-28T21:04:40.375105,INFO,payment,Cache hit
2026-01-28T21:04:40.577707,INFO,orders,Request OK
2026-01-28T21:04:40.779861,INFO,orders,Cache hit
2026-01-28T21:04:40.982106,INFO,auth,User login
2026-01-28T21:04:41.184461,INFO,auth,Cache hit
2026-01-28T21:04:41.386524,INFO,search,Cache hit
2026-01-28T21:04:41.589239,INFO,orders,Cache hit
2026-01-28T21:04:41.791162,INFO,search,User login
2026-01-28T21:04:41.993817,INFO,search,User login
2026-01-28T21:04:42.196712,WARN,auth,User login
2026-01-28T21:04:42.400744,INFO,orders,Cache hit
2026-01-28T21:04:42.604062,INFO,auth,Request OK
2026-01-28T21:04:42.806190,INFO,search,Cache hit
2026-01-28T21:04:43.008699,INFO,search,User login
2026-01-28T21:04:43.210580,INFO,payment,User login
2026-01-28T21:04:43.412869,WARN,orders,Request OK
2026-01-28T21:04:43.616065,INFO,orders,Cache hit
2026-01-28T21:04:43.818755,WARN,search,User login
2026-01-28T21:04:44.020816,INFO,orders,Cache hit
2026-01-28T21:04:44.222783,WARN,search,Cache hit
2026-01-28T21:04:44.424964,INFO,search,Request OK
2026-01-28T21:04:44.627494,INFO,orders,Cache hit
2026-01-28T21:04:44.830226,INFO,search,Request OK
2026-01-28T21:04:45.032247,INFO,search,Cache hit
2026-01-28T21:04:45.234763,INFO,auth,Request OK
2026-01-28T21:04:45.436870,WARN,search,User login
2026-01-28T21:04:45.638773,INFO,search,Request OK
2026-01-28T21:04:45.841320,INFO,search,User login
2026-01-28T21:04:46.043528,WARN,search,Cache hit
2026-01-28T21:04:46.246427,INFO,auth,Request OK
2026-01-28T21:04:46.449667,INFO,orders,Request OK
2026-01-28T21:04:46.652468,INFO,orders,Cache hit
2026-01-28T21:04:46.856465,INFO,auth,Request OK
2026-01-28T21:04:47.059482,INFO,orders,User login
2026-01-28T21:04:47.261907,INFO,payment,Cache hit
2026-01-28T21:04:47.465980,INFO,payment,Cache hit
2026-01-28T21:04:47.669141,INFO,orders,Request OK
2026-01-28T21:04:47.871721,INFO,search,User login
2026-01-28T21:04:48.073984,WARN,orders,Request OK
2026-01-28T21:04:48.275866,INFO,search,Request OK
2026-01-28T21:04:48.478646,INFO,orders,Request OK
2026-01-28T21:04:48.682067,INFO,payment,Request OK
2026-01-28T21:04:48.884735,INFO,orders,Cache hit
2026-01-28T21:04:49.087950,WARN,orders,User login
2026-01-28T21:04:49.289990,ERROR,auth,Timeout
2026-01-28T21:04:49.493145,WARN,payment,Request OK
2026-01-28T21:04:49.696248,INFO,orders,Request OK
2026-01-28T21:04:49.898559,INFO,payment,Request OK
2026-01-28T21:04:50.100854,WARN,payment,User login
2026-01-28T21:04:50.303538,INFO,orders,Cache hit
2026-01-28T21:04:50.506283,INFO,payment,User login
2026-01-28T21:04:50.711833,INFO,auth,Cache hit
2026-01-28T21:04:50.913845,ERROR,orders,Timeout
2026-01-28T21:04:51.116001,ERROR,payment,DB failure
2026-01-28T21:04:51.318685,INFO,payment,Cache hit
2026-01-28T21:04:51.520799,INFO,auth,Cache hit
2026-01-28T21:04:51.723302,WARN,auth,Cache hit
2026-01-28T21:04:51.925482,INFO,search,Request OK
2026-01-28T21:04:52.127410,INFO,auth,Request OK
2026-01-28T21:04:52.330351,INFO,search,User login
2026-01-28T21:04:52.532524,WARN,orders,User login
2026-01-28T21:04:52.735043,INFO,orders,Request OK
2026-01-28T21:04:52.938500,ERROR,orders,Timeout
2026-01-28T21:04:53.140530,INFO,auth,Cache hit
2026-01-28T21:04:53.343380,INFO,search,Cache hit
2026-01-28T21:04:53.545940,ERROR,orders,Timeout
2026-01-28T21:04:53.748631,WARN,auth,Cache hit
2026-01-28T21:04:53.950634,INFO,search,Request OK
2026-01-28T21:04:54.153019,INFO,orders,User login
2026-01-28T21:04:54.356074,INFO,payment,User login
2026-01-28T21:04:54.558972,WARN,search,Cache hit
2026-01-28T21:04:54.761379,WARN,orders,Request OK
2026-01-28T21:04:54.963866,WARN,orders,User login
2026-01-28T21:04:55.166491,WARN,auth,Request OK
2026-01-28T21:04:55.369787,INFO,payment,Request OK
2026-01-28T21:04:55.572879,INFO,orders,Request OK
2026-01-28T21:04:55.774767,INFO,orders,Cache hit
2026-01-28T21:04:55.977675,WARN,payment,Cache hit
2026-01-28T21:04:56.180028,INFO,search,User login
2026-01-28T21:04:56.382037,INFO,search,Cache hit
2026-01-28T21:04:56.584066,INFO,orders,User login
2026-01-28T21:04:56.786817,INFO,orders,Request OK
2026-01-28T21:04:56.989263,ERROR,payment,Timeout
2026-01-28T21:04:57.192221,INFO,payment,User login
2026-01-28T21:04:57.395245,INFO,payment,User login
2026-01-28T21:04:57.597502,ERROR,payment,DB failure
2026-01-28T21:04:57.800204,INFO,payment,User login
2026-01-28T21:04:58.002819,INFO,auth,Request OK
2026-01-28T21:04:58.204896,INFO,payment,Cache hit
2026-01-28T21:04:58.407986,ERROR,payment,DB failure
2026-01-28T21:04:58.609915,WARN,orders,Cache hit
2026-01-28T21:04:58.812438,INFO,payment,Cache hit
2026-01-28T21:04:59.015989,INFO,search,Cache hit
2026-01-28T21:04:59.219637,INFO,search,Request OK
2026-01-28T21:04:59.422773,INFO,orders,Request OK
2026-01-28T21:04:59.625219,INFO,search,Cache hit
2026-01-28T21:04:59.827444,ERROR,payment,DB failure
2026-01-28T21:05:00.029470,INFO,payment,Request OK
2026-01-28T21:05:00.231885,INFO,orders,Cache hit
2026-01-28T21:05:00.434414,INFO,orders,User login
2026-01-28T21:05:00.636790,WARN,auth,Request OK
2026-01-28T21:05:00.839139,INFO,search,User login
2026-01-28T21:05:01.041530,WARN,auth,Cache hit
2026-01-28T21:05:01.244539,INFO,search,Request OK
2026-01-28T21:05:01.448690,INFO,orders,User login
2026-01-28T21:05:01.651016,INFO,orders,Cache hit
2026-01-28T21:05:01.853085,WARN,auth,Cache hit
2026-01-28T21:05:02.055627,INFO,auth,Cache hit
2026-01-28T21:05:02.257751,INFO,auth,User login
2026-01-28T21:05:02.460787,INFO,auth,User login
2026-01-28T21:05:02.663125,INFO,payment,User login
2026-01-28T21:05:02.866940,INFO,search,Cache hit
2026-01-28T21:05:03.070115,INFO,auth,User login
2026-01-28T21:05:03.272921,INFO,search,User login
2026-01-28T21:05:03.476221,INFO,payment,Request OK
2026-01-28T21:05:03.678688,ERROR,orders,DB failure
2026-01-28T21:05:03.881577,INFO,orders,User login
2026-01-28T21:05:04.083770,INFO,payment,Request OK
2026-01-28T21:05:04.285779,INFO,orders,Cache hit
2026-01-28T21:05:04.488032,WARN,auth,Request OK
2026-01-28T21:05:04.690910,INFO,orders,Request OK
2026-01-28T21:05:04.893399,INFO,search,Cache hit
2026-01-28T21:05:05.096465,INFO,orders,Cache hit
2026-01-28T21:05:05.298873,INFO,payment,Request OK
2026-01-28T21:05:05.500866,INFO,search,User login
2026-01-28T21:05:05.703209,INFO,search,User login
2026-01-28T21:05:05.905655,INFO,auth,User login
2026-01-28T21:05:06.108168,INFO,orders,Cache hit
2026-01-28T21:05:06.311091,INFO,payment,Cache hit
2026-01-28T21:05:06.513862,INFO,orders,User login
2026-01-28T21:05:06.716633,WARN,payment,Cache hit
2026-01-28T21:05:06.919157,INFO,search,User login
2026-01-28T21:05:07.121391,INFO,orders,User login
2026-01-28T21:05:07.323789,INFO,search,User login
2026-01-28T21:05:07.525845,WARN,auth,Request OK
2026-01-28T21:05:07.728810,INFO,orders,Request OK
2026-01-28T21:05:07.931672,INFO,search,User login
2026-01-28T21:05:08.135684,INFO,orders,Request OK
2026-01-28T21:05:08.338369,INFO,orders,Request OK
2026-01-28T21:05:08.541325,INFO,auth,Request OK
2026-01-28T21:05:08.744003,WARN,auth,User login
2026-01-28T21:05:08.945803,INFO,orders,Cache hit
2026-01-28T21:05:09.148599,INFO,search,User login
2026-01-28T21:05:09.351478,INFO,auth,Request OK
2026-01-28T21:05:09.553551,WARN,search,Cache hit
2026-01-28T21:05:09.755798,INFO,auth,Cache hit
2026-01-28T21:05:09.958493,INFO,auth,User login
2026-01-28T21:05:10.160394,INFO,payment,Request OK
2026-01-28T21:05:10.363694,INFO,orders,Cache hit
2026-01-28T21:05:10.567518,WARN,search,Request OK
2026-01-28T21:05:10.769283,WARN,orders,Request OK
2026-01-28T21:05:10.971060,INFO,auth,User login
2026-01-28T21:05:11.173140,INFO,orders,User login
2026-01-28T21:05:11.375353,WARN,auth,Request OK
2026-01-28T21:05:11.577838,INFO,payment,User login
2026-01-28T21:05:11.781826,ERROR,orders,Timeout
2026-01-28T21:05:11.984135,INFO,orders,Request OK
2026-01-28T21:05:12.186930,INFO,auth,Cache hit
2026-01-28T21:05:12.389240,INFO,search,Cache hit
2026-01-28T21:05:12.592628,INFO,orders,Request OK
2026-01-28T21:05:12.795172,INFO,orders,User login
2026-01-28T21:05:12.997503,INFO,auth,User login
2026-01-28T21:05:13.200040,ERROR,payment,Timeout
2026-01-28T21:05:13.402206,INFO,orders,Request OK
2026-01-28T21:05:13.604756,INFO,orders,Request OK
2026-01-28T21:05:13.807753,INFO,auth,User login
2026-01-28T21:05:14.010952,INFO,auth,Request OK
2026-01-28T21:05:14.213776,ERROR,auth,Null pointer
2026-01-28T21:05:14.417666,INFO,payment,Cache hit
2026-01-28T21:05:14.619916,WARN,payment,Cache hit
2026-01-28T21:05:14.822366,INFO,orders,User login
2026-01-28T21:05:15.024856,WARN,payment,Cache hit
2026-01-28T21:05:15.227082,INFO,payment,Request OK
2026-01-28T21:05:15.429265,INFO,orders,User login
2026-01-28T21:05:15.632740,INFO,orders,Cache hit
2026-01-28T21:05:15.835429,INFO,auth,Cache hit
2026-01-28T21:05:16.038273,INFO,orders,Cache hit
2026-01-28T21:05:16.241445,INFO,search,User login
2026-01-28T21:05:16.443453,INFO,search,Request OK
2026-01-28T21:05:16.647199,INFO,payment,Cache hit
2026-01-28T21:05:16.849651,INFO,auth,User login
2026-01-28T21:05:17.051739,INFO,orders,User login
2026-01-28T21:05:17.253744,INFO,auth,Request OK
2026-01-28T21:05:17.455842,INFO,search,User login
2026-01-28T21:05:17.659339,INFO,payment,User login
2026-01-28T21:05:17.862253,INFO,search,Request OK
2026-01-28T21:05:18.064211,INFO,orders,User login
2026-01-28T21:05:18.266653,ERROR,orders,DB failure
2026-01-28T21:05:18.469214,INFO,search,Request OK
2026-01-28T21:05:18.672755,INFO,auth,Cache hit
2026-01-28T21:05:18.875185,INFO,search,User login
2026-01-28T21:05:19.078080,INFO,auth,Cache hit
2026-01-28T21:05:19.281783,INFO,orders,User login
2026-01-28T21:05:19.483767,ERROR,auth,Null pointer
2026-01-28T21:05:19.685987,INFO,auth,Request OK
2026-01-28T21:05:19.888433,INFO,auth,Cache hit
2026-01-28T21:05:20.090982,INFO,auth,Request OK
2026-01-28T21:05:20.295327,INFO,orders,User login
2026-01-28T21:05:20.498700,INFO,payment,Cache hit
2026-01-28T21:05:20.702592,INFO,payment,User login
2026-01-28T21:05:20.905748,INFO,orders,User login
2026-01-28T21:05:21.108921,WARN,orders,User login
2026-01-28T21:05:21.311126,INFO,auth,Request OK
2026-01-28T21:05:21.513891,INFO,orders,Cache hit
2026-01-28T21:05:21.717153,WARN,payment,User login
2026-01-28T21:05:21.920233,INFO,orders,Request OK
2026-01-28T21:05:22.123084,INFO,auth,Cache hit
2026-01-28T21:05:22.326136,INFO,search,User login
2026-01-28T21:05:22.528256,WARN,payment,Request OK
2026-01-28T21:05:22.731575,INFO,orders,Request OK
2026-01-28T21:05:22.933880,INFO,orders,Request OK
2026-01-28T21:05:23.136343,WARN,payment,User login
2026-01-28T21:05:23.339050,INFO,payment,Request OK
2026-01-28T21:05:23.542329,INFO,orders,Request OK
2026-01-28T21:05:23.746870,INFO,auth,User login
2026-01-28T21:05:23.948614,ERROR,auth,DB failure
2026-01-28T21:05:24.151761,INFO,payment,Request OK
2026-01-28T21:05:24.354039,INFO,auth,Request OK
2026-01-28T21:05:24.556960,INFO,auth,Cache hit
2026-01-28T21:05:24.760968,INFO,auth,Cache hit
2026-01-28T21:05:24.964887,INFO,orders,Request OK
2026-01-28T21:05:25.167280,INFO,auth,Cache hit
2026-01-28T21:05:25.369336,INFO,payment,Request OK
2026-01-28T21:05:25.573241,INFO,search,Cache hit
2026-01-28T21:05:25.776384,ERROR,payment,DB failure
2026-01-28T21:05:25.978594,WARN,payment,Request OK
2026-01-28T21:05:26.180497,INFO,auth,User login
2026-01-28T21:05:26.383837,WARN,payment,User login
2026-01-28T21:05:26.586250,INFO,orders,Request OK
2026-01-28T21:05:26.788914,INFO,orders,User login
2026-01-28T21:05:26.991455,INFO,auth,Request OK
2026-01-28T21:05:27.193839,ERROR,orders,Null pointer
2026-01-28T21:05:27.397552,INFO,auth,Cache hit
2026-01-28T21:05:27.599979,WARN,payment,User login
2026-01-28T21:05:27.803436,ERROR,search,DB failure
2026-01-28T21:05:28.005610,INFO,orders,User login
2026-01-28T21:05:28.209629,INFO,orders,Cache hit
2026-01-28T21:05:28.412751,ERROR,payment,Null pointer
2026-01-28T21:05:28.615675,INFO,auth,Cache hit
2026-01-28T21:05:28.819498,INFO,auth,User login
2026-01-28T21:05:29.021677,INFO,payment,User login
2026-01-28T21:05:29.223871,INFO,payment,Cache hit
2026-01-28T21:05:29.426421,WARN,search,User login
2026-01-28T21:05:29.629672,ERROR,payment,Timeout
2026-01-28T21:05:29.832693,INFO,payment,Cache hit
2026-01-28T21:05:30.034812,INFO,search,Request OK
2026-01-28T21:05:30.237847,INFO,payment,Cache hit
2026-01-28T21:05:30.440520,INFO,payment,User login
2026-01-28T21:05:30.643254,INFO,search,Request OK
2026-01-28T21:05:30.846227,INFO,search,User login
2026-01-28T21:05:31.048356,INFO,payment,Request OK
2026-01-28T21:05:31.251442,INFO,auth,Cache hit
2026-01-28T21:05:31.454302,INFO,search,Request OK
2026-01-28T21:05:31.656134,INFO,auth,Request OK
2026-01-28T21:05:31.859267,INFO,orders,Request OK
2026-01-28T21:05:32.062697,INFO,payment,Cache hit
2026-01-28T21:05:32.265157,INFO,search,Request OK
2026-01-28T21:05:32.467755,WARN,search,Request OK
2026-01-28T21:05:32.670453,INFO,auth,User login
2026-01-28T21:05:32.872904,INFO,orders,Request OK
2026-01-28T21:05:33.075345,INFO,auth,Cache hit
2026-01-28T21:05:33.277901,INFO,auth,User login
2026-01-28T21:05:33.480497,INFO,search,Request OK
2026-01-28T21:05:33.682830,INFO,orders,User login
2026-01-28T21:05:33.886531,INFO,auth,User login
2026-01-28T21:05:34.089076,INFO,payment,Cache hit
2026-01-28T21:05:34.291982,INFO,auth,Request OK
2026-01-28T21:05:34.494078,INFO,orders,Cache hit
2026-01-28T21:05:34.697246,INFO,auth,Request OK
2026-01-28T21:05:34.899672,INFO,payment,Cache hit
2026-01-28T21:05:35.101799,INFO,payment,User login
2026-01-28T21:05:35.305236,ERROR,search,Null pointer
2026-01-28T21:05:35.507636,INFO,auth,Cache hit
2026-01-28T21:05:35.710322,INFO,orders,Request OK
2026-01-28T21:05:35.913276,INFO,orders,User login
2026-01-28T21:05:36.116218,INFO,payment,Cache hit
2026-01-28T21:05:36.318218,INFO,orders,Request OK
2026-01-28T21:05:36.521171,INFO,payment,User login
2026-01-28T21:05:36.723657,INFO,payment,Request OK
2026-01-28T21:05:36.926292,ERROR,orders,Timeout
2026-01-28T21:05:37.128906,INFO,search,Request OK
2026-01-28T21:05:37.332682,INFO,search,Request OK
2026-01-28T21:05:37.536472,INFO,auth,Cache hit
2026-01-28T21:05:37.738650,INFO,payment,Request OK
2026-01-28T21:05:37.941115,INFO,payment,Cache hit
2026-01-28T21:05:38.143440,INFO,auth,Cache hit
2026-01-28T21:05:38.345829,INFO,orders,User login
2026-01-28T21:05:38.549130,INFO,auth,Cache hit
2026-01-28T21:05:38.753351,INFO,payment,Request OK
2026-01-28T21:05:38.957490,INFO,payment,Request OK
2026-01-28T21:05:39.162090,INFO,auth,Cache hit
2026-01-28T21:05:39.364126,INFO,payment,Request OK
2026-01-28T21:05:39.566567,INFO,auth,Cache hit
2026-01-28T21:05:39.768641,WARN,orders,Request OK
2026-01-28T21:05:39.971365,ERROR,auth,Null pointer
2026-01-28T21:05:40.175254,INFO,auth,Cache hit
2026-01-28T21:05:40.380586,INFO,search,Request OK
2026-01-28T21:05:40.583290,INFO,auth,Request OK
2026-01-28T21:05:40.785522,INFO,payment,Cache hit
2026-01-28T21:05:40.988855,WARN,payment,Cache hit
2026-01-28T21:05:41.191306,INFO,search,User login
2026-01-28T21:05:41.394101,INFO,search,User login
2026-01-28T21:05:41.596565,INFO,search,Cache hit
2026-01-28T21:05:41.800443,INFO,auth,Cache hit
2026-01-28T21:05:42.003563,WARN,auth,Cache hit
2026-01-28T21:05:42.206458,INFO,orders,Cache hit
2026-01-28T21:05:42.408588,INFO,payment,User login
2026-01-28T21:05:42.611699,INFO,search,Request OK
2026-01-28T21:05:42.813343,INFO,orders,User login
2026-01-28T21:05:43.016112,INFO,orders,User login
2026-01-28T21:05:43.218736,INFO,auth,Cache hit
2026-01-28T21:05:43.420968,INFO,payment,Request OK
2026-01-28T21:05:43.623109,INFO,orders,User login
2026-01-28T21:05:43.826141,INFO,search,Cache hit
2026-01-28T21:05:44.028745,INFO,payment,User login
2026-01-28T21:05:44.231142,INFO,auth,Cache hit
2026-01-28T21:05:44.433580,ERROR,orders,Timeout
2026-01-28T21:05:44.636171,INFO,orders,Request OK
2026-01-28T21:05:44.838391,INFO,auth,User login
2026-01-28T21:05:45.040529,INFO,search,Cache hit
2026-01-28T21:05:45.242799,INFO,payment,Request OK
2026-01-28T21:05:45.445565,INFO,search,Cache hit
2026-01-28T21:05:45.649810,INFO,search,Request OK
2026-01-28T21:05:45.852233,ERROR,search,DB failure
2026-01-28T21:05:46.054652,INFO,search,Request OK
2026-01-28T21:05:46.257521,INFO,orders,User login
2026-01-28T21:05:46.460923,INFO,payment,Request OK
2026-01-28T21:05:46.663947,INFO,search,Cache hit
2026-01-28T21:05:46.866498,INFO,auth,User login
2026-01-28T21:05:47.068888,WARN,payment,Cache hit
2026-01-28T21:05:47.270823,INFO,search,Request OK
2026-01-28T21:05:47.473224,INFO,auth,User login
2026-01-28T21:05:47.678533,WARN,search,Cache hit
2026-01-28T21:05:47.881930,WARN,auth,Request OK
2026-01-28T21:05:48.084309,INFO,auth,Request OK
2026-01-28T21:05:48.289530,INFO,search,Cache hit
2026-01-28T21:05:48.491580,INFO,orders,Cache hit
2026-01-28T21:05:48.695648,INFO,auth,User login
2026-01-28T21:05:48.898724,INFO,auth,User login
2026-01-28T21:05:49.101651,WARN,search,User login
2026-01-28T21:05:49.306403,INFO,orders,Cache hit
2026-01-28T21:05:49.508641,INFO,auth,Cache hit
2026-01-28T21:05:49.713826,INFO,search,User login
2026-01-28T21:05:49.916651,ERROR,orders,Timeout
2026-01-28T21:05:50.121653,INFO,orders,Cache hit
2026-01-28T21:05:50.323996,INFO,auth,Cache hit
2026-01-28T21:05:50.529159,INFO,payment,Request OK
2026-01-28T21:05:50.732653,INFO,auth,Cache hit
2026-01-28T21:05:50.935319,INFO,payment,Cache hit
2026-01-28T21:05:51.137428,INFO,orders,Request OK
2026-01-28T21:05:51.339595,INFO,search,User login
2026-01-28T21:05:51.542465,INFO,auth,Cache hit
2026-01-28T21:05:51.750174,INFO,orders,Request OK
2026-01-28T21:05:51.969211,INFO,payment,User login
2026-01-28T21:05:52.177809,INFO,search,Cache hit
2026-01-28T21:05:52.387383,INFO,orders,User login
2026-01-28T21:05:52.594976,INFO,search,User login
2026-01-28T21:05:52.797994,INFO,payment,Cache hit
2026-01-28T21:05:53.002495,INFO,payment,Request OK
2026-01-28T21:05:53.225607,INFO,search,Cache hit
2026-01-28T21:05:53.430856,INFO,payment,Request OK
2026-01-28T21:05:53.633609,INFO,orders,Request OK
2026-01-28T21:05:53.839750,ERROR,auth,Timeout
2026-01-28T21:05:54.042070,INFO,orders,Cache hit
2026-01-28T21:05:54.249699,INFO,payment,User login
2026-01-28T21:05:54.455041,INFO,payment,User login
2026-01-28T21:05:54.659884,INFO,payment,Cache hit
2026-01-28T21:05:54.864272,WARN,search,User login
2026-01-28T21:05:55.066275,INFO,auth,Cache hit
2026-01-28T21:05:55.268391,INFO,auth,User login
2026-01-28T21:05:55.470205,INFO,search,Request OK
2026-01-28T21:05:55.672998,INFO,search,User login
2026-01-28T21:05:55.878106,INFO,orders,Request OK
2026-01-28T21:05:56.090073,INFO,payment,Cache hit
2026-01-28T21:05:56.295762,ERROR,auth,Null pointer
2026-01-28T21:05:56.501604,INFO,orders,User login
2026-01-28T21:05:56.724078,INFO,orders,Request OK
2026-01-28T21:05:56.936590,INFO,auth,Cache hit
2026-01-28T21:05:57.145829,ERROR,orders,DB failure
2026-01-28T21:05:57.353821,INFO,search,Cache hit
2026-01-28T21:05:57.576787,INFO,search,Cache hit
2026-01-28T21:05:57.823538,INFO,orders,Cache hit
2026-01-28T21:05:58.027938,ERROR,auth,Timeout
2026-01-28T21:05:58.236620,INFO,orders,Request OK
2026-01-28T21:05:58.439343,WARN,auth,Cache hit
2026-01-28T21:05:58.641659,INFO,auth,Request OK
2026-01-28T21:05:58.845560,INFO,search,Cache hit
2026-01-28T21:05:59.051703,INFO,search,User login
2026-01-28T21:05:59.255403,INFO,orders,Cache hit
2026-01-28T21:05:59.458026,WARN,auth,Request OK
2026-01-28T21:05:59.666635,INFO,search,Cache hit
2026-01-28T21:05:59.868553,INFO,payment,User login
2026-01-28T21:06:00.071575,INFO,auth,User login
2026-01-28T21:06:00.281846,ERROR,search,DB failure
2026-01-28T21:06:00.486186,INFO,auth,Request OK
2026-01-28T21:06:00.689115,INFO,search,Request OK
2026-01-28T21:06:00.897031,INFO,auth,Request OK
2026-01-28T21:06:01.099140,INFO,auth,Cache hit
2026-01-28T21:06:01.301564,INFO,auth,Request OK
2026-01-28T21:06:01.503648,ERROR,auth,DB failure
2026-01-28T21:06:01.706259,INFO,auth,User login
2026-01-28T21:06:01.909465,INFO,auth,Request OK
2026-01-28T21:06:02.111769,INFO,payment,User login
2026-01-28T21:06:02.314573,INFO,search,Request OK
2026-01-28T21:06:02.516896,ERROR,search,DB failure
2026-01-28T21:06:02.719579,WARN,search,Cache hit
2026-01-28T21:06:02.921732,INFO,orders,Cache hit
2026-01-28T21:06:03.123753,INFO,auth,Cache hit
2026-01-28T21:06:03.326723,INFO,auth,Cache hit
2026-01-28T21:06:03.529278,INFO,auth,User login
2026-01-28T21:06:03.732411,WARN,payment,Request OK
2026-01-28T21:06:03.934644,INFO,payment,Request OK
2026-01-28T21:06:04.136754,INFO,payment,Cache hit
2026-01-28T21:06:04.338726,INFO,auth,User login
2026-01-28T21:06:04.540498,INFO,auth,Request OK
2026-01-28T21:06:04.743510,INFO,auth,Cache hit
2026-01-28T21:06:04.947042,INFO,payment,Cache hit
2026-01-28T21:06:05.148835,INFO,payment,Request OK
2026-01-28T21:06:05.350547,INFO,payment,User login
2026-01-28T21:06:05.554474,INFO,orders,Cache hit
2026-01-28T21:06:05.757181,INFO,payment,Request OK
2026-01-28T21:06:05.959119,WARN,auth,Cache hit
2026-01-28T21:06:06.161356,WARN,payment,User login
2026-01-28T21:06:06.364242,WARN,payment,User login
2026-01-28T21:06:06.566808,INFO,orders,User login
2026-01-28T21:06:06.771517,INFO,search,User login
2026-01-28T21:06:06.975561,INFO,search,Request OK
2026-01-28T21:06:07.178025,INFO,orders,User login
2026-01-28T21:06:07.379823,INFO,payment,Request OK
2026-01-28T21:06:07.582189,INFO,auth,Request OK
2026-01-28T21:06:07.785619,INFO,auth,User login
2026-01-28T21:06:07.987758,INFO,auth,User login
2026-01-28T21:06:08.190413,ERROR,search,DB failure
2026-01-28T21:06:08.394175,ERROR,orders,Null pointer
2026-01-28T21:06:08.597092,INFO,search,Cache hit
2026-01-28T21:06:08.799077,ERROR,auth,Null pointer
2026-01-28T21:06:09.000707,INFO,auth,Request OK
2026-01-28T21:06:09.203333,INFO,orders,User login
2026-01-28T21:06:09.406477,INFO,search,Request OK
2026-01-28T21:06:09.609336,INFO,orders,Request OK
2026-01-28T21:06:09.811823,INFO,payment,Cache hit
2026-01-28T21:06:10.014031,INFO,search,Request OK
2026-01-28T21:06:10.216668,INFO,orders,Request OK
2026-01-28T21:06:10.421090,INFO,auth,Request OK
2026-01-28T21:06:10.623059,WARN,search,Cache hit
2026-01-28T21:06:10.825410,INFO,payment,User login
2026-01-28T21:06:11.028516,INFO,orders,User login
2026-01-28T21:06:11.231614,INFO,orders,Cache hit
2026-01-28T21:06:11.434339,INFO,search,User login
2026-01-28T21:06:11.636434,WARN,auth,Cache hit
2026-01-28T21:06:11.839430,INFO,search,User login
2026-01-28T21:06:12.042100,INFO,payment,User login
2026-01-28T21:06:12.244846,INFO,search,Request OK
2026-01-28T21:06:12.447084,INFO,payment,User login
2026-01-28T21:06:12.650167,INFO,auth,Request OK
2026-01-28T21:06:12.853753,INFO,payment,Request OK
2026-01-28T21:06:13.057011,INFO,search,Cache hit
2026-01-28T21:06:13.258756,INFO,search,Request OK
2026-01-28T21:06:13.460386,WARN,payment,User login
2026-01-28T21:06:13.662969,INFO,payment,Request OK
2026-01-28T21:06:13.865772,INFO,payment,Request OK
2026-01-28T21:06:14.070298,ERROR,auth,Timeout
2026-01-28T21:06:14.273728,INFO,payment,Request OK
2026-01-28T21:06:14.476292,INFO,search,User login
2026-01-28T21:06:14.678647,INFO,orders,Cache hit
2026-01-28T21:06:14.881940,INFO,payment,User login
2026-01-28T21:06:15.085421,INFO,payment,Request OK
2026-01-28T21:06:15.287855,WARN,search,Cache hit
2026-01-28T21:06:15.490206,INFO,search,Cache hit
2026-01-28T21:06:15.693101,INFO,payment,User login
2026-01-28T21:06:15.896196,INFO,payment,User login
2026-01-28T21:06:16.098246,INFO,payment,Cache hit
2026-01-28T21:06:16.300853,INFO,search,Cache hit
2026-01-28T21:06:16.503221,WARN,payment,User login
2026-01-28T21:06:16.706085,INFO,auth,User login
2026-01-28T21:06:16.908918,INFO,auth,Request OK
2026-01-28T21:06:17.112019,INFO,orders,Cache hit
2026-01-28T21:06:17.316417,INFO,orders,Request OK
2026-01-28T21:06:17.518564,INFO,payment,Request OK
2026-01-28T21:06:17.721886,INFO,auth,Request OK
2026-01-28T21:06:17.925563,INFO,orders,User login
2026-01-28T21:06:18.127789,INFO,payment,Request OK
2026-01-28T21:06:18.329903,ERROR,orders,Timeout
2026-01-28T21:06:18.532311,WARN,orders,Request OK
2026-01-28T21:06:18.734206,INFO,auth,Cache hit
2026-01-28T21:06:18.938820,WARN,search,User login
2026-01-28T21:06:19.141579,INFO,auth,Request OK
2026-01-28T21:06:19.344344,INFO,payment,Request OK
2026-01-28T21:06:19.546738,INFO,orders,Cache hit
2026-01-28T21:06:19.749238,INFO,orders,Request OK
2026-01-28T21:06:19.951305,INFO,search,Cache hit
2026-01-28T21:06:20.153797,INFO,payment,Cache hit
2026-01-28T21:06:20.356404,INFO,orders,Cache hit
2026-01-28T21:06:20.558667,INFO,search,Request OK
2026-01-28T21:06:20.761897,ERROR,auth,Null pointer
2026-01-28T21:06:20.964304,INFO,search,User login
2026-01-28T21:06:21.166470,INFO,payment,User login
2026-01-28T21:06:21.369736,INFO,orders,Request OK
2026-01-28T21:06:21.571911,INFO,orders,Cache hit
2026-01-28T21:06:21.774500,INFO,payment,Request OK
2026-01-28T21:06:21.977231,INFO,search,User login
2026-01-28T21:06:22.179703,ERROR,auth,DB failure
2026-01-28T21:06:22.382683,INFO,payment,Cache hit
2026-01-28T21:06:22.585672,INFO,search,User login
2026-01-28T21:06:22.788122,INFO,orders,User login
2026-01-28T21:06:22.990822,INFO,search,User login
2026-01-28T21:06:23.193431,INFO,search,User login
2026-01-28T21:06:23.395213,INFO,search,User login
2026-01-28T21:06:23.597368,WARN,auth,User login
2026-01-28T21:06:23.800655,INFO,payment,Cache hit
2026-01-28T21:06:24.002728,INFO,auth,Request OK
2026-01-28T21:06:24.204953,INFO,search,Cache hit
2026-01-28T21:06:24.407075,INFO,auth,Request OK
2026-01-28T21:06:24.609756,INFO,orders,User login
2026-01-28T21:06:24.812680,INFO,search,Request OK
2026-01-28T21:06:25.015775,ERROR,orders,Null pointer
2026-01-28T21:06:25.218839,INFO,search,Cache hit
2026-01-28T21:06:25.420874,INFO,auth,User login
2026-01-28T21:06:25.623140,INFO,payment,User login
2026-01-28T21:06:25.825176,INFO,payment,Cache hit
2026-01-28T21:06:26.027481,INFO,search,Cache hit
2026-01-28T21:06:26.230011,INFO,auth,Request OK
2026-01-28T21:06:26.432680,INFO,auth,Request OK
2026-01-28T21:06:26.635259,INFO,orders,Cache hit
2026-01-28T21:06:26.839563,ERROR,auth,Null pointer
2026-01-28T21:06:27.042664,INFO,search,Cache hit
2026-01-28T21:06:27.246286,INFO,orders,User login
2026-01-28T21:06:27.450897,INFO,payment,User login
2026-01-28T21:06:27.652814,INFO,auth,Cache hit
2026-01-28T21:06:27.854716,INFO,search,User login
2026-01-28T21:06:28.056901,INFO,auth,User login
2026-01-28T21:06:28.258984,WARN,search,User login
2026-01-28T21:06:28.460834,INFO,search,User login
2026-01-28T21:06:28.662922,INFO,orders,Cache hit
2026-01-28T21:06:28.865289,ERROR,auth,DB failure
2026-01-28T21:06:29.068059,ERROR,orders,Null pointer
2026-01-28T21:06:29.270728,INFO,search,Request OK
2026-01-28T21:06:29.473309,INFO,search,User login
2026-01-28T21:06:29.675826,INFO,orders,Request OK
2026-01-28T21:06:29.880486,INFO,search,User login
2026-01-28T21:06:30.083169,ERROR,payment,Null pointer
2026-01-28T21:06:30.285522,INFO,auth,Cache hit
2026-01-28T21:06:30.487704,INFO,auth,User login
2026-01-28T21:06:30.689895,INFO,payment,User login
2026-01-28T21:06:30.892170,INFO,auth,Cache hit
2026-01-28T21:06:31.094571,ERROR,orders,Timeout
2026-01-28T21:06:31.297160,INFO,auth,Cache hit
2026-01-28T21:06:31.498988,INFO,search,Request OK
2026-01-28T21:06:31.701181,INFO,auth,Cache hit
2026-01-28T21:06:31.903666,INFO,search,Cache hit
2026-01-28T21:06:32.106274,INFO,orders,Cache hit
2026-01-28T21:06:32.309107,INFO,payment,User login
2026-01-28T21:06:32.511536,INFO,orders,Request OK
2026-01-28T21:06:32.714244,INFO,auth,Cache hit
2026-01-28T21:06:32.917216,WARN,auth,Request OK
2026-01-28T21:06:33.120125,INFO,search,Request OK
2026-01-28T21:06:33.323991,INFO,search,Cache hit
2026-01-28T21:06:33.527431,INFO,payment,Cache hit
2026-01-28T21:06:33.730668,INFO,payment,User login
2026-01-28T21:06:33.933547,INFO,auth,Request OK
2026-01-28T21:06:34.137476,INFO,search,User login
2026-01-28T21:06:34.339876,INFO,auth,Request OK
2026-01-28T21:06:34.543242,INFO,search,User login
2026-01-28T21:06:34.746259,INFO,payment,Cache hit
2026-01-28T21:06:34.949120,WARN,orders,User login
2026-01-28T21:06:35.151829,WARN,search,Request OK
2026-01-28T21:06:35.354027,INFO,orders,Request OK
2026-01-28T21:06:35.555744,INFO,search,User login
2026-01-28T21:06:35.758136,INFO,auth,User login
2026-01-28T21:06:35.960313,INFO,auth,Cache hit
2026-01-28T21:06:36.165129,ERROR,payment,Timeout
2026-01-28T21:06:36.367579,INFO,search,User login
2026-01-28T21:06:36.570506,INFO,orders,User login
2026-01-28T21:06:36.773099,INFO,search,Request OK
2026-01-28T21:06:36.975996,INFO,orders,User login
2026-01-28T21:06:37.178356,INFO,auth,User login
2026-01-28T21:06:37.380834,INFO,orders,Cache hit
2026-01-28T21:06:37.584056,INFO,payment,Request OK
2026-01-28T21:06:37.786171,INFO,payment,Cache hit
2026-01-28T21:06:37.989003,INFO,payment,Cache hit
2026-01-28T21:06:38.191769,INFO,orders,Request OK
2026-01-28T21:06:38.394637,INFO,auth,Request OK
2026-01-28T21:06:38.597909,INFO,auth,Request OK
2026-01-28T21:06:38.800240,INFO,payment,User login
2026-01-28T21:06:39.003316,INFO,payment,User login
2026-01-28T21:06:39.206497,INFO,orders,Cache hit
2026-01-28T21:06:39.408979,INFO,payment,Cache hit
2026-01-28T21:06:39.611664,INFO,search,User login
2026-01-28T21:06:39.814823,INFO,search,Cache hit
2026-01-28T21:06:40.017427,INFO,search,User login
2026-01-28T21:06:40.221258,INFO,payment,Cache hit
2026-01-28T21:06:40.423812,WARN,search,Cache hit
2026-01-28T21:06:40.626827,INFO,payment,User login
2026-01-28T21:06:40.829424,INFO,payment,Request OK
2026-01-28T21:06:41.031492,INFO,search,Request OK
2026-01-28T21:06:41.234448,INFO,search,Cache hit
2026-01-28T21:06:41.437625,INFO,orders,User login
2026-01-28T21:06:41.639786,INFO,orders,Request OK
2026-01-28T21:06:41.842412,ERROR,search,DB failure
2026-01-28T21:06:42.046152,ERROR,search,DB failure
2026-01-28T21:06:42.249391,ERROR,orders,Null pointer
2026-01-28T21:06:42.452912,INFO,payment,Request OK
2026-01-28T21:06:42.655082,ERROR,orders,Null pointer
2026-01-28T21:06:42.857410,INFO,search,Cache hit
2026-01-28T21:06:43.059407,ERROR,auth,DB failure
2026-01-28T21:06:43.262830,WARN,search,Request OK
2026-01-28T21:06:43.465804,INFO,search,Cache hit
2026-01-28T21:06:43.668300,INFO,search,Request OK
2026-01-28T21:06:43.870122,INFO,search,User login
2026-01-28T21:06:44.072902,ERROR,payment,Null pointer
2026-01-28T21:06:44.275812,INFO,orders,User login
2026-01-28T21:06:44.477678,INFO,search,User login
2026-01-28T21:06:44.680796,INFO,orders,User login
2026-01-28T21:06:44.887101,INFO,search,User login
2026-01-28T21:06:45.089657,INFO,auth,Request OK
2026-01-28T21:06:45.291845,INFO,search,User login
2026-01-28T21:06:45.496107,INFO,orders,Cache hit
2026-01-28T21:06:45.700118,INFO,orders,User login
2026-01-28T21:06:45.903449,INFO,orders,Cache hit
2026-01-28T21:06:46.106713,INFO,auth,User login
2026-01-28T21:06:46.311377,ERROR,auth,Null pointer
2026-01-28T21:06:46.515688,WARN,orders,Request OK
2026-01-28T21:06:46.723132,INFO,auth,Request OK
2026-01-28T21:06:46.925303,INFO,search,Cache hit
2026-01-28T21:06:47.127687,INFO,payment,Request OK
2026-01-28T21:06:47.330266,INFO,payment,Cache hit
2026-01-28T21:06:47.540342,ERROR,payment,DB failure
2026-01-28T21:06:47.753883,ERROR,orders,Timeout
2026-01-28T21:06:47.961584,ERROR,payment,DB failure
2026-01-28T21:06:48.175245,INFO,payment,Request OK
2026-01-28T21:06:48.407465,INFO,auth,Request OK
2026-01-28T21:06:48.634289,INFO,search,User login
2026-01-28T21:06:48.846894,INFO,auth,Request OK
2026-01-28T21:06:49.052606,INFO,payment,User login
2026-01-28T21:06:49.257243,ERROR,auth,Timeout
2026-01-28T21:06:49.460523,WARN,search,Cache hit
2026-01-28T21:06:49.662404,INFO,orders,User login
2026-01-28T21:06:49.865257,INFO,auth,Cache hit
2026-01-28T21:06:50.073849,INFO,search,User login
2026-01-28T21:06:50.281960,INFO,search,Request OK
2026-01-28T21:06:50.486829,INFO,auth,Request OK
2026-01-28T21:06:50.691492,INFO,payment,Cache hit
2026-01-28T21:06:50.895592,INFO,search,Request OK
2026-01-28T21:06:51.098384,INFO,orders,User login
2026-01-28T21:06:51.301141,INFO,search,Request OK
2026-01-28T21:06:51.503605,INFO,payment,Request OK
2026-01-28T21:06:51.705749,INFO,search,User login
2026-01-28T21:06:51.907777,INFO,search,Cache hit
2026-01-28T21:06:52.109939,INFO,search,Request OK
2026-01-28T21:06:52.312120,INFO,orders,User login
2026-01-28T21:06:52.514349,INFO,search,Request OK
2026-01-28T21:06:52.716220,WARN,auth,Cache hit
2026-01-28T21:06:52.920352,INFO,search,User login
2026-01-28T21:06:53.122593,INFO,payment,Cache hit
2026-01-28T21:06:53.325329,ERROR,auth,Null pointer
2026-01-28T21:06:53.527875,WARN,payment,Request OK
2026-01-28T21:06:53.731587,INFO,search,Request OK
2026-01-28T21:06:53.933901,ERROR,search,Null pointer
2026-01-28T21:06:54.136083,ERROR,auth,DB failure
2026-01-28T21:06:54.337794,INFO,auth,Request OK
2026-01-28T21:06:54.540710,INFO,search,User login
2026-01-28T21:06:54.745991,INFO,orders,Request OK
2026-01-28T21:06:54.948615,INFO,orders,User login
2026-01-28T21:06:55.150934,WARN,auth,User login
2026-01-28T21:06:55.355395,WARN,payment,Request OK
2026-01-28T21:06:55.558911,INFO,search,Cache hit
2026-01-28T21:06:55.763190,INFO,orders,Request OK
2026-01-28T21:06:55.966807,INFO,payment,Cache hit
2026-01-28T21:06:56.169396,INFO,search,Cache hit
2026-01-28T21:06:56.371267,INFO,search,Request OK
2026-01-28T21:06:56.573801,ERROR,orders,Timeout
2026-01-28T21:06:56.777881,INFO,auth,Request OK
2026-01-28T21:06:56.980988,INFO,payment,Request OK
2026-01-28T21:06:57.182974,INFO,orders,Request OK
2026-01-28T21:06:57.386158,INFO,orders,User login
2026-01-28T21:06:57.591645,INFO,search,Request OK
2026-01-28T21:06:57.796379,ERROR,auth,Timeout
2026-01-28T21:06:57.998489,ERROR,search,DB failure
2026-01-28T21:06:58.201777,INFO,search,Cache hit
2026-01-28T21:06:58.406806,INFO,search,User login
2026-01-28T21:06:58.610206,INFO,search,Cache hit
2026-01-28T21:06:58.823722,INFO,search,Cache hit
2026-01-28T21:06:59.033809,INFO,auth,User login
2026-01-28T21:06:59.240130,INFO,orders,Request OK
2026-01-28T21:06:59.446337,INFO,search,Request OK
2026-01-28T21:06:59.649976,INFO,search,Request OK
2026-01-28T21:06:59.853160,INFO,payment,Request OK
2026-01-28T21:07:00.061707,INFO,payment,User login
2026-01-28T21:07:00.265021,INFO,payment,Cache hit
2026-01-28T21:07:00.468572,INFO,auth,Request OK
2026-01-28T21:07:00.682283,INFO,orders,Request OK
2026-01-28T21:07:00.887771,ERROR,orders,Timeout
2026-01-28T21:07:01.092062,WARN,search,User login
2026-01-28T21:07:01.298899,INFO,orders,Request OK
2026-01-28T21:07:01.509601,INFO,orders,Request OK
2026-01-28T21:07:01.718840,INFO,payment,Cache hit
2026-01-28T21:07:01.921218,INFO,payment,User login
2026-01-28T21:07:02.123014,WARN,auth,Request OK
2026-01-28T21:07:02.325239,ERROR,orders,Null pointer
2026-01-28T21:07:02.527407,INFO,orders,User login
2026-01-28T21:07:02.729721,INFO,auth,Request OK
2026-01-28T21:07:02.931318,INFO,payment,User login
2026-01-28T21:07:03.134092,INFO,search,Cache hit
2026-01-28T21:07:03.335929,WARN,payment,User login
2026-01-28T21:07:03.538460,INFO,search,User login
2026-01-28T21:07:03.741042,INFO,auth,Request OK
2026-01-28T21:07:03.945495,INFO,auth,Request OK
2026-01-28T21:07:04.148365,INFO,search,Cache hit
2026-01-28T21:07:04.351336,INFO,search,User login
2026-01-28T21:07:04.553394,INFO,search,Cache hit
2026-01-28T21:07:04.755655,INFO,payment,Cache hit
2026-01-28T21:07:04.958355,ERROR,orders,Null pointer
2026-01-28T21:07:05.161528,INFO,auth,Cache hit
2026-01-28T21:07:05.364220,INFO,search,User login
2026-01-28T21:07:05.566494,INFO,search,Request OK
2026-01-28T21:07:05.769383,INFO,auth,User login
2026-01-28T21:07:05.971553,ERROR,payment,Null pointer
2026-01-28T21:07:06.174166,INFO,auth,User login
2026-01-28T21:07:06.376290,INFO,auth,User login
2026-01-28T21:07:06.578722,INFO,auth,Cache hit
2026-01-28T21:07:06.781444,INFO,payment,User login
2026-01-28T21:07:06.984205,ERROR,payment,Timeout
2026-01-28T21:07:07.186635,INFO,orders,User login
2026-01-28T21:07:07.389722,INFO,auth,User login
2026-01-28T21:07:07.592292,INFO,payment,Request OK
2026-01-28T21:07:07.794822,INFO,payment,Request OK
2026-01-28T21:07:07.997657,ERROR,payment,Null pointer
2026-01-28T21:07:08.200110,INFO,payment,Cache hit
2026-01-28T21:07:08.402375,INFO,search,Cache hit
2026-01-28T21:07:08.604183,ERROR,search,Null pointer
2026-01-28T21:07:08.807159,INFO,payment,Cache hit
2026-01-28T21:07:09.009735,INFO,orders,User login
2026-01-28T21:07:09.212191,INFO,orders,User login
2026-01-28T21:07:09.414307,INFO,orders,User login
2026-01-28T21:07:09.616477,INFO,payment,Request OK
2026-01-28T21:07:09.819197,INFO,payment,Request OK
2026-01-28T21:07:10.022038,WARN,search,User login
2026-01-28T21:07:10.224217,INFO,payment,User login
2026-01-28T21:07:10.428496,INFO,orders,User login
2026-01-28T21:07:10.630760,INFO,payment,Request OK
2026-01-28T21:07:10.833368,INFO,auth,User login
2026-01-28T21:07:11.038819,INFO,search,Request OK
2026-01-28T21:07:11.241616,INFO,search,User login
2026-01-28T21:07:11.444581,INFO,auth,User login
2026-01-28T21:07:11.647061,INFO,auth,Request OK
2026-01-28T21:07:11.849182,INFO,auth,User login
2026-01-28T21:07:12.052420,INFO,auth,User login
2026-01-28T21:07:12.254988,INFO,orders,Cache hit
2026-01-28T21:07:12.459293,INFO,search,User login
2026-01-28T21:07:12.663259,INFO,auth,User login
2026-01-28T21:07:12.866065,INFO,auth,Request OK
2026-01-28T21:07:13.068549,INFO,orders,Cache hit
2026-01-28T21:07:13.270943,WARN,auth,Request OK
2026-01-28T21:07:13.473813,INFO,orders,Cache hit
2026-01-28T21:07:13.676613,INFO,auth,Cache hit
2026-01-28T21:07:13.879029,ERROR,payment,Timeout
2026-01-28T21:07:14.080988,INFO,search,User login
2026-01-28T21:07:14.282812,INFO,auth,Cache hit
2026-01-28T21:07:14.484713,INFO,search,Cache hit
2026-01-28T21:07:14.687103,INFO,payment,Cache hit
2026-01-28T21:07:14.889666,INFO,search,User login
2026-01-28T21:07:15.092531,INFO,search,Request OK
2026-01-28T21:07:15.294643,INFO,payment,User login
2026-01-28T21:07:15.496775,INFO,orders,Request OK
2026-01-28T21:07:15.699427,INFO,search,User login
2026-01-28T21:07:15.902246,INFO,search,Request OK
2026-01-28T21:07:16.104206,INFO,orders,User login
2026-01-28T21:07:16.306776,INFO,search,User login
2026-01-28T21:07:16.509382,INFO,search,User login
2026-01-28T21:07:16.710964,INFO,auth,Request OK
2026-01-28T21:07:16.913358,INFO,search,Request OK
2026-01-28T21:07:17.115984,ERROR,payment,Timeout
2026-01-28T21:07:17.318812,WARN,auth,Request OK
2026-01-28T21:07:17.522550,INFO,payment,User login
2026-01-28T21:07:17.725076,WARN,orders,Cache hit
2026-01-28T21:07:17.927324,INFO,orders,User login
2026-01-28T21:07:18.129597,INFO,search,User login
2026-01-28T21:07:18.332021,INFO,auth,Request OK
2026-01-28T21:07:18.534636,WARN,orders,Request OK
2026-01-28T21:07:18.737082,INFO,auth,User login
2026-01-28T21:07:18.939612,WARN,auth,Cache hit
2026-01-28T21:07:19.142049,INFO,payment,User login
2026-01-28T21:07:19.344257,INFO,payment,Cache hit
2026-01-28T21:07:19.548207,WARN,payment,Request OK
2026-01-28T21:07:19.750241,INFO,search,Cache hit
2026-01-28T21:07:19.953489,WARN,payment,Request OK
2026-01-28T21:07:20.161586,INFO,auth,Cache hit
2026-01-28T21:07:20.363975,INFO,search,Cache hit
2026-01-28T21:07:20.569288,INFO,search,Request OK
2026-01-28T21:07:20.771968,ERROR,payment,DB failure
2026-01-28T21:07:20.975159,INFO,auth,User login
2026-01-28T21:07:21.177555,INFO,auth,Cache hit
2026-01-28T21:07:21.379547,WARN,search,User login
2026-01-28T21:07:21.582011,INFO,search,User login
2026-01-28T21:07:21.784472,INFO,orders,Cache hit
2026-01-28T21:07:21.988393,ERROR,search,Timeout
2026-01-28T21:07:22.190726,INFO,orders,Cache hit
2026-01-28T21:07:22.393008,INFO,search,Request OK
2026-01-28T21:07:22.598808,INFO,orders,Cache hit
2026-01-28T21:07:22.801244,INFO,orders,User login
2026-01-28T21:07:23.003515,INFO,payment,Request OK
2026-01-28T21:07:23.206470,INFO,payment,Cache hit
2026-01-28T21:07:23.408651,WARN,auth,Request OK
2026-01-28T21:07:23.611014,INFO,auth,Cache hit
2026-01-28T21:07:23.813501,INFO,auth,Cache hit
2026-01-28T21:07:24.015674,WARN,orders,Cache hit
2026-01-28T21:07:24.217924,WARN,payment,Request OK
2026-01-28T21:07:24.420509,INFO,payment,Cache hit
2026-01-28T21:07:24.622924,INFO,search,Request OK
2026-01-28T21:07:24.826523,INFO,auth,Request OK
2026-01-28T21:07:25.028728,INFO,auth,Cache hit
2026-01-28T21:07:25.230924,INFO,orders,User login
2026-01-28T21:07:25.433473,WARN,orders,User login
2026-01-28T21:07:25.636010,WARN,search,User login
2026-01-28T21:07:25.839577,INFO,search,User login
2026-01-28T21:07:26.046325,INFO,orders,User login
2026-01-28T21:07:26.251124,INFO,search,User login
2026-01-28T21:07:26.453696,WARN,payment,User login
2026-01-28T21:07:26.656837,INFO,orders,Request OK
2026-01-28T21:07:26.860159,WARN,payment,User login
2026-01-28T21:07:27.062744,INFO,auth,Request OK
2026-01-28T21:07:27.267799,ERROR,payment,Timeout
2026-01-28T21:07:27.470014,INFO,auth,Cache hit
2026-01-28T21:07:27.672424,INFO,payment,Request OK
2026-01-28T21:07:27.874864,INFO,orders,Request OK
2026-01-28T21:07:28.077648,INFO,search,Cache hit
2026-01-28T21:07:28.280434,INFO,payment,User login
2026-01-28T21:07:28.483283,INFO,orders,User login
2026-01-28T21:07:28.687011,INFO,payment,Request OK
2026-01-28T21:07:28.889207,INFO,payment,Request OK
2026-01-28T21:07:29.092041,ERROR,auth,Timeout
2026-01-28T21:07:29.294555,INFO,payment,Request OK
2026-01-28T21:07:29.496467,INFO,payment,User login
2026-01-28T21:07:29.699805,WARN,payment,Cache hit
2026-01-28T21:07:29.902169,ERROR,orders,Timeout
2026-01-28T21:07:30.104458,INFO,auth,Cache hit
2026-01-28T21:07:30.306572,INFO,search,Cache hit
2026-01-28T21:07:30.509841,ERROR,search,Timeout
2026-01-28T21:07:30.712077,INFO,auth,Cache hit
2026-01-28T21:07:30.914453,INFO,search,Request OK
2026-01-28T21:07:31.116810,INFO,search,Cache hit
2026-01-28T21:07:31.319426,INFO,orders,Cache hit
2026-01-28T21:07:31.521230,INFO,search,Request OK
2026-01-28T21:07:31.724936,WARN,search,Cache hit
2026-01-28T21:07:31.927843,INFO,search,Request OK
2026-01-28T21:07:32.130470,INFO,orders,Cache hit
2026-01-28T21:07:32.334414,INFO,payment,Cache hit
2026-01-28T21:07:32.537119,INFO,search,User login
2026-01-28T21:07:32.740637,INFO,search,User login
2026-01-28T21:07:32.942826,INFO,auth,User login
2026-01-28T21:07:33.144799,INFO,auth,User login
2026-01-28T21:07:33.347931,INFO,orders,Request OK
2026-01-28T21:07:33.549850,INFO,search,Request OK
2026-01-28T21:07:33.752134,INFO,orders,Request OK
2026-01-28T21:07:33.955355,INFO,auth,User login
2026-01-28T21:07:34.163442,INFO,orders,Request OK
2026-01-28T21:07:34.374001,INFO,orders,Request OK
2026-01-28T21:07:34.584619,ERROR,payment,Timeout
2026-01-28T21:07:34.789025,INFO,payment,User login
2026-01-28T21:07:35.000701,INFO,orders,Request OK
2026-01-28T21:07:35.215621,INFO,orders,User login
2026-01-28T21:07:35.497989,INFO,auth,User login
2026-01-28T21:07:35.707390,INFO,search,User login
2026-01-28T21:07:35.914850,WARN,auth,User login
2026-01-28T21:07:36.118591,INFO,orders,User login
2026-01-28T21:07:36.322791,INFO,auth,Request OK
2026-01-28T21:07:36.531712,INFO,orders,Cache hit
2026-01-28T21:07:36.742813,INFO,search,Request OK
2026-01-28T21:07:36.951727,INFO,payment,Cache hit
2026-01-28T21:07:37.163689,INFO,orders,User login
2026-01-28T21:07:37.366734,INFO,payment,User login
2026-01-28T21:07:37.568426,INFO,search,User login
2026-01-28T21:07:37.770757,INFO,payment,User login
2026-01-28T21:07:37.972871,INFO,orders,Request OK
2026-01-28T21:07:38.175178,INFO,payment,User login
2026-01-28T21:07:38.378136,INFO,auth,Cache hit
2026-01-28T21:07:38.580119,WARN,payment,User login
2026-01-28T21:07:38.782332,ERROR,auth,Timeout
2026-01-28T21:07:38.985587,INFO,auth,Request OK
2026-01-28T21:07:39.188639,INFO,payment,Request OK
2026-01-28T21:07:39.391047,INFO,orders,User login
2026-01-28T21:07:39.592768,ERROR,orders,Null pointer
2026-01-28T21:07:39.794720,INFO,orders,User login
2026-01-28T21:07:39.998746,INFO,auth,User login
2026-01-28T21:07:40.201107,INFO,auth,Request OK
2026-01-28T21:07:40.403084,ERROR,orders,DB failure
2026-01-28T21:07:40.605750,INFO,orders,Request OK
2026-01-28T21:07:40.807794,INFO,search,User login
2026-01-28T21:07:41.010838,INFO,search,User login
2026-01-28T21:07:41.213304,ERROR,orders,Timeout
2026-01-28T21:07:41.416014,INFO,payment,Request OK
2026-01-28T21:07:41.619963,INFO,search,Cache hit
2026-01-28T21:07:41.824100,INFO,orders,Request OK
2026-01-28T21:07:42.027625,INFO,orders,Request OK
2026-01-28T21:07:42.229891,INFO,orders,User login
2026-01-28T21:07:42.431772,INFO,auth,Cache hit
2026-01-28T21:07:42.635795,INFO,orders,User login
2026-01-28T21:07:42.838301,WARN,search,User login
2026-01-28T21:07:43.040337,INFO,search,User login
2026-01-28T21:07:43.243533,INFO,orders,Request OK
2026-01-28T21:07:43.445709,INFO,payment,Cache hit
2026-01-28T21:07:43.648256,WARN,auth,Cache hit
2026-01-28T21:07:43.850284,INFO,auth,Cache hit
2026-01-28T21:07:44.052724,WARN,auth,Request OK
2026-01-28T21:07:44.256163,INFO,auth,Cache hit
2026-01-28T21:07:44.458355,INFO,payment,Request OK
2026-01-28T21:07:44.660292,INFO,search,User login
2026-01-28T21:07:44.862530,INFO,auth,User login
2026-01-28T21:07:45.064714,INFO,payment,Request OK
2026-01-28T21:07:45.267758,INFO,payment,Cache hit
2026-01-28T21:07:45.471535,INFO,search,Cache hit
2026-01-28T21:07:45.674785,INFO,orders,Request OK
2026-01-28T21:07:45.877599,INFO,payment,Cache hit
2026-01-28T21:07:46.080108,INFO,orders,Request OK
2026-01-28T21:07:46.283728,INFO,auth,User login
2026-01-28T21:07:46.485555,INFO,orders,Cache hit
2026-01-28T21:07:46.687896,INFO,payment,User login
2026-01-28T21:07:46.890086,WARN,orders,Cache hit
2026-01-28T21:07:47.092472,INFO,auth,Cache hit
2026-01-28T21:07:47.295576,INFO,orders,Cache hit
2026-01-28T21:07:47.499355,INFO,orders,Cache hit
2026-01-28T21:07:47.701524,WARN,payment,User login
2026-01-28T21:07:47.903932,INFO,orders,Cache hit
2026-01-28T21:07:48.105771,INFO,search,User login
2026-01-28T21:07:48.307674,INFO,orders,Request OK
2026-01-28T21:07:48.510189,INFO,auth,Cache hit
2026-01-28T21:07:48.712721,ERROR,search,DB failure
2026-01-28T21:07:48.915033,INFO,auth,User login
2026-01-28T21:07:49.117344,INFO,auth,Request OK
2026-01-28T21:07:49.321054,INFO,search,User login
2026-01-28T21:07:49.523160,INFO,auth,Cache hit
2026-01-28T21:07:49.725535,INFO,auth,Cache hit
2026-01-28T21:07:49.927599,INFO,orders,Cache hit
2026-01-28T21:07:50.130606,INFO,search,Request OK
2026-01-28T21:07:50.333315,INFO,search,Request OK
2026-01-28T21:07:50.535400,INFO,orders,Request OK
2026-01-28T21:07:50.738286,INFO,search,Cache hit
2026-01-28T21:07:50.940809,INFO,orders,Cache hit
2026-01-28T21:07:51.143660,ERROR,orders,Null pointer
2026-01-28T21:07:51.346619,INFO,orders,Cache hit
2026-01-28T21:07:51.548761,ERROR,payment,Null pointer
2026-01-28T21:07:51.750954,ERROR,payment,DB failure
2026-01-28T21:07:51.955530,INFO,auth,Request OK
2026-01-28T21:07:52.158189,INFO,orders,Request OK
2026-01-28T21:07:52.360874,ERROR,search,DB failure
2026-01-28T21:07:52.563355,INFO,orders,User login
2026-01-28T21:07:52.766133,INFO,payment,Cache hit
2026-01-28T21:07:52.971929,INFO,search,User login
2026-01-28T21:07:53.174807,WARN,orders,Cache hit
2026-01-28T21:07:53.376815,WARN,orders,Request OK
2026-01-28T21:07:53.579371,INFO,auth,Request OK
2026-01-28T21:07:53.781812,WARN,auth,Request OK
2026-01-28T21:07:53.983774,INFO,orders,Cache hit
2026-01-28T21:07:54.186067,INFO,payment,User login
2026-01-28T21:07:54.388201,INFO,search,Request OK
2026-01-28T21:07:54.591575,INFO,payment,Request OK
2026-01-28T21:07:54.794659,INFO,orders,Cache hit
2026-01-28T21:07:54.998578,INFO,auth,Request OK
2026-01-28T21:07:55.200487,ERROR,orders,Null pointer
2026-01-28T21:07:55.403603,INFO,auth,User login
2026-01-28T21:07:55.605869,INFO,orders,Cache hit
2026-01-28T21:07:55.808267,INFO,auth,Request OK
2026-01-28T21:07:56.011658,INFO,payment,Request OK
2026-01-28T21:07:56.214080,INFO,search,User login
2026-01-28T21:07:56.416626,INFO,payment,Cache hit
2026-01-28T21:07:56.619704,INFO,search,User login
2026-01-28T21:07:56.823282,INFO,payment,Cache hit
2026-01-28T21:07:57.025600,INFO,payment,Cache hit
2026-01-28T21:07:57.227888,INFO,orders,User login
2026-01-28T21:07:57.431457,INFO,auth,Cache hit
2026-01-28T21:07:57.637984,WARN,payment,Request OK
2026-01-28T21:07:57.840484,INFO,orders,Cache hit
2026-01-28T21:07:58.043955,INFO,payment,Request OK
2026-01-28T21:07:58.246857,INFO,payment,User login
2026-01-28T21:07:58.449338,INFO,payment,User login
2026-01-28T21:07:58.651858,INFO,orders,User login
2026-01-28T21:07:58.854371,INFO,orders,Request OK
2026-01-28T21:07:59.057469,WARN,payment,User login
2026-01-28T21:07:59.267817,INFO,payment,Cache hit
2026-01-28T21:07:59.471064,INFO,search,Cache hit
2026-01-28T21:07:59.673947,INFO,auth,User login
2026-01-28T21:07:59.876494,INFO,orders,Request OK
2026-01-28T21:08:00.078581,INFO,orders,Cache hit
2026-01-28T21:08:00.280791,ERROR,orders,Timeout
2026-01-28T21:08:00.484970,INFO,search,Cache hit
2026-01-28T21:08:00.688658,INFO,payment,Request OK
2026-01-28T21:08:00.891491,INFO,payment,Request OK
2026-01-28T21:08:01.095507,INFO,auth,Request OK
2026-01-28T21:08:01.298987,ERROR,auth,Null pointer
2026-01-28T21:08:01.501126,INFO,search,Cache hit
2026-01-28T21:08:01.703268,INFO,search,Cache hit
2026-01-28T21:08:01.905250,INFO,auth,Request OK
2026-01-28T21:08:02.107104,INFO,payment,Request OK
2026-01-28T21:08:02.309247,INFO,payment,Cache hit
2026-01-28T21:08:02.512244,INFO,search,Request OK
2026-01-28T21:08:02.714999,INFO,payment,User login
2026-01-28T21:08:02.917546,INFO,search,User login
2026-01-28T21:08:03.119894,INFO,search,User login
2026-01-28T21:08:03.322123,WARN,payment,User login
2026-01-28T21:08:03.524910,INFO,auth,Request OK
2026-01-28T21:08:03.727231,ERROR,payment,DB failure
2026-01-28T21:08:03.929217,INFO,orders,User login
2026-01-28T21:08:04.131554,INFO,search,User login
2026-01-28T21:08:04.334009,WARN,orders,Request OK
2026-01-28T21:08:04.536613,INFO,search,Request OK
2026-01-28T21:08:04.739109,INFO,auth,Request OK
2026-01-28T21:08:04.942486,INFO,orders,User login
2026-01-28T21:08:05.146145,INFO,payment,User login
2026-01-28T21:08:05.348386,INFO,auth,Cache hit
2026-01-28T21:08:05.550701,INFO,search,Cache hit
2026-01-28T21:08:05.753321,INFO,auth,User login
2026-01-28T21:08:05.956592,INFO,orders,Request OK
2026-01-28T21:08:06.159184,INFO,orders,Request OK
2026-01-28T21:08:06.361749,INFO,search,Cache hit
2026-01-28T21:08:06.564017,ERROR,auth,Null pointer
2026-01-28T21:08:06.766304,INFO,search,Request OK
2026-01-28T21:08:06.969232,INFO,search,Request OK
2026-01-28T21:08:07.172125,INFO,auth,User login
2026-01-28T21:08:07.375637,INFO,payment,Cache hit
2026-01-28T21:08:07.578413,ERROR,payment,Timeout
2026-01-28T21:08:07.781391,INFO,payment,Cache hit
2026-01-28T21:08:07.985776,INFO,auth,Request OK
2026-01-28T21:08:08.189772,INFO,orders,Request OK
2026-01-28T21:08:08.392782,INFO,orders,User login
2026-01-28T21:08:08.595018,INFO,orders,Request OK
2026-01-28T21:08:08.798345,INFO,search,Request OK
2026-01-28T21:08:09.001248,INFO,orders,Request OK
2026-01-28T21:08:09.204137,WARN,auth,Cache hit
2026-01-28T21:08:09.406837,ERROR,payment,Null pointer
2026-01-28T21:08:09.609323,WARN,auth,Request OK
2026-01-28T21:08:09.811817,INFO,payment,User login
2026-01-28T21:08:10.013823,INFO,search,Request OK
2026-01-28T21:08:10.217088,INFO,search,Request OK
2026-01-28T21:08:10.419516,INFO,search,Cache hit
2026-01-28T21:08:10.624073,INFO,payment,User login
2026-01-28T21:08:10.826964,INFO,search,Cache hit
2026-01-28T21:08:11.029011,INFO,orders,Cache hit
2026-01-28T21:08:11.231576,INFO,search,Request OK
2026-01-28T21:08:11.434331,INFO,search,Request OK
2026-01-28T21:08:11.636653,INFO,orders,Cache hit
2026-01-28T21:08:11.838921,INFO,search,Request OK
2026-01-28T21:08:12.042001,INFO,auth,Cache hit
2026-01-28T21:08:12.246098,INFO,orders,Request OK
2026-01-28T21:08:12.449528,INFO,search,Cache hit
2026-01-28T21:08:12.652599,INFO,auth,User login
2026-01-28T21:08:12.855234,ERROR,orders,Timeout
2026-01-28T21:08:13.058131,INFO,auth,User login
2026-01-28T21:08:13.261407,INFO,orders,Cache hit
2026-01-28T21:08:13.463763,INFO,auth,Request OK
2026-01-28T21:08:13.666347,INFO,payment,User login
2026-01-28T21:08:13.869909,INFO,payment,User login
2026-01-28T21:08:14.072196,ERROR,payment,DB failure
2026-01-28T21:08:14.275201,INFO,payment,Cache hit
2026-01-28T21:08:14.477555,INFO,search,User login
2026-01-28T21:08:14.682574,INFO,search,User login
2026-01-28T21:08:14.885535,ERROR,auth,DB failure
2026-01-28T21:08:15.088558,ERROR,payment,DB failure
2026-01-28T21:08:15.291940,INFO,payment,Cache hit
2026-01-28T21:08:15.495441,INFO,search,Cache hit
2026-01-28T21:08:15.699239,INFO,auth,User login
2026-01-28T21:08:15.904566,WARN,payment,Cache hit
2026-01-28T21:08:16.107813,ERROR,payment,DB failure
2026-01-28T21:08:16.311037,INFO,search,Cache hit
2026-01-28T21:08:16.513640,INFO,auth,Cache hit
2026-01-28T21:08:16.715953,INFO,orders,Cache hit
2026-01-28T21:08:16.920883,INFO,orders,Request OK
2026-01-28T21:08:17.123713,ERROR,auth,Null pointer
2026-01-28T21:08:17.326744,INFO,payment,User login
2026-01-28T21:08:17.528380,ERROR,orders,Null pointer
2026-01-28T21:08:17.730407,INFO,search,User login
2026-01-28T21:08:17.933815,ERROR,search,Timeout
2026-01-28T21:08:18.136754,ERROR,auth,DB failure
2026-01-28T21:08:18.341638,INFO,search,Cache hit
2026-01-28T21:08:18.544791,INFO,orders,Cache hit
2026-01-28T21:08:18.747580,INFO,auth,Request OK
2026-01-28T21:08:18.950170,INFO,orders,User login
2026-01-28T21:08:19.152332,WARN,search,Cache hit
2026-01-28T21:08:19.354544,INFO,payment,Request OK
2026-01-28T21:08:19.557643,INFO,auth,Request OK
2026-01-28T21:08:19.759628,WARN,search,Request OK
2026-01-28T21:08:19.962650,INFO,orders,Request OK
2026-01-28T21:08:20.165649,INFO,payment,User login
2026-01-28T21:08:20.368345,WARN,payment,User login
2026-01-28T21:08:20.570837,WARN,orders,User login
2026-01-28T21:08:20.772889,INFO,auth,Request OK
2026-01-28T21:08:20.975960,INFO,search,User login
2026-01-28T21:08:21.178269,INFO,search,User login
2026-01-28T21:08:21.381272,INFO,auth,Request OK
2026-01-28T21:08:21.583841,INFO,search,Cache hit
2026-01-28T21:08:21.786828,INFO,auth,Cache hit
2026-01-28T21:08:21.989692,INFO,auth,Cache hit
2026-01-28T21:08:22.192530,INFO,orders,Cache hit
2026-01-28T21:08:22.394846,INFO,orders,User login
2026-01-28T21:08:22.599145,INFO,auth,User login
2026-01-28T21:08:22.803229,INFO,payment,Cache hit
2026-01-28T21:08:23.006475,ERROR,auth,Null pointer
2026-01-28T21:08:23.208643,INFO,orders,Request OK
2026-01-28T21:08:23.411085,WARN,search,User login
2026-01-28T21:08:23.614326,ERROR,auth,DB failure
2026-01-28T21:08:23.818576,INFO,payment,Request OK
2026-01-28T21:08:24.021593,ERROR,orders,DB failure
2026-01-28T21:08:24.225905,WARN,orders,Cache hit
2026-01-28T21:08:24.428478,INFO,search,Cache hit
2026-01-28T21:08:24.631354,INFO,auth,Request OK
2026-01-28T21:08:24.834555,INFO,search,User login
2026-01-28T21:08:25.036279,INFO,search,User login
2026-01-28T21:08:25.238262,INFO,payment,Cache hit
2026-01-28T21:08:25.441383,INFO,auth,User login
2026-01-28T21:08:25.643866,INFO,auth,Request OK
2026-01-28T21:08:25.846372,INFO,orders,Cache hit
2026-01-28T21:08:26.049829,INFO,payment,Cache hit
2026-01-28T21:08:26.252736,WARN,payment,User login
2026-01-28T21:08:26.455124,ERROR,orders,DB failure
2026-01-28T21:08:26.658015,INFO,auth,Cache hit
2026-01-28T21:08:26.860316,INFO,payment,Cache hit
2026-01-28T21:08:27.064184,INFO,orders,Request OK
2026-01-28T21:08:27.266420,INFO,orders,Cache hit
2026-01-28T21:08:27.468841,INFO,payment,Cache hit
2026-01-28T21:08:27.671383,WARN,payment,Cache hit
2026-01-28T21:08:27.874088,INFO,orders,Request OK
2026-01-28T21:08:28.076539,WARN,payment,Cache hit
2026-01-28T21:08:28.278801,INFO,auth,Cache hit
2026-01-28T21:08:28.481231,INFO,search,Request OK
2026-01-28T21:08:28.685080,INFO,search,User login
2026-01-28T21:08:28.888005,ERROR,orders,Timeout
2026-01-28T21:08:29.091025,INFO,payment,Request OK
2026-01-28T21:08:29.293927,INFO,orders,User login
2026-01-28T21:08:29.497005,INFO,auth,User login
2026-01-28T21:08:29.699716,INFO,search,Request OK
2026-01-28T21:08:29.902249,ERROR,auth,DB failure
2026-01-28T21:08:30.103987,INFO,auth,User login
2026-01-28T21:08:30.307752,INFO,auth,User login
2026-01-28T21:08:30.509744,INFO,payment,User login
2026-01-28T21:08:30.714412,ERROR,payment,Null pointer
2026-01-28T21:08:30.918078,INFO,payment,User login
2026-01-28T21:08:31.120228,ERROR,payment,Timeout
2026-01-28T21:08:31.323382,INFO,orders,Request OK
2026-01-28T21:08:31.526640,INFO,orders,User login
2026-01-28T21:08:31.729711,INFO,auth,Cache hit
2026-01-28T21:08:31.933053,INFO,orders,Cache hit
2026-01-28T21:08:32.135259,INFO,orders,Cache hit
2026-01-28T21:08:32.338015,WARN,search,User login
2026-01-28T21:08:32.540848,WARN,orders,Cache hit
2026-01-28T21:08:32.744694,WARN,orders,User login
2026-01-28T21:08:32.947039,INFO,search,User login
2026-01-28T21:08:33.149824,INFO,auth,User login
2026-01-28T21:08:33.352117,INFO,orders,Request OK
2026-01-28T21:08:33.556016,INFO,search,User login
2026-01-28T21:08:33.758027,INFO,orders,Request OK
2026-01-28T21:08:33.960408,INFO,orders,Request OK
2026-01-28T21:08:34.162875,WARN,auth,Cache hit
2026-01-28T21:08:34.365303,INFO,orders,Cache hit
2026-01-28T21:08:34.568759,INFO,auth,User login
2026-01-28T21:08:34.772477,ERROR,search,Timeout
2026-01-28T21:08:34.975515,INFO,auth,User login
2026-01-28T21:08:35.178302,INFO,auth,User login
2026-01-28T21:08:35.380828,INFO,auth,Request OK
2026-01-28T21:08:35.584363,INFO,auth,Request OK
2026-01-28T21:08:35.786622,INFO,search,User login
2026-01-28T21:08:35.989160,INFO,orders,Request OK
2026-01-28T21:08:36.191000,INFO,search,User login
2026-01-28T21:08:36.393877,INFO,payment,User login
2026-01-28T21:08:36.596964,WARN,auth,Cache hit
2026-01-28T21:08:36.799852,INFO,orders,Cache hit
2026-01-28T21:08:37.002175,INFO,auth,User login
2026-01-28T21:08:37.205110,INFO,payment,Request OK
2026-01-28T21:08:37.407423,ERROR,search,Timeout
2026-01-28T21:08:37.610390,INFO,payment,User login
2026-01-28T21:08:37.812997,INFO,auth,Cache hit
2026-01-28T21:08:38.015487,WARN,payment,Request OK
2026-01-28T21:08:38.218560,ERROR,search,DB failure
2026-01-28T21:08:38.421762,INFO,orders,Request OK
2026-01-28T21:08:38.624590,INFO,payment,Cache hit
2026-01-28T21:08:38.827230,INFO,search,Request OK
2026-01-28T21:08:39.029713,INFO,auth,User login
2026-01-28T21:08:39.232790,INFO,orders,Request OK
2026-01-28T21:08:39.436318,INFO,search,Cache hit
2026-01-28T21:08:39.638603,INFO,orders,User login
2026-01-28T21:08:39.841344,INFO,auth,Request OK
2026-01-28T21:08:40.044437,INFO,auth,Cache hit
2026-01-28T21:08:40.246839,ERROR,search,Null pointer
2026-01-28T21:08:40.449671,WARN,orders,Cache hit
2026-01-28T21:08:40.651692,INFO,orders,User login
2026-01-28T21:08:40.853989,INFO,orders,Cache hit
2026-01-28T21:08:41.056605,WARN,payment,User login
2026-01-28T21:08:41.258737,INFO,orders,User login
2026-01-28T21:08:41.461356,INFO,search,Cache hit
2026-01-28T21:08:41.664175,ERROR,search,Timeout
2026-01-28T21:08:41.866725,INFO,search,User login
2026-01-28T21:08:42.069424,INFO,search,Cache hit
2026-01-28T21:08:42.271521,INFO,payment,User login
2026-01-28T21:08:42.473941,ERROR,payment,DB failure
2026-01-28T21:08:42.677797,INFO,search,User login
2026-01-28T21:08:42.880619,INFO,auth,Request OK
2026-01-28T21:08:43.083126,ERROR,orders,Timeout
2026-01-28T21:08:43.285619,WARN,search,User login
2026-01-28T21:08:43.487926,INFO,payment,Request OK
2026-01-28T21:08:43.690742,ERROR,search,Timeout
2026-01-28T21:08:43.892530,ERROR,search,Null pointer
2026-01-28T21:08:44.095045,ERROR,orders,Null pointer
2026-01-28T21:08:44.297208,INFO,orders,Cache hit
2026-01-28T21:08:44.499322,ERROR,auth,Timeout
2026-01-28T21:08:44.703304,INFO,orders,Cache hit
2026-01-28T21:08:44.905934,INFO,orders,Cache hit
2026-01-28T21:08:45.108341,INFO,search,Cache hit
2026-01-28T21:08:45.311216,INFO,search,User login
2026-01-28T21:08:45.515220,INFO,orders,User login
2026-01-28T21:08:45.718058,INFO,orders,Cache hit
2026-01-28T21:08:45.921978,INFO,search,Request OK
2026-01-28T21:08:46.124595,ERROR,orders,Timeout
2026-01-28T21:08:46.327720,INFO,orders,Request OK
2026-01-28T21:08:46.529974,INFO,search,Request OK
2026-01-28T21:08:46.733169,WARN,payment,Cache hit
2026-01-28T21:08:46.936271,INFO,orders,Request OK
2026-01-28T21:08:47.139441,INFO,search,Request OK
2026-01-28T21:08:47.341132,INFO,search,User login
2026-01-28T21:08:47.543308,INFO,payment,Cache hit
2026-01-28T21:08:47.747238,ERROR,payment,Null pointer
2026-01-28T21:08:47.949936,INFO,search,User login
2026-01-28T21:08:48.152440,INFO,auth,Cache hit
2026-01-28T21:08:48.355487,INFO,orders,User login
2026-01-28T21:08:48.558056,INFO,auth,User login
2026-01-28T21:08:48.761403,WARN,payment,User login
2026-01-28T21:08:48.963798,INFO,orders,Cache hit
2026-01-28T21:08:49.165882,INFO,payment,Request OK
2026-01-28T21:08:49.368224,INFO,auth,Request OK
2026-01-28T21:08:49.570733,INFO,payment,Request OK
2026-01-28T21:08:49.772676,INFO,search,User login
2026-01-28T21:08:49.974578,WARN,search,User login
2026-01-28T21:08:50.176285,INFO,search,Request OK
2026-01-28T21:08:50.378536,INFO,payment,User login
2026-01-28T21:08:50.580567,INFO,payment,User login
2026-01-28T21:08:50.783949,INFO,search,User login
2026-01-28T21:08:50.986898,INFO,auth,Cache hit
2026-01-28T21:08:51.190472,INFO,orders,Cache hit
2026-01-28T21:08:51.393071,INFO,auth,Cache hit
2026-01-28T21:08:51.595595,WARN,search,User login
2026-01-28T21:08:51.797650,INFO,orders,Request OK
2026-01-28T21:08:52.000121,INFO,payment,Request OK
2026-01-28T21:08:52.203697,INFO,search,User login
2026-01-28T21:08:52.406785,INFO,auth,User login
2026-01-28T21:08:52.608876,INFO,auth,Request OK
2026-01-28T21:08:52.811705,ERROR,search,DB failure
2026-01-28T21:08:53.015708,WARN,orders,Request OK
2026-01-28T21:08:53.219258,INFO,auth,User login
2026-01-28T21:08:53.421415,INFO,payment,Cache hit
2026-01-28T21:08:53.624196,INFO,search,Request OK
2026-01-28T21:08:53.827130,INFO,orders,Cache hit
2026-01-28T21:08:54.029918,INFO,orders,Request OK
2026-01-28T21:08:54.232382,INFO,orders,User login
2026-01-28T21:08:54.437043,ERROR,search,Null pointer
2026-01-28T21:08:54.641446,INFO,payment,Cache hit
2026-01-28T21:08:54.843824,INFO,orders,Cache hit
2026-01-28T21:08:55.047704,INFO,auth,User login
2026-01-28T21:08:55.249968,INFO,auth,Cache hit
2026-01-28T21:08:55.452249,INFO,payment,User login
2026-01-28T21:08:55.655835,INFO,search,User login
2026-01-28T21:08:55.859153,INFO,payment,User login
2026-01-28T21:08:56.062563,INFO,auth,User login
2026-01-28T21:08:56.264908,INFO,search,Request OK
2026-01-28T21:08:56.468259,INFO,auth,User login
2026-01-28T21:08:56.670919,INFO,auth,Cache hit
2026-01-28T21:08:56.872900,INFO,payment,User login
2026-01-28T21:08:57.077912,INFO,auth,Request OK
2026-01-28T21:08:57.280353,ERROR,payment,Timeout
2026-01-28T21:08:57.482540,WARN,orders,Request OK
2026-01-28T21:08:57.685743,INFO,auth,User login
2026-01-28T21:08:57.889197,INFO,auth,User login
2026-01-28T21:08:58.091821,INFO,orders,User login
2026-01-28T21:08:58.294500,INFO,search,Cache hit
2026-01-28T21:08:58.497368,INFO,search,Cache hit
2026-01-28T21:08:58.699466,INFO,search,Cache hit
2026-01-28T21:08:58.901668,INFO,payment,Cache hit
2026-01-28T21:08:59.104535,INFO,search,Request OK
2026-01-28T21:08:59.307942,INFO,search,Cache hit
2026-01-28T21:08:59.510435,WARN,payment,Cache hit
2026-01-28T21:08:59.713403,ERROR,search,Null pointer
2026-01-28T21:08:59.916326,INFO,orders,Request OK
2026-01-28T21:09:00.119204,INFO,orders,Cache hit
2026-01-28T21:09:00.322382,INFO,payment,Request OK
2026-01-28T21:09:00.525458,INFO,search,User login
2026-01-28T21:09:00.727765,INFO,payment,User login
2026-01-28T21:09:00.930832,WARN,auth,Request OK
2026-01-28T21:09:01.133887,INFO,search,Request OK
2026-01-28T21:09:01.336210,ERROR,auth,DB failure
2026-01-28T21:09:01.538060,INFO,orders,User login
2026-01-28T21:09:01.740236,INFO,payment,User login
2026-01-28T21:09:01.945993,INFO,auth,User login
2026-01-28T21:09:02.149454,INFO,orders,Request OK
2026-01-28T21:09:02.352826,INFO,payment,User login
2026-01-28T21:09:02.556006,INFO,search,Cache hit
2026-01-28T21:09:02.758403,INFO,payment,User login
2026-01-28T21:09:02.963420,ERROR,auth,Null pointer
2026-01-28T21:09:03.172768,INFO,orders,User login
2026-01-28T21:09:03.375145,INFO,search,Cache hit
2026-01-28T21:09:03.579199,ERROR,search,DB failure
2026-01-28T21:09:03.782002,WARN,orders,Cache hit
2026-01-28T21:09:03.984118,ERROR,search,Null pointer
2026-01-28T21:09:04.186634,INFO,search,Request OK
2026-01-28T21:09:04.389362,INFO,auth,Cache hit
2026-01-28T21:09:04.591748,WARN,payment,Cache hit
2026-01-28T21:09:04.794524,INFO,payment,User login
2026-01-28T21:09:04.996704,INFO,payment,Cache hit
2026-01-28T21:09:05.198648,INFO,orders,Request OK
2026-01-28T21:09:05.402519,INFO,auth,User login
2026-01-28T21:09:05.606165,INFO,search,Cache hit
2026-01-28T21:09:05.808600,INFO,orders,Request OK
2026-01-28T21:09:06.010993,WARN,payment,Cache hit
2026-01-28T21:09:06.213152,INFO,auth,Request OK
2026-01-28T21:09:06.415649,ERROR,search,DB failure
2026-01-28T21:09:06.618232,INFO,search,Request OK
2026-01-28T21:09:06.821646,INFO,search,Request OK
2026-01-28T21:09:07.024758,INFO,search,User login
2026-01-28T21:09:07.227211,ERROR,orders,DB failure
2026-01-28T21:09:07.429780,INFO,search,Request OK
2026-01-28T21:09:07.632383,INFO,payment,Request OK
2026-01-28T21:09:07.835019,INFO,search,User login
2026-01-28T21:09:08.037670,INFO,auth,Request OK
2026-01-28T21:09:08.241955,ERROR,search,Null pointer
2026-01-28T21:09:08.446763,WARN,payment,Cache hit
2026-01-28T21:09:08.648906,INFO,search,Request OK
2026-01-28T21:09:08.851057,WARN,search,Request OK
2026-01-28T21:09:09.053364,WARN,search,User login
2026-01-28T21:09:09.256592,INFO,payment,User login
2026-01-28T21:09:09.459150,INFO,orders,Cache hit
2026-01-28T21:09:09.662873,INFO,payment,Request OK
2026-01-28T21:09:09.870192,INFO,orders,Request OK
2026-01-28T21:09:10.072345,INFO,payment,Cache hit
2026-01-28T21:09:10.274662,WARN,payment,Request OK
2026-01-28T21:09:10.476946,ERROR,orders,DB failure
2026-01-28T21:09:10.680279,INFO,orders,Cache hit
2026-01-28T21:09:10.884626,INFO,orders,Cache hit
2026-01-28T21:09:11.088259,INFO,orders,User login
2026-01-28T21:09:11.290294,INFO,search,Request OK
2026-01-28T21:09:11.493596,ERROR,orders,Timeout
2026-01-28T21:09:11.696383,INFO,auth,Request OK
2026-01-28T21:09:11.898841,INFO,payment,Request OK
2026-01-28T21:09:12.101234,INFO,search,Request OK
2026-01-28T21:09:12.304441,INFO,auth,User login
2026-01-28T21:09:12.507737,INFO,payment,Request OK
2026-01-28T21:09:12.711156,ERROR,payment,DB failure
2026-01-28T21:09:12.918106,INFO,orders,Request OK
2026-01-28T21:09:13.122324,INFO,search,Request OK
2026-01-28T21:09:13.324991,INFO,search,User login
2026-01-28T21:09:13.529223,ERROR,auth,DB failure
2026-01-28T21:09:13.731966,INFO,auth,Cache hit
2026-01-28T21:09:13.934673,INFO,auth,Request OK
2026-01-28T21:09:14.140827,INFO,payment,User login
2026-01-28T21:09:14.343091,INFO,search,User login
2026-01-28T21:09:14.546543,INFO,search,Request OK
2026-01-28T21:09:14.749017,INFO,payment,User login
2026-01-28T21:09:14.950846,INFO,auth,Cache hit
2026-01-28T21:09:15.153160,INFO,search,User login
2026-01-28T21:09:15.355398,INFO,search,Request OK
2026-01-28T21:09:15.558004,INFO,search,User login
2026-01-28T21:09:15.760447,INFO,auth,Request OK
2026-01-28T21:09:15.963242,INFO,payment,Cache hit
2026-01-28T21:09:16.167289,INFO,orders,Cache hit
2026-01-28T21:09:16.370276,INFO,auth,User login
2026-01-28T21:09:16.575435,INFO,auth,Cache hit
2026-01-28T21:09:16.778698,ERROR,payment,Null pointer
2026-01-28T21:09:16.981443,INFO,auth,Cache hit
2026-01-28T21:09:17.183487,ERROR,orders,Timeout
2026-01-28T21:09:17.385556,INFO,payment,Request OK
2026-01-28T21:09:17.587878,WARN,payment,Request OK
2026-01-28T21:09:17.790684,WARN,payment,Cache hit
2026-01-28T21:09:17.995212,INFO,search,User login
2026-01-28T21:09:18.197774,INFO,payment,Request OK
2026-01-28T21:09:18.401567,INFO,auth,Cache hit
2026-01-28T21:09:18.603710,INFO,payment,Request OK
2026-01-28T21:09:18.805858,WARN,search,Request OK
2026-01-28T21:09:19.008140,WARN,search,Request OK
2026-01-28T21:09:19.210479,INFO,payment,Cache hit
2026-01-28T21:09:19.412682,INFO,search,Cache hit
2026-01-28T21:09:19.615645,WARN,payment,Request OK
2026-01-28T21:09:19.820131,INFO,orders,Request OK
2026-01-28T21:09:20.023676,WARN,payment,Cache hit
2026-01-28T21:09:20.226631,INFO,auth,Cache hit
2026-01-28T21:09:20.429183,INFO,search,Request OK
2026-01-28T21:09:20.631769,INFO,payment,Cache hit
2026-01-28T21:09:20.834495,INFO,search,User login
2026-01-28T21:09:21.037160,INFO,payment,Request OK
2026-01-28T21:09:21.239817,INFO,payment,Request OK
2026-01-28T21:09:21.442459,ERROR,auth,DB failure
2026-01-28T21:09:21.645277,INFO,payment,User login
2026-01-28T21:09:21.847828,INFO,orders,User login
2026-01-28T21:09:22.050372,INFO,auth,Cache hit
2026-01-28T21:09:22.253090,INFO,orders,User login
2026-01-28T21:09:22.455116,WARN,search,Request OK
2026-01-28T21:09:22.657829,INFO,search,Request OK
2026-01-28T21:09:22.860140,WARN,payment,Cache hit
2026-01-28T21:09:23.062853,ERROR,orders,Null pointer
2026-01-28T21:09:23.266470,ERROR,orders,DB failure
2026-01-28T21:09:23.469315,INFO,orders,User login
2026-01-28T21:09:23.673270,INFO,search,Cache hit
2026-01-28T21:09:23.876422,INFO,search,User login
2026-01-28T21:09:24.078404,WARN,payment,Cache hit
2026-01-28T21:09:24.280948,INFO,orders,Request OK
2026-01-28T21:09:24.484089,ERROR,search,Null pointer
2026-01-28T21:09:24.686762,INFO,auth,Request OK
2026-01-28T21:09:24.890198,WARN,payment,Cache hit
2026-01-28T21:09:25.093585,INFO,orders,Request OK
2026-01-28T21:09:25.295895,INFO,search,Request OK
2026-01-28T21:09:25.498930,INFO,orders,User login
2026-01-28T21:09:25.702168,INFO,auth,Cache hit
2026-01-28T21:09:25.905847,INFO,orders,Request OK
2026-01-28T21:09:26.108496,ERROR,orders,Null pointer
2026-01-28T21:09:26.310988,INFO,payment,Request OK
2026-01-28T21:09:26.513235,WARN,payment,User login
2026-01-28T21:09:26.715736,WARN,search,User login
2026-01-28T21:09:26.918821,INFO,auth,User login
2026-01-28T21:09:27.121424,INFO,orders,Cache hit
2026-01-28T21:09:27.323565,INFO,auth,Request OK
2026-01-28T21:09:27.525870,INFO,payment,Cache hit
2026-01-28T21:09:27.729325,ERROR,orders,Null pointer
2026-01-28T21:09:27.933268,WARN,payment,Request OK
2026-01-28T21:09:28.135614,ERROR,auth,Timeout
2026-01-28T21:09:28.337914,WARN,search,User login
2026-01-28T21:09:28.541309,INFO,search,User login
2026-01-28T21:09:28.743083,ERROR,search,DB failure
2026-01-28T21:09:28.945940,INFO,search,User login
2026-01-28T21:09:29.148894,INFO,orders,Cache hit
2026-01-28T21:09:29.352215,INFO,orders,User login
2026-01-28T21:09:29.554911,INFO,payment,Request OK
2026-01-28T21:09:29.757591,WARN,payment,Request OK
2026-01-28T21:09:29.960742,INFO,auth,Cache hit
2026-01-28T21:09:30.163399,INFO,auth,Request OK
2026-01-28T21:09:30.365979,INFO,orders,User login
2026-01-28T21:09:30.568413,INFO,payment,Cache hit
2026-01-28T21:09:30.771902,INFO,payment,Cache hit
2026-01-28T21:09:30.974530,INFO,orders,Cache hit
2026-01-28T21:09:31.177715,INFO,search,User login
2026-01-28T21:09:31.380440,INFO,auth,Request OK
2026-01-28T21:09:31.582723,INFO,orders,Request OK
2026-01-28T21:09:31.785931,INFO,payment,User login
2026-01-28T21:09:31.989462,INFO,payment,Cache hit
2026-01-28T21:09:32.191487,INFO,search,User login
2026-01-28T21:09:32.394916,WARN,search,Cache hit
2026-01-28T21:09:32.597755,INFO,orders,Request OK
2026-01-28T21:09:32.800228,ERROR,payment,Null pointer
2026-01-28T21:09:33.003771,INFO,orders,User login
2026-01-28T21:09:33.206479,INFO,orders,User login
2026-01-28T21:09:33.410304,INFO,payment,Cache hit
2026-01-28T21:09:33.613153,WARN,search,Request OK
2026-01-28T21:09:33.816589,INFO,auth,Cache hit
2026-01-28T21:09:34.019847,INFO,auth,Cache hit
2026-01-28T21:09:34.223379,INFO,payment,Request OK
2026-01-28T21:09:34.425517,INFO,search,Cache hit
2026-01-28T21:09:34.628067,INFO,orders,User login
2026-01-28T21:09:34.830552,WARN,search,User login
2026-01-28T21:09:35.034732,INFO,auth,Request OK
2026-01-28T21:09:35.237447,INFO,search,Request OK
2026-01-28T21:09:35.440434,INFO,orders,User login
2026-01-28T21:09:35.643209,INFO,payment,User login
2026-01-28T21:09:35.845190,INFO,orders,Cache hit
2026-01-28T21:09:36.048102,INFO,payment,Request OK
2026-01-28T21:09:36.250443,WARN,orders,Request OK
2026-01-28T21:09:36.452606,INFO,payment,Cache hit
2026-01-28T21:09:36.655351,INFO,auth,Cache hit
2026-01-28T21:09:36.859433,INFO,search,Request OK
2026-01-28T21:09:37.061585,INFO,search,Cache hit
2026-01-28T21:09:37.263761,INFO,payment,Cache hit
2026-01-28T21:09:37.466461,INFO,payment,Cache hit
2026-01-28T21:09:37.669015,WARN,auth,User login
2026-01-28T21:09:37.872221,INFO,payment,User login
2026-01-28T21:09:38.074988,INFO,search,User login
2026-01-28T21:09:38.278081,INFO,orders,Cache hit
2026-01-28T21:09:38.480734,WARN,search,Request OK
2026-01-28T21:09:38.683510,ERROR,search,Timeout
2026-01-28T21:09:38.887672,INFO,search,User login
2026-01-28T21:09:39.091387,INFO,auth,User login
2026-01-28T21:09:39.292992,INFO,payment,Cache hit
2026-01-28T21:09:39.497120,INFO,payment,User login
2026-01-28T21:09:39.700214,INFO,orders,Cache hit
2026-01-28T21:09:39.903059,INFO,orders,Cache hit
2026-01-28T21:09:40.105256,WARN,auth,Request OK
2026-01-28T21:09:40.307417,INFO,payment,Request OK
2026-01-28T21:09:40.509845,INFO,auth,Cache hit
2026-01-28T21:09:40.712184,INFO,search,Request OK
2026-01-28T21:09:40.916238,ERROR,search,DB failure
2026-01-28T21:09:41.118817,INFO,payment,Cache hit
2026-01-28T21:09:41.321323,INFO,orders,Request OK
2026-01-28T21:09:41.524001,ERROR,search,Null pointer
2026-01-28T21:09:41.727687,INFO,auth,Request OK
2026-01-28T21:09:41.930262,INFO,orders,Request OK
2026-01-28T21:09:42.132958,INFO,search,Cache hit
2026-01-28T21:09:42.336660,ERROR,search,Null pointer
2026-01-28T21:09:42.539610,WARN,orders,Request OK
2026-01-28T21:09:42.741884,ERROR,search,Timeout
2026-01-28T21:09:42.944200,INFO,auth,Request OK
2026-01-28T21:09:43.147123,INFO,payment,Request OK
2026-01-28T21:09:43.350523,ERROR,search,Timeout
2026-01-28T21:09:43.552698,INFO,orders,Cache hit
2026-01-28T21:09:43.756798,INFO,search,User login
2026-01-28T21:09:43.960478,INFO,orders,Cache hit
2026-01-28T21:09:44.163110,INFO,orders,Request OK
2026-01-28T21:09:44.365283,INFO,search,User login
2026-01-28T21:09:44.567923,INFO,search,Request OK
2026-01-28T21:09:44.770284,WARN,auth,Cache hit
2026-01-28T21:09:44.972871,ERROR,auth,Null pointer
2026-01-28T21:09:45.175524,WARN,auth,Request OK
2026-01-28T21:09:45.377794,INFO,orders,Cache hit
2026-01-28T21:09:45.581058,INFO,payment,Cache hit
2026-01-28T21:09:45.783689,INFO,orders,Request OK
2026-01-28T21:09:45.986967,INFO,auth,Cache hit
2026-01-28T21:09:46.189345,INFO,orders,Request OK
2026-01-28T21:09:46.392227,INFO,payment,User login
2026-01-28T21:09:46.594240,INFO,orders,Request OK
2026-01-28T21:09:46.796703,WARN,auth,Request OK
2026-01-28T21:09:46.999030,INFO,orders,Request OK
2026-01-28T21:09:47.201861,INFO,search,Request OK
2026-01-28T21:09:47.405465,INFO,search,Request OK
2026-01-28T21:09:47.608723,INFO,payment,Cache hit
2026-01-28T21:09:47.811885,INFO,search,User login
2026-01-28T21:09:48.014363,WARN,orders,User login
2026-01-28T21:09:48.216852,INFO,search,User login
2026-01-28T21:09:48.419968,INFO,payment,Request OK
2026-01-28T21:09:48.622439,INFO,search,Request OK
2026-01-28T21:09:48.824308,INFO,orders,Request OK
2026-01-28T21:09:49.027146,INFO,payment,User login
2026-01-28T21:09:49.230490,INFO,orders,User login
2026-01-28T21:09:49.433232,INFO,auth,Request OK
2026-01-28T21:09:49.636898,INFO,search,Cache hit
2026-01-28T21:09:49.840093,INFO,orders,Cache hit
2026-01-28T21:09:50.042519,INFO,payment,Request OK
2026-01-28T21:09:50.245431,INFO,search,Request OK
2026-01-28T21:09:50.448160,ERROR,payment,Timeout
2026-01-28T21:09:50.651541,INFO,search,Request OK
2026-01-28T21:09:50.853849,WARN,orders,Request OK
2026-01-28T21:09:51.056626,INFO,search,Cache hit
2026-01-28T21:09:51.259112,WARN,payment,Cache hit
2026-01-28T21:09:51.462006,INFO,orders,User login
2026-01-28T21:09:51.664745,INFO,payment,Request OK
2026-01-28T21:09:51.867665,INFO,auth,Cache hit
2026-01-28T21:09:52.070338,ERROR,orders,Timeout
2026-01-28T21:09:52.273253,INFO,auth,Request OK
2026-01-28T21:09:52.475654,INFO,search,User login
2026-01-28T21:09:52.679129,INFO,search,User login
2026-01-28T21:09:52.881363,INFO,auth,Request OK
2026-01-28T21:09:53.084394,INFO,auth,Request OK
2026-01-28T21:09:53.287695,WARN,payment,Request OK
2026-01-28T21:09:53.491473,INFO,search,Cache hit
2026-01-28T21:09:53.694561,INFO,orders,Request OK
2026-01-28T21:09:53.897394,INFO,payment,Request OK
2026-01-28T21:09:54.100620,INFO,search,Cache hit
2026-01-28T21:09:54.302688,ERROR,auth,Null pointer
2026-01-28T21:09:54.505224,INFO,orders,Cache hit
2026-01-28T21:09:54.707839,INFO,auth,Cache hit
2026-01-28T21:09:54.910116,ERROR,search,Null pointer
2026-01-28T21:09:55.112425,INFO,payment,User login
2026-01-28T21:09:55.315736,WARN,orders,User login
2026-01-28T21:09:55.518461,INFO,search,Request OK
2026-01-28T21:09:55.721115,INFO,auth,Request OK
2026-01-28T21:09:55.923416,WARN,search,Cache hit
2026-01-28T21:09:56.125986,INFO,orders,User login
2026-01-28T21:09:56.328291,INFO,auth,Cache hit
2026-01-28T21:09:56.530413,INFO,search,User login
2026-01-28T21:09:56.732811,INFO,auth,Cache hit
2026-01-28T21:09:56.936293,INFO,orders,Cache hit
2026-01-28T21:09:57.139429,INFO,payment,User login
2026-01-28T21:09:57.343471,INFO,search,Cache hit
2026-01-28T21:09:57.546208,INFO,search,Request OK
2026-01-28T21:09:57.749258,INFO,payment,Request OK
2026-01-28T21:09:57.951271,INFO,orders,Request OK
2026-01-28T21:09:58.153362,INFO,search,User login
2026-01-28T21:09:58.356737,INFO,search,Cache hit
2026-01-28T21:09:58.559698,INFO,search,User login
2026-01-28T21:09:58.761893,INFO,search,Request OK
2026-01-28T21:09:58.963855,INFO,search,Request OK
2026-01-28T21:09:59.166028,INFO,search,Request OK
2026-01-28T21:09:59.370375,INFO,orders,Cache hit
2026-01-28T21:09:59.573257,INFO,auth,Cache hit
2026-01-28T21:09:59.775409,INFO,orders,User login
2026-01-28T21:09:59.977803,INFO,auth,User login
2026-01-28T21:10:00.181247,INFO,payment,User login
2026-01-28T21:10:00.383763,INFO,search,Request OK
2026-01-28T21:10:00.586389,INFO,orders,Request OK
2026-01-28T21:10:00.789159,INFO,search,Cache hit
2026-01-28T21:10:00.991668,INFO,auth,Request OK
2026-01-28T21:10:01.194095,ERROR,auth,Timeout
2026-01-28T21:10:01.396664,ERROR,payment,Timeout
2026-01-28T21:10:01.599025,INFO,orders,User login
2026-01-28T21:10:01.801989,INFO,search,Request OK
2026-01-28T21:10:02.004367,WARN,orders,User login
2026-01-28T21:10:02.206555,INFO,auth,Request OK
2026-01-28T21:10:02.409343,INFO,search,Cache hit
2026-01-28T21:10:02.612141,INFO,orders,Request OK
2026-01-28T21:10:02.815467,INFO,payment,User login
2026-01-28T21:10:03.018388,INFO,search,User login
2026-01-28T21:10:03.220989,INFO,payment,Cache hit
2026-01-28T21:10:03.423353,WARN,auth,Request OK
2026-01-28T21:10:03.626826,INFO,orders,Cache hit
2026-01-28T21:10:03.829564,INFO,payment,Request OK
2026-01-28T21:10:04.032454,INFO,auth,User login
2026-01-28T21:10:04.234915,INFO,search,Request OK
2026-01-28T21:10:04.438713,INFO,auth,User login
2026-01-28T21:10:04.641183,INFO,payment,Request OK
2026-01-28T21:10:04.843016,INFO,payment,Request OK
2026-01-28T21:10:05.045410,ERROR,orders,Timeout
2026-01-28T21:10:05.248876,INFO,auth,User login
2026-01-28T21:10:05.451683,INFO,auth,Cache hit
2026-01-28T21:10:05.654892,INFO,payment,Cache hit
2026-01-28T21:10:05.857720,INFO,orders,Cache hit
2026-01-28T21:10:06.061243,INFO,auth,Cache hit
2026-01-28T21:10:06.263705,INFO,orders,Request OK
2026-01-28T21:10:06.466145,INFO,orders,Request OK
2026-01-28T21:10:06.669972,INFO,search,Cache hit
2026-01-28T21:10:06.872257,INFO,orders,Request OK
2026-01-28T21:10:07.074565,ERROR,search,Timeout
2026-01-28T21:10:07.278811,INFO,payment,Request OK
2026-01-28T21:10:07.481190,INFO,auth,Request OK
2026-01-28T21:10:07.684041,INFO,orders,Request OK
2026-01-28T21:10:07.886281,WARN,search,User login
2026-01-28T21:10:08.088848,INFO,auth,Request OK
2026-01-28T21:10:08.291655,INFO,auth,User login
2026-01-28T21:10:08.494493,INFO,payment,Request OK
2026-01-28T21:10:08.697471,WARN,search,Cache hit
2026-01-28T21:10:08.901381,INFO,payment,Request OK
2026-01-28T21:10:09.105888,INFO,orders,Cache hit
2026-01-28T21:10:09.308995,INFO,orders,Cache hit
2026-01-28T21:10:09.512700,INFO,auth,Cache hit
2026-01-28T21:10:09.715471,WARN,search,Request OK
2026-01-28T21:10:09.919358,INFO,payment,Cache hit
2026-01-28T21:10:10.123630,ERROR,payment,Null pointer
2026-01-28T21:10:10.326267,ERROR,auth,DB failure
2026-01-28T21:10:10.528330,ERROR,search,Timeout
2026-01-28T21:10:10.731085,ERROR,orders,Timeout
2026-01-28T21:10:10.933428,INFO,search,Cache hit
2026-01-28T21:10:11.136632,INFO,orders,Cache hit
2026-01-28T21:10:11.339959,WARN,auth,User login
2026-01-28T21:10:11.542723,INFO,orders,Cache hit
2026-01-28T21:10:11.745560,INFO,orders,User login
2026-01-28T21:10:11.947980,WARN,payment,User login
2026-01-28T21:10:12.150315,INFO,payment,User login
2026-01-28T21:10:12.353089,INFO,orders,Cache hit
2026-01-28T21:10:12.555297,INFO,search,User login
2026-01-28T21:10:12.759971,INFO,auth,Cache hit
2026-01-28T21:10:12.962798,INFO,payment,Request OK
2026-01-28T21:10:13.165888,INFO,orders,Request OK
2026-01-28T21:10:13.367897,INFO,payment,Request OK
2026-01-28T21:10:13.571958,WARN,payment,Cache hit
2026-01-28T21:10:13.774351,INFO,orders,Cache hit
2026-01-28T21:10:13.977160,INFO,auth,User login
2026-01-28T21:10:14.180856,INFO,auth,Cache hit
2026-01-28T21:10:14.383035,INFO,search,User login
2026-01-28T21:10:14.586266,ERROR,payment,DB failure
2026-01-28T21:10:14.788723,INFO,auth,User login
2026-01-28T21:10:14.991034,INFO,search,Cache hit
2026-01-28T21:10:15.193227,ERROR,payment,Null pointer
2026-01-28T21:10:15.395778,ERROR,payment,Timeout
2026-01-28T21:10:15.598517,INFO,payment,Cache hit
2026-01-28T21:10:15.800972,INFO,auth,User login
2026-01-28T21:10:16.004675,INFO,orders,Cache hit
2026-01-28T21:10:16.208333,INFO,auth,User login
2026-01-28T21:10:16.411753,ERROR,search,Timeout
2026-01-28T21:10:16.614689,INFO,auth,User login
2026-01-28T21:10:16.819047,WARN,payment,Cache hit
2026-01-28T21:10:17.022404,WARN,orders,Request OK
2026-01-28T21:10:17.224570,INFO,orders,Cache hit
2026-01-28T21:10:17.427996,INFO,orders,Request OK
2026-01-28T21:10:17.630586,INFO,auth,User login
2026-01-28T21:10:17.833311,ERROR,orders,Null pointer
2026-01-28T21:10:18.036355,INFO,search,User login
2026-01-28T21:10:18.239396,INFO,search,Request OK
2026-01-28T21:10:18.442034,ERROR,payment,Timeout
2026-01-28T21:10:18.644418,INFO,orders,Cache hit
2026-01-28T21:10:18.846666,INFO,orders,User login
2026-01-28T21:10:19.049838,INFO,payment,Cache hit
2026-01-28T21:10:19.253151,INFO,auth,Request OK
2026-01-28T21:10:19.455388,INFO,auth,Request OK
2026-01-28T21:10:19.657531,INFO,search,Request OK
2026-01-28T21:10:19.859691,INFO,orders,User login
2026-01-28T21:10:20.062180,WARN,auth,User login
2026-01-28T21:10:20.265008,INFO,auth,Cache hit
2026-01-28T21:10:20.467494,ERROR,search,Timeout
2026-01-28T21:10:20.670179,WARN,orders,Cache hit
2026-01-28T21:10:20.871799,INFO,auth,User login
2026-01-28T21:10:21.075036,WARN,payment,Cache hit
2026-01-28T21:10:21.279299,INFO,orders,User login
2026-01-28T21:10:21.482513,INFO,payment,Request OK
2026-01-28T21:10:21.684734,INFO,search,Request OK
2026-01-28T21:10:21.887824,INFO,search,Cache hit
2026-01-28T21:10:22.091582,INFO,orders,Cache hit
2026-01-28T21:10:22.293946,INFO,orders,User login
2026-01-28T21:10:22.496066,ERROR,auth,Null pointer
2026-01-28T21:10:22.698575,INFO,auth,User login
2026-01-28T21:10:22.901615,ERROR,search,DB failure
2026-01-28T21:10:23.104511,INFO,search,Request OK
2026-01-28T21:10:23.306678,INFO,orders,Cache hit
2026-01-28T21:10:23.508873,INFO,payment,User login
2026-01-28T21:10:23.711152,INFO,payment,Cache hit
2026-01-28T21:10:23.913385,WARN,search,User login
2026-01-28T21:10:24.117134,INFO,payment,Request OK
2026-01-28T21:10:24.319244,INFO,payment,Request OK
2026-01-28T21:10:24.522587,WARN,search,Request OK
2026-01-28T21:10:24.726982,INFO,payment,Request OK
2026-01-28T21:10:24.929469,INFO,search,Request OK
2026-01-28T21:10:25.131882,ERROR,orders,DB failure
2026-01-28T21:10:25.333704,WARN,orders,User login
2026-01-28T21:10:25.535727,INFO,payment,Request OK
2026-01-28T21:10:25.738116,INFO,search,Request OK
2026-01-28T21:10:25.940999,INFO,orders,Request OK
2026-01-28T21:10:26.143911,ERROR,payment,Timeout
2026-01-28T21:10:26.345700,INFO,auth,Cache hit
2026-01-28T21:10:26.548680,INFO,auth,Request OK
2026-01-28T21:10:26.751762,INFO,orders,Cache hit
2026-01-28T21:10:26.954769,INFO,search,Request OK
2026-01-28T21:10:27.158955,INFO,auth,Request OK
2026-01-28T21:10:27.361542,INFO,auth,User login
2026-01-28T21:10:27.564965,INFO,auth,User login
2026-01-28T21:10:27.768430,INFO,auth,User login
2026-01-28T21:10:27.971485,INFO,search,Cache hit
2026-01-28T21:10:28.174773,INFO,auth,Request OK
2026-01-28T21:10:28.377430,INFO,search,Request OK
2026-01-28T21:10:28.580738,INFO,auth,Request OK
2026-01-28T21:10:28.784252,ERROR,orders,Timeout
2026-01-28T21:10:28.986657,INFO,payment,Cache hit
2026-01-28T21:10:29.188917,INFO,payment,Request OK
2026-01-28T21:10:29.391274,INFO,payment,User login
2026-01-28T21:10:29.594816,INFO,auth,Cache hit
2026-01-28T21:10:29.797723,INFO,orders,User login
2026-01-28T21:10:30.000014,INFO,orders,User login
2026-01-28T21:10:30.202866,INFO,orders,Cache hit
2026-01-28T21:10:30.405214,INFO,search,User login
2026-01-28T21:10:30.607908,INFO,payment,Cache hit
2026-01-28T21:10:30.810772,INFO,orders,User login
2026-01-28T21:10:31.013281,ERROR,payment,DB failure
2026-01-28T21:10:31.215775,INFO,payment,User login
2026-01-28T21:10:31.417748,INFO,orders,Request OK
2026-01-28T21:10:31.620835,INFO,orders,Cache hit
2026-01-28T21:10:31.823338,INFO,search,User login
2026-01-28T21:10:32.026183,INFO,payment,Request OK
2026-01-28T21:10:32.229262,INFO,orders,User login
2026-01-28T21:10:32.431445,INFO,orders,Cache hit
2026-01-28T21:10:32.634156,INFO,orders,User login
2026-01-28T21:10:32.836727,INFO,orders,User login
2026-01-28T21:10:33.039139,INFO,payment,Request OK
2026-01-28T21:10:33.241311,INFO,payment,Cache hit
2026-01-28T21:10:33.444418,INFO,search,Request OK
2026-01-28T21:10:33.648031,INFO,search,Cache hit
2026-01-28T21:10:33.850599,INFO,auth,Cache hit
2026-01-28T21:10:34.054230,INFO,orders,Request OK
2026-01-28T21:10:34.257575,INFO,auth,User login
2026-01-28T21:10:34.460240,INFO,auth,Request OK
2026-01-28T21:10:34.662832,WARN,auth,Cache hit
2026-01-28T21:10:34.865746,INFO,orders,Request OK
2026-01-28T21:10:35.068199,INFO,search,User login
2026-01-28T21:10:35.270577,INFO,search,Request OK
2026-01-28T21:10:35.473124,INFO,auth,User login
2026-01-28T21:10:35.677503,INFO,auth,Request OK
2026-01-28T21:10:35.880813,INFO,payment,Cache hit
2026-01-28T21:10:36.084166,INFO,search,User login
2026-01-28T21:10:36.286894,INFO,payment,Request OK
2026-01-28T21:10:36.488476,ERROR,payment,Timeout
2026-01-28T21:10:36.691094,INFO,auth,User login
2026-01-28T21:10:36.893886,WARN,payment,Request OK
2026-01-28T21:10:37.095850,INFO,auth,Cache hit
2026-01-28T21:10:37.298699,INFO,auth,Request OK
2026-01-28T21:10:37.500865,INFO,payment,Cache hit
2026-01-28T21:10:37.704780,INFO,auth,Request OK
2026-01-28T21:10:37.907555,INFO,auth,Request OK
2026-01-28T21:10:38.110030,INFO,payment,Cache hit
2026-01-28T21:10:38.313217,INFO,payment,Request OK
2026-01-28T21:10:38.515831,INFO,payment,User login
2026-01-28T21:10:38.720655,INFO,search,Cache hit
2026-01-28T21:10:38.923682,INFO,search,User login
2026-01-28T21:10:39.126019,INFO,orders,Cache hit
2026-01-28T21:10:39.328588,INFO,orders,Cache hit
2026-01-28T21:10:39.532421,INFO,payment,Request OK
2026-01-28T21:10:39.735747,INFO,auth,Request OK
2026-01-28T21:10:39.938461,INFO,search,Cache hit
2026-01-28T21:10:40.140865,INFO,search,Request OK
2026-01-28T21:10:40.343092,INFO,payment,User login
2026-01-28T21:10:40.545436,INFO,search,Request OK
2026-01-28T21:10:40.748881,INFO,payment,Request OK
2026-01-28T21:10:40.952202,INFO,payment,User login
2026-01-28T21:10:41.155476,INFO,search,User login
2026-01-28T21:10:41.358843,INFO,auth,Request OK
2026-01-28T21:10:41.561964,INFO,auth,Cache hit
2026-01-28T21:10:41.764618,INFO,orders,Cache hit
2026-01-28T21:10:41.967535,INFO,auth,Cache hit
2026-01-28T21:10:42.169218,ERROR,orders,Timeout
2026-01-28T21:10:42.372610,INFO,auth,Cache hit
2026-01-28T21:10:42.574818,WARN,search,Request OK
2026-01-28T21:10:42.777128,INFO,search,Request OK
2026-01-28T21:10:42.979887,WARN,payment,Cache hit
2026-01-28T21:10:43.182117,INFO,payment,Request OK
2026-01-28T21:10:43.384898,WARN,payment,Cache hit
2026-01-28T21:10:43.586702,INFO,auth,User login
2026-01-28T21:10:43.789558,WARN,payment,Cache hit
2026-01-28T21:10:43.991929,ERROR,auth,Timeout
2026-01-28T21:10:44.194009,WARN,payment,Cache hit
2026-01-28T21:10:44.396180,ERROR,search,Null pointer
2026-01-28T21:10:44.598654,INFO,search,Request OK
2026-01-28T21:10:44.801020,INFO,search,User login
2026-01-28T21:10:45.003220,INFO,search,Cache hit
2026-01-28T21:10:45.207143,WARN,search,Request OK
2026-01-28T21:10:45.411780,INFO,orders,User login
2026-01-28T21:10:45.614635,ERROR,auth,DB failure
2026-01-28T21:10:45.817282,ERROR,auth,Timeout
2026-01-28T21:10:46.019645,WARN,search,Request OK
2026-01-28T21:10:46.225820,INFO,payment,User login
2026-01-28T21:10:46.428315,INFO,payment,User login
2026-01-28T21:10:46.632132,INFO,search,Request OK
2026-01-28T21:10:46.835106,INFO,payment,Cache hit
2026-01-28T21:10:47.038499,INFO,auth,User login
2026-01-28T21:10:47.241312,INFO,auth,Request OK
2026-01-28T21:10:47.443484,ERROR,orders,DB failure
2026-01-28T21:10:47.646299,INFO,auth,User login
2026-01-28T21:10:47.850033,INFO,orders,Cache hit
2026-01-28T21:10:48.052385,INFO,orders,Cache hit
2026-01-28T21:10:48.255444,INFO,search,Request OK
2026-01-28T21:10:48.458326,INFO,orders,Cache hit
2026-01-28T21:10:48.660817,INFO,orders,Request OK
2026-01-28T21:10:48.863431,INFO,auth,Cache hit
2026-01-28T21:10:49.068659,INFO,auth,User login
2026-01-28T21:10:49.270729,INFO,search,Request OK
2026-01-28T21:10:49.473206,WARN,orders,Request OK
2026-01-28T21:10:49.675936,INFO,search,User login
2026-01-28T21:10:49.878170,ERROR,auth,Timeout
2026-01-28T21:10:50.080783,INFO,orders,User login
2026-01-28T21:10:50.283791,INFO,auth,Cache hit
2026-01-28T21:10:50.486423,WARN,search,Request OK
2026-01-28T21:10:50.688679,WARN,orders,Request OK
2026-01-28T21:10:50.891508,INFO,orders,User login
2026-01-28T21:10:51.093284,INFO,auth,User login
2026-01-28T21:10:51.295821,ERROR,payment,Timeout
2026-01-28T21:10:51.498462,INFO,search,Request OK
2026-01-28T21:10:51.701963,INFO,search,User login
2026-01-28T21:10:51.904804,WARN,orders,Request OK
2026-01-28T21:10:52.106890,ERROR,payment,DB failure
2026-01-28T21:10:52.309643,INFO,payment,Cache hit
2026-01-28T21:10:52.512472,INFO,search,Request OK
2026-01-28T21:10:52.714909,INFO,payment,Cache hit
2026-01-28T21:10:52.917389,INFO,payment,User login
2026-01-28T21:10:53.119816,INFO,auth,Request OK
2026-01-28T21:10:53.322163,ERROR,orders,Null pointer
2026-01-28T21:10:53.524276,INFO,payment,User login
2026-01-28T21:10:53.726360,WARN,payment,Request OK
2026-01-28T21:10:53.928575,INFO,payment,User login
2026-01-28T21:10:54.131553,INFO,search,Cache hit
2026-01-28T21:10:54.334343,INFO,search,User login
2026-01-28T21:10:54.537717,INFO,search,Request OK
2026-01-28T21:10:54.740785,INFO,search,User login
2026-01-28T21:10:54.943959,INFO,search,User login
2026-01-28T21:10:55.146279,WARN,auth,User login
2026-01-28T21:10:55.348979,INFO,payment,User login
2026-01-28T21:10:55.551303,INFO,auth,User login
2026-01-28T21:10:55.753606,INFO,search,Request OK
2026-01-28T21:10:55.955892,INFO,search,Request OK
2026-01-28T21:10:56.159680,INFO,orders,Request OK
2026-01-28T21:10:56.362022,INFO,search,Request OK
2026-01-28T21:10:56.565489,INFO,payment,Cache hit
2026-01-28T21:10:56.768041,INFO,search,User login
2026-01-28T21:10:56.971307,WARN,search,Cache hit
2026-01-28T21:10:57.174856,INFO,orders,Request OK
2026-01-28T21:10:57.378482,INFO,search,Request OK
2026-01-28T21:10:57.582542,INFO,search,Request OK
2026-01-28T21:10:57.785646,ERROR,payment,DB failure
2026-01-28T21:10:57.988236,ERROR,auth,Timeout
2026-01-28T21:10:58.191255,INFO,auth,User login
2026-01-28T21:10:58.394141,ERROR,payment,DB failure
2026-01-28T21:10:58.596533,ERROR,payment,Timeout
2026-01-28T21:10:58.799847,ERROR,payment,Timeout
2026-01-28T21:10:59.003555,WARN,orders,Request OK
2026-01-28T21:10:59.206583,INFO,orders,Cache hit
2026-01-28T21:10:59.409333,INFO,orders,User login
2026-01-28T21:10:59.611715,INFO,search,Request OK
2026-01-28T21:10:59.816102,INFO,orders,User login
2026-01-28T21:11:00.020040,INFO,auth,User login
2026-01-28T21:11:00.222708,INFO,orders,Cache hit
2026-01-28T21:11:00.424619,INFO,payment,Cache hit
2026-01-28T21:11:00.626916,ERROR,orders,Null pointer
2026-01-28T21:11:00.829743,WARN,search,Request OK
2026-01-28T21:11:01.031873,INFO,orders,User login
2026-01-28T21:11:01.234247,INFO,orders,Request OK
2026-01-28T21:11:01.437305,INFO,orders,Cache hit
2026-01-28T21:11:01.639835,INFO,auth,Request OK
2026-01-28T21:11:01.842904,INFO,orders,Cache hit
2026-01-28T21:11:02.046314,INFO,payment,Cache hit
2026-01-28T21:11:02.248989,INFO,payment,User login
2026-01-28T21:11:02.451376,INFO,orders,Cache hit
2026-01-28T21:11:02.653505,INFO,auth,Cache hit
2026-01-28T21:11:02.856594,INFO,auth,Cache hit
2026-01-28T21:11:03.060347,WARN,payment,Cache hit
2026-01-28T21:11:03.262780,INFO,orders,Cache hit
2026-01-28T21:11:03.465511,INFO,search,Cache hit
2026-01-28T21:11:03.668351,INFO,payment,Cache hit
2026-01-28T21:11:03.870946,INFO,auth,User login
2026-01-28T21:11:04.074783,INFO,payment,User login
2026-01-28T21:11:04.276979,INFO,orders,Cache hit
2026-01-28T21:11:04.479655,INFO,search,Request OK
2026-01-28T21:11:04.682460,ERROR,payment,Null pointer
2026-01-28T21:11:04.886893,WARN,payment,Cache hit
2026-01-28T21:11:05.090016,WARN,search,Request OK
2026-01-28T21:11:05.293415,WARN,search,Request OK
2026-01-28T21:11:05.497082,INFO,search,Cache hit
2026-01-28T21:11:05.699518,INFO,payment,Request OK
2026-01-28T21:11:05.902127,INFO,orders,Request OK
2026-01-28T21:11:06.104154,INFO,payment,Request OK
2026-01-28T21:11:06.306664,INFO,payment,User login
2026-01-28T21:11:06.510505,INFO,payment,Request OK
2026-01-28T21:11:06.712922,INFO,payment,Request OK
2026-01-28T21:11:06.916300,WARN,orders,Cache hit
2026-01-28T21:11:07.119098,INFO,payment,Request OK
2026-01-28T21:11:07.321793,ERROR,auth,Timeout
2026-01-28T21:11:07.524288,INFO,search,Request OK
2026-01-28T21:11:07.727526,INFO,orders,Cache hit
2026-01-28T21:11:07.929738,INFO,search,User login
2026-01-28T21:11:08.134042,INFO,payment,Cache hit
2026-01-28T21:11:08.337040,INFO,auth,Cache hit
2026-01-28T21:11:08.544567,INFO,search,Request OK
2026-01-28T21:11:08.747192,WARN,payment,User login
2026-01-28T21:11:08.950833,INFO,search,Cache hit
2026-01-28T21:11:09.153689,INFO,search,User login
2026-01-28T21:11:09.355988,INFO,payment,Cache hit
2026-01-28T21:11:09.559620,INFO,orders,Request OK
2026-01-28T21:11:09.762907,INFO,payment,User login
2026-01-28T21:11:09.966639,ERROR,search,Timeout
2026-01-28T21:11:10.169031,INFO,payment,User login
2026-01-28T21:11:10.371008,INFO,orders,Request OK
2026-01-28T21:11:10.574777,INFO,search,Request OK
2026-01-28T21:11:10.777025,INFO,search,Request OK
2026-01-28T21:11:10.979377,INFO,orders,Cache hit
2026-01-28T21:11:11.181874,INFO,search,Cache hit
2026-01-28T21:11:11.384541,INFO,auth,Request OK
2026-01-28T21:11:11.586542,INFO,payment,User login
2026-01-28T21:11:11.789219,INFO,search,User login
2026-01-28T21:11:11.992758,INFO,auth,Request OK
2026-01-28T21:11:12.195876,INFO,search,Request OK
2026-01-28T21:11:12.398269,INFO,auth,Cache hit
2026-01-28T21:11:12.600180,WARN,auth,User login
2026-01-28T21:11:12.803234,INFO,search,User login
2026-01-28T21:11:13.006409,INFO,orders,Request OK
2026-01-28T21:11:13.209971,INFO,payment,User login
2026-01-28T21:11:13.412657,ERROR,auth,Null pointer
2026-01-28T21:11:13.615228,INFO,auth,User login
2026-01-28T21:11:13.818357,INFO,orders,User login
2026-01-28T21:11:14.021192,INFO,orders,User login
2026-01-28T21:11:14.224318,INFO,search,User login
2026-01-28T21:11:14.427369,INFO,payment,Request OK
2026-01-28T21:11:14.629845,WARN,payment,User login
2026-01-28T21:11:14.832106,WARN,search,Cache hit
2026-01-28T21:11:15.034153,INFO,search,Request OK
2026-01-28T21:11:15.236262,INFO,orders,Request OK
2026-01-28T21:11:15.439035,INFO,auth,User login
2026-01-28T21:11:15.641583,INFO,search,Cache hit
2026-01-28T21:11:15.845552,INFO,orders,User login
2026-01-28T21:11:16.048835,WARN,auth,User login
2026-01-28T21:11:16.252946,INFO,payment,User login
2026-01-28T21:11:16.456003,INFO,orders,User login
2026-01-28T21:11:16.659599,WARN,auth,Request OK
2026-01-28T21:11:16.862028,INFO,search,Cache hit
2026-01-28T21:11:17.065380,INFO,search,User login
2026-01-28T21:11:17.268149,INFO,payment,Request OK
2026-01-28T21:11:17.470422,INFO,payment,Request OK
2026-01-28T21:11:17.673253,INFO,payment,User login
2026-01-28T21:11:17.877296,INFO,auth,User login
2026-01-28T21:11:18.080061,INFO,payment,Cache hit
2026-01-28T21:11:18.283543,INFO,search,Request OK
2026-01-28T21:11:18.485507,INFO,search,Cache hit
2026-01-28T21:11:18.687249,INFO,payment,Cache hit
2026-01-28T21:11:18.889765,INFO,auth,Request OK
2026-01-28T21:11:19.092267,INFO,auth,Request OK
2026-01-28T21:11:19.294326,INFO,search,User login
2026-01-28T21:11:19.496955,INFO,payment,User login
2026-01-28T21:11:19.699939,INFO,search,User login
2026-01-28T21:11:19.902556,INFO,search,Request OK
2026-01-28T21:11:20.104980,ERROR,auth,DB failure
2026-01-28T21:11:20.307716,INFO,auth,Cache hit
2026-01-28T21:11:20.510141,INFO,search,Request OK
2026-01-28T21:11:20.712698,WARN,payment,User login
2026-01-28T21:11:20.915318,INFO,auth,Request OK
2026-01-28T21:11:21.117822,INFO,search,Cache hit
2026-01-28T21:11:21.321257,WARN,orders,Cache hit
2026-01-28T21:11:21.524628,INFO,auth,Cache hit
2026-01-28T21:11:21.727573,WARN,orders,Cache hit
2026-01-28T21:11:21.930819,INFO,payment,Request OK
2026-01-28T21:11:22.132554,INFO,payment,Cache hit
2026-01-28T21:11:22.335579,INFO,orders,User login
2026-01-28T21:11:22.538039,INFO,search,Cache hit
2026-01-28T21:11:22.740050,INFO,payment,User login
2026-01-28T21:11:22.942538,INFO,payment,User login
2026-01-28T21:11:23.144389,INFO,auth,Request OK
2026-01-28T21:11:23.346895,WARN,orders,User login
2026-01-28T21:11:23.549390,INFO,auth,User login
2026-01-28T21:11:23.751372,WARN,search,Request OK
2026-01-28T21:11:23.953083,ERROR,payment,DB failure
2026-01-28T21:11:24.155025,INFO,payment,User login
2026-01-28T21:11:24.357660,INFO,search,User login
2026-01-28T21:11:24.560208,INFO,orders,User login
2026-01-28T21:11:24.762254,INFO,orders,Request OK
2026-01-28T21:11:24.964458,ERROR,auth,Null pointer
2026-01-28T21:11:25.167358,INFO,auth,User login
2026-01-28T21:11:25.369812,WARN,orders,Request OK
2026-01-28T21:11:25.571855,INFO,orders,User login
2026-01-28T21:11:25.774277,ERROR,payment,Timeout
2026-01-28T21:11:25.976660,INFO,orders,User login
2026-01-28T21:11:26.178919,INFO,auth,User login
2026-01-28T21:11:26.380667,INFO,payment,User login
2026-01-28T21:11:26.583384,INFO,orders,Request OK
2026-01-28T21:11:26.785774,WARN,auth,User login
2026-01-28T21:11:26.988289,WARN,auth,User login
2026-01-28T21:11:27.190522,INFO,search,Request OK
2026-01-28T21:11:27.394306,INFO,payment,Cache hit
2026-01-28T21:11:27.597193,INFO,orders,Request OK
2026-01-28T21:11:27.800672,WARN,search,Request OK
2026-01-28T21:11:28.004401,WARN,search,Request OK
2026-01-28T21:11:28.207363,ERROR,payment,Timeout
2026-01-28T21:11:28.410017,INFO,payment,Request OK
2026-01-28T21:11:28.613346,ERROR,payment,Timeout
2026-01-28T21:11:28.815394,INFO,orders,Cache hit
2026-01-28T21:11:29.018291,INFO,orders,User login
2026-01-28T21:11:29.221345,INFO,auth,User login
2026-01-28T21:11:29.423628,INFO,payment,User login
2026-01-28T21:11:29.627617,INFO,orders,User login
2026-01-28T21:11:29.829880,WARN,payment,User login
2026-01-28T21:11:30.032061,INFO,auth,Cache hit
2026-01-28T21:11:30.234841,INFO,auth,Request OK
2026-01-28T21:11:30.437149,ERROR,orders,DB failure
2026-01-28T21:11:30.639608,INFO,orders,Cache hit
2026-01-28T21:11:30.842081,INFO,orders,User login
2026-01-28T21:11:31.044846,INFO,search,User login
2026-01-28T21:11:31.247064,INFO,payment,Request OK
2026-01-28T21:11:31.449077,INFO,auth,Request OK
2026-01-28T21:11:31.652086,ERROR,payment,Timeout
2026-01-28T21:11:31.854280,INFO,auth,User login
2026-01-28T21:11:32.056734,INFO,search,Request OK
2026-01-28T21:11:32.259387,INFO,auth,User login
2026-01-28T21:11:32.462135,INFO,orders,Request OK
2026-01-28T21:11:32.665224,ERROR,auth,Timeout
2026-01-28T21:11:32.867400,INFO,auth,User login
2026-01-28T21:11:33.070136,INFO,auth,Request OK
2026-01-28T21:11:33.272639,INFO,orders,Cache hit
2026-01-28T21:11:33.475969,INFO,orders,User login
2026-01-28T21:11:33.678110,INFO,orders,Request OK
2026-01-28T21:11:33.880112,INFO,orders,Cache hit
2026-01-28T21:11:34.082272,INFO,auth,Request OK
2026-01-28T21:11:34.284176,INFO,auth,User login
2026-01-28T21:11:34.486542,INFO,auth,Request OK
2026-01-28T21:11:34.690062,WARN,auth,Cache hit
2026-01-28T21:11:34.892230,INFO,auth,User login
2026-01-28T21:11:35.094449,ERROR,auth,Timeout
2026-01-28T21:11:35.296922,INFO,search,Cache hit
2026-01-28T21:11:35.500558,WARN,payment,Request OK
2026-01-28T21:11:35.702584,INFO,orders,User login
2026-01-28T21:11:35.904996,INFO,orders,User login
2026-01-28T21:11:36.107141,INFO,auth,Cache hit
2026-01-28T21:11:36.310701,INFO,payment,Request OK
2026-01-28T21:11:36.513441,INFO,payment,Request OK
2026-01-28T21:11:36.715453,INFO,orders,Request OK
2026-01-28T21:11:36.918004,INFO,payment,Request OK
2026-01-28T21:11:37.121649,INFO,orders,Request OK
2026-01-28T21:11:37.324059,INFO,auth,User login
2026-01-28T21:11:37.527319,INFO,search,Cache hit
2026-01-28T21:11:37.729445,ERROR,auth,DB failure
2026-01-28T21:11:37.931562,INFO,search,Cache hit
2026-01-28T21:11:38.134178,ERROR,orders,Null pointer
2026-01-28T21:11:38.336729,INFO,orders,User login
2026-01-28T21:11:38.538753,WARN,payment,User login
2026-01-28T21:11:38.740908,INFO,orders,Cache hit
2026-01-28T21:11:38.943060,ERROR,payment,DB failure
2026-01-28T21:11:39.145666,INFO,search,User login
2026-01-28T21:11:39.348078,WARN,search,User login
2026-01-28T21:11:39.550193,INFO,payment,User login
2026-01-28T21:11:39.752565,INFO,search,Request OK
2026-01-28T21:11:39.955493,INFO,payment,Request OK
2026-01-28T21:11:40.158200,INFO,orders,Request OK
2026-01-28T21:11:40.360434,INFO,search,Cache hit
2026-01-28T21:11:40.562218,ERROR,auth,DB failure
2026-01-28T21:11:40.764290,INFO,payment,Cache hit
2026-01-28T21:11:40.966739,WARN,auth,Request OK
2026-01-28T21:11:41.169008,WARN,payment,Request OK
2026-01-28T21:11:41.372691,INFO,orders,Cache hit
2026-01-28T21:11:41.575784,INFO,search,Request OK
2026-01-28T21:11:41.778818,WARN,auth,Cache hit
2026-01-28T21:11:41.985445,INFO,search,Request OK
2026-01-28T21:11:42.187434,INFO,orders,Cache hit
2026-01-28T21:11:42.390017,INFO,auth,User login
2026-01-28T21:11:42.591814,INFO,search,User login
2026-01-28T21:11:42.794053,INFO,orders,User login
2026-01-28T21:11:42.996394,ERROR,payment,Timeout
2026-01-28T21:11:43.198561,WARN,orders,Request OK
2026-01-28T21:11:43.400291,INFO,search,Cache hit
2026-01-28T21:11:43.603206,ERROR,payment,DB failure
2026-01-28T21:11:43.805110,INFO,auth,Request OK
2026-01-28T21:11:44.006962,INFO,payment,Cache hit
2026-01-28T21:11:44.209501,ERROR,orders,Null pointer
2026-01-28T21:11:44.411415,INFO,payment,Cache hit
2026-01-28T21:11:44.613617,INFO,payment,Cache hit
2026-01-28T21:11:44.816917,INFO,payment,Request OK
2026-01-28T21:11:45.019668,INFO,payment,User login
2026-01-28T21:11:45.221570,INFO,search,Cache hit
2026-01-28T21:11:45.424433,ERROR,auth,Timeout
2026-01-28T21:11:45.626515,INFO,search,Request OK
2026-01-28T21:11:45.829132,INFO,payment,Cache hit
2026-01-28T21:11:46.031626,INFO,auth,Cache hit
2026-01-28T21:11:46.234879,INFO,search,Request OK
2026-01-28T21:11:46.438364,INFO,orders,User login
2026-01-28T21:11:46.642494,INFO,auth,User login
2026-01-28T21:11:46.845180,INFO,orders,Cache hit
2026-01-28T21:11:47.049889,WARN,auth,User login
2026-01-28T21:11:47.255628,INFO,auth,Request OK
2026-01-28T21:11:47.458662,WARN,payment,Cache hit
2026-01-28T21:11:47.661061,INFO,search,Cache hit
2026-01-28T21:11:47.864640,INFO,orders,Cache hit
2026-01-28T21:11:48.066628,INFO,search,User login
2026-01-28T21:11:48.269200,INFO,search,User login
2026-01-28T21:11:48.471922,INFO,search,Request OK
2026-01-28T21:11:48.674801,INFO,search,User login
2026-01-28T21:11:48.876523,INFO,orders,Request OK
2026-01-28T21:11:49.079184,INFO,auth,Cache hit
2026-01-28T21:11:49.281477,WARN,payment,User login
2026-01-28T21:11:49.484020,INFO,auth,User login
2026-01-28T21:11:49.687501,ERROR,auth,Timeout
2026-01-28T21:11:49.889836,INFO,search,Request OK
2026-01-28T21:11:50.092310,INFO,payment,Cache hit
2026-01-28T21:11:50.294949,INFO,orders,User login
2026-01-28T21:11:50.497213,INFO,orders,Cache hit
2026-01-28T21:11:50.699504,INFO,auth,User login
2026-01-28T21:11:50.901923,INFO,search,Request OK
2026-01-28T21:11:51.104727,INFO,payment,Cache hit
2026-01-28T21:11:51.307796,WARN,search,Cache hit
2026-01-28T21:11:51.510995,INFO,payment,User login
2026-01-28T21:11:51.713020,INFO,search,Cache hit
2026-01-28T21:11:51.915799,WARN,orders,Cache hit
2026-01-28T21:11:52.118144,WARN,auth,Request OK
2026-01-28T21:11:52.320546,WARN,auth,Request OK
2026-01-28T21:11:52.523506,INFO,payment,User login
2026-01-28T21:11:52.725843,INFO,orders,User login
2026-01-28T21:11:52.928624,INFO,orders,User login
2026-01-28T21:11:53.130637,INFO,orders,User login
2026-01-28T21:11:53.332731,INFO,payment,Cache hit
2026-01-28T21:11:53.535311,INFO,payment,Cache hit
2026-01-28T21:11:53.737397,INFO,search,Cache hit
2026-01-28T21:11:53.940009,INFO,auth,User login
2026-01-28T21:11:54.142450,INFO,orders,Request OK
2026-01-28T21:11:54.344596,WARN,orders,Request OK
2026-01-28T21:11:54.546559,INFO,search,Request OK
2026-01-28T21:11:54.748652,INFO,auth,Cache hit
2026-01-28T21:11:54.950664,INFO,search,User login
2026-01-28T21:11:55.152833,WARN,orders,User login
2026-01-28T21:11:55.355134,INFO,auth,User login
2026-01-28T21:11:55.557040,INFO,search,Request OK
2026-01-28T21:11:55.759702,WARN,search,User login
2026-01-28T21:11:55.961632,INFO,auth,Request OK
2026-01-28T21:11:56.163785,INFO,search,User login
2026-01-28T21:11:56.366374,INFO,search,User login
2026-01-28T21:11:56.571022,INFO,payment,Cache hit
2026-01-28T21:11:56.773213,INFO,auth,Cache hit
2026-01-28T21:11:56.975772,INFO,orders,Cache hit
2026-01-28T21:11:57.177701,ERROR,orders,Timeout
2026-01-28T21:11:57.380664,INFO,search,Request OK
2026-01-28T21:11:57.583904,INFO,auth,Cache hit
2026-01-28T21:11:57.786834,INFO,auth,User login
2026-01-28T21:11:57.989538,INFO,orders,Cache hit
2026-01-28T21:11:58.191934,INFO,auth,Cache hit
2026-01-28T21:11:58.394423,INFO,search,Request OK
2026-01-28T21:11:58.596484,INFO,auth,Request OK
2026-01-28T21:11:58.799093,INFO,auth,Cache hit
2026-01-28T21:11:59.001263,WARN,payment,User login
2026-01-28T21:11:59.203645,INFO,payment,Request OK
2026-01-28T21:11:59.407348,INFO,orders,Cache hit
2026-01-28T21:11:59.610218,INFO,auth,User login
2026-01-28T21:11:59.812362,WARN,search,Request OK
2026-01-28T21:12:00.014617,INFO,orders,Request OK
2026-01-28T21:12:00.216670,INFO,payment,Request OK
2026-01-28T21:12:00.420044,INFO,orders,Cache hit
2026-01-28T21:12:00.622331,INFO,auth,User login
2026-01-28T21:12:00.825068,ERROR,search,Timeout
2026-01-28T21:12:01.027561,INFO,orders,User login
2026-01-28T21:12:01.229279,ERROR,payment,DB failure
2026-01-28T21:12:01.431188,ERROR,payment,DB failure
2026-01-28T21:12:01.633663,ERROR,payment,DB failure
2026-01-28T21:12:01.836035,INFO,payment,Request OK
2026-01-28T21:12:02.037871,INFO,orders,Request OK
2026-01-28T21:12:02.240447,INFO,orders,User login
2026-01-28T21:12:02.443109,INFO,orders,Cache hit
2026-01-28T21:12:02.645289,INFO,auth,Cache hit
2026-01-28T21:12:02.848635,INFO,payment,Request OK
2026-01-28T21:12:03.050967,INFO,orders,Request OK
2026-01-28T21:12:03.253344,INFO,auth,User login
2026-01-28T21:12:03.455585,INFO,search,Request OK
2026-01-28T21:12:03.657861,WARN,payment,User login
2026-01-28T21:12:03.859923,WARN,orders,Request OK
2026-01-28T21:12:04.061883,INFO,auth,User login
2026-01-28T21:12:04.264465,INFO,orders,Request OK
2026-01-28T21:12:04.467369,INFO,search,Cache hit
2026-01-28T21:12:04.669649,INFO,auth,Request OK
2026-01-28T21:12:04.875610,INFO,payment,User login
2026-01-28T21:12:05.077829,ERROR,auth,DB failure
2026-01-28T21:12:05.280297,ERROR,payment,DB failure
2026-01-28T21:12:05.483670,INFO,orders,Request OK
2026-01-28T21:12:05.687230,INFO,orders,User login
2026-01-28T21:12:05.889489,INFO,payment,Request OK
2026-01-28T21:12:06.091987,WARN,orders,Request OK
2026-01-28T21:12:06.294081,INFO,payment,User login
2026-01-28T21:12:06.496627,WARN,payment,Cache hit
2026-01-28T21:12:06.698783,INFO,orders,User login
2026-01-28T21:12:06.901094,INFO,orders,Request OK
2026-01-28T21:12:07.103496,INFO,auth,Cache hit
2026-01-28T21:12:07.306164,INFO,search,Cache hit
2026-01-28T21:12:07.508413,INFO,payment,User login
2026-01-28T21:12:07.710406,INFO,orders,User login
2026-01-28T21:12:07.912805,INFO,search,Cache hit
2026-01-28T21:12:08.115243,INFO,payment,User login
2026-01-28T21:12:08.317411,INFO,auth,User login
2026-01-28T21:12:08.520489,INFO,orders,User login
2026-01-28T21:12:08.723107,INFO,search,Request OK
2026-01-28T21:12:08.925735,INFO,orders,Request OK
2026-01-28T21:12:09.128050,INFO,payment,User login
2026-01-28T21:12:09.330705,INFO,search,Cache hit
2026-01-28T21:12:09.532564,INFO,orders,Cache hit
2026-01-28T21:12:09.734759,WARN,payment,User login
2026-01-28T21:12:09.936929,INFO,search,User login
2026-01-28T21:12:10.138844,INFO,orders,Request OK
2026-01-28T21:12:10.341725,WARN,search,Cache hit
2026-01-28T21:12:10.544127,INFO,search,Cache hit
2026-01-28T21:12:10.747282,INFO,orders,Cache hit
2026-01-28T21:12:10.949966,INFO,auth,Request OK
2026-01-28T21:12:11.152357,INFO,search,Cache hit
2026-01-28T21:12:11.354851,INFO,orders,Request OK
2026-01-28T21:12:11.556960,INFO,auth,User login
2026-01-28T21:12:11.759359,INFO,auth,User login
2026-01-28T21:12:11.962782,INFO,orders,Request OK
2026-01-28T21:12:12.165280,INFO,orders,User login
2026-01-28T21:12:12.367607,WARN,payment,Cache hit
2026-01-28T21:12:12.569577,INFO,auth,Request OK
2026-01-28T21:12:12.772378,INFO,auth,Cache hit
2026-01-28T21:12:12.975593,INFO,search,User login
2026-01-28T21:12:13.177869,WARN,auth,User login
2026-01-28T21:12:13.380434,WARN,orders,User login
2026-01-28T21:12:13.582506,INFO,auth,Request OK
2026-01-28T21:12:13.785454,INFO,payment,User login
2026-01-28T21:12:13.987092,ERROR,auth,Null pointer
2026-01-28T21:12:14.189555,INFO,auth,Cache hit
2026-01-28T21:12:14.392516,INFO,auth,Request OK
2026-01-28T21:12:14.595078,INFO,search,Request OK
2026-01-28T21:12:14.798158,INFO,payment,Request OK
2026-01-28T21:12:15.001232,INFO,payment,Request OK
2026-01-28T21:12:15.203650,INFO,orders,User login
2026-01-28T21:12:15.406186,INFO,search,Request OK
2026-01-28T21:12:15.608827,ERROR,auth,Null pointer
2026-01-28T21:12:15.811639,ERROR,search,Null pointer
2026-01-28T21:12:16.015171,INFO,search,Request OK
2026-01-28T21:12:16.217659,INFO,auth,Cache hit
2026-01-28T21:12:16.419596,INFO,auth,Cache hit
2026-01-28T21:12:16.622110,WARN,payment,Request OK
2026-01-28T21:12:16.825708,INFO,orders,Cache hit
2026-01-28T21:12:17.028611,WARN,search,Cache hit
2026-01-28T21:12:17.231246,INFO,payment,User login
2026-01-28T21:12:17.433482,INFO,auth,Request OK
2026-01-28T21:12:17.637013,INFO,search,Request OK
2026-01-28T21:12:17.839905,INFO,auth,Request OK
2026-01-28T21:12:18.042015,INFO,orders,Cache hit
2026-01-28T21:12:18.244252,INFO,auth,Request OK
2026-01-28T21:12:18.447132,WARN,auth,Cache hit
2026-01-28T21:12:18.649990,INFO,search,User login
2026-01-28T21:12:18.852557,INFO,auth,Cache hit
2026-01-28T21:12:19.054887,INFO,orders,User login
2026-01-28T21:12:19.256772,INFO,auth,Cache hit
2026-01-28T21:12:19.458761,INFO,search,Request OK
2026-01-28T21:12:19.661205,INFO,orders,Cache hit
2026-01-28T21:12:19.864069,INFO,orders,Request OK
2026-01-28T21:12:20.066130,INFO,orders,Cache hit
2026-01-28T21:12:20.268345,INFO,auth,User login
2026-01-28T21:12:20.472015,INFO,orders,User login
2026-01-28T21:12:20.673968,INFO,payment,User login
2026-01-28T21:12:20.877559,ERROR,payment,DB failure
2026-01-28T21:12:21.079477,INFO,payment,Request OK
2026-01-28T21:12:21.282867,INFO,auth,Cache hit
2026-01-28T21:12:21.485142,WARN,orders,Cache hit
2026-01-28T21:12:21.686962,INFO,search,User login
2026-01-28T21:12:21.889396,INFO,search,User login
2026-01-28T21:12:22.093114,WARN,payment,Request OK
2026-01-28T21:12:22.295863,INFO,search,Request OK
2026-01-28T21:12:22.498856,INFO,orders,Cache hit
2026-01-28T21:12:22.702155,INFO,payment,Request OK
2026-01-28T21:12:22.904603,INFO,payment,Request OK
2026-01-28T21:12:23.106979,INFO,payment,Request OK
2026-01-28T21:12:23.310027,INFO,auth,Request OK
2026-01-28T21:12:23.513005,INFO,search,User login
2026-01-28T21:12:23.715599,INFO,auth,Request OK
2026-01-28T21:12:23.918496,INFO,payment,User login
2026-01-28T21:12:24.120755,INFO,search,Request OK
2026-01-28T21:12:24.323340,ERROR,orders,DB failure
2026-01-28T21:12:24.525886,INFO,search,Request OK
2026-01-28T21:12:24.727946,INFO,orders,User login
2026-01-28T21:12:24.930329,ERROR,search,Timeout
2026-01-28T21:12:25.132315,INFO,auth,Cache hit
2026-01-28T21:12:25.335173,INFO,orders,Request OK
2026-01-28T21:12:25.537410,INFO,payment,Cache hit
2026-01-28T21:12:25.740013,INFO,search,User login
2026-01-28T21:12:25.943431,ERROR,search,Timeout
2026-01-28T21:12:26.145600,INFO,orders,Request OK
2026-01-28T21:12:26.347652,INFO,orders,User login
2026-01-28T21:12:26.549987,INFO,payment,Cache hit
2026-01-28T21:12:26.752012,INFO,auth,User login
2026-01-28T21:12:26.955397,INFO,search,Cache hit
2026-01-28T21:12:27.157526,INFO,auth,Request OK
2026-01-28T21:12:27.359947,ERROR,auth,Timeout
2026-01-28T21:12:27.562863,ERROR,auth,DB failure
2026-01-28T21:12:27.765356,INFO,auth,Cache hit
2026-01-28T21:12:27.968707,INFO,search,Request OK
2026-01-28T21:12:28.170657,INFO,auth,Request OK
2026-01-28T21:12:28.372685,INFO,payment,Cache hit
2026-01-28T21:12:28.574390,INFO,orders,Request OK
2026-01-28T21:12:28.776405,INFO,orders,Request OK
2026-01-28T21:12:28.979466,INFO,search,Request OK
2026-01-28T21:12:29.181799,WARN,auth,User login
2026-01-28T21:12:29.384571,ERROR,payment,Null pointer
2026-01-28T21:12:29.586546,INFO,search,User login
2026-01-28T21:12:29.789198,ERROR,auth,Timeout
2026-01-28T21:12:29.991602,INFO,auth,User login
2026-01-28T21:12:30.194038,INFO,payment,User login
2026-01-28T21:12:30.396944,INFO,orders,Cache hit
2026-01-28T21:12:30.599877,WARN,orders,Request OK
2026-01-28T21:12:30.802394,INFO,search,User login
2026-01-28T21:12:31.005082,ERROR,payment,DB failure
2026-01-28T21:12:31.207304,INFO,auth,User login
2026-01-28T21:12:31.409744,INFO,search,User login
2026-01-28T21:12:31.612103,WARN,auth,User login
2026-01-28T21:12:31.816330,INFO,auth,User login
2026-01-28T21:12:32.018845,INFO,orders,Cache hit
2026-01-28T21:12:32.221256,INFO,auth,User login
2026-01-28T21:12:32.424108,INFO,payment,Cache hit
2026-01-28T21:12:32.626738,INFO,payment,User login
2026-01-28T21:12:32.829914,INFO,payment,Request OK
2026-01-28T21:12:33.033075,INFO,auth,User login
2026-01-28T21:12:33.235223,WARN,search,User login
2026-01-28T21:12:33.438043,INFO,payment,Cache hit
2026-01-28T21:12:33.639928,ERROR,payment,Timeout
2026-01-28T21:12:33.841834,INFO,auth,User login
2026-01-28T21:12:34.043729,INFO,payment,User login
2026-01-28T21:12:34.245667,INFO,orders,Request OK
2026-01-28T21:12:34.448005,INFO,search,Request OK
2026-01-28T21:12:34.650598,INFO,payment,Cache hit
2026-01-28T21:12:34.852691,INFO,payment,Request OK
2026-01-28T21:12:35.054930,INFO,orders,Cache hit
2026-01-28T21:12:35.256950,INFO,payment,User login
2026-01-28T21:12:35.459192,INFO,orders,User login
2026-01-28T21:12:35.660970,INFO,auth,Request OK
2026-01-28T21:12:35.862600,INFO,payment,User login
2026-01-28T21:12:36.064326,ERROR,orders,DB failure
2026-01-28T21:12:36.266926,INFO,payment,Cache hit
2026-01-28T21:12:36.469099,INFO,auth,User login
2026-01-28T21:12:36.671717,INFO,payment,User login
2026-01-28T21:12:36.874110,WARN,payment,User login
2026-01-28T21:12:37.076875,INFO,auth,User login
2026-01-28T21:12:37.279235,INFO,auth,Request OK
2026-01-28T21:12:37.481156,WARN,search,User login
2026-01-28T21:12:37.684113,INFO,orders,User login
2026-01-28T21:12:37.886164,INFO,payment,Cache hit
2026-01-28T21:12:38.088202,ERROR,payment,Timeout
2026-01-28T21:12:38.290110,INFO,payment,User login
2026-01-28T21:12:38.492744,ERROR,auth,Null pointer
2026-01-28T21:12:38.696385,INFO,orders,Cache hit
2026-01-28T21:12:38.899107,INFO,search,Cache hit
2026-01-28T21:12:39.100999,ERROR,auth,Null pointer
2026-01-28T21:12:39.304242,INFO,auth,User login
2026-01-28T21:12:39.507565,INFO,auth,Cache hit
2026-01-28T21:12:39.709977,WARN,orders,Request OK
2026-01-28T21:12:39.913050,INFO,search,Request OK
2026-01-28T21:12:40.115785,INFO,search,Request OK
2026-01-28T21:12:40.317972,INFO,orders,User login
2026-01-28T21:12:40.521075,INFO,search,User login
2026-01-28T21:12:40.725242,INFO,payment,Cache hit
2026-01-28T21:12:40.928148,ERROR,search,DB failure
2026-01-28T21:12:41.130362,INFO,orders,Cache hit
2026-01-28T21:12:41.333635,ERROR,orders,Timeout
2026-01-28T21:12:41.536340,INFO,orders,Cache hit
2026-01-28T21:12:41.739570,INFO,search,User login
2026-01-28T21:12:41.942330,INFO,orders,User login
2026-01-28T21:12:42.144493,INFO,auth,Request OK
2026-01-28T21:12:42.346592,INFO,orders,Request OK
2026-01-28T21:12:42.549373,ERROR,orders,DB failure
2026-01-28T21:12:42.752152,INFO,auth,Request OK
2026-01-28T21:12:42.954219,INFO,search,Request OK
2026-01-28T21:12:43.157347,INFO,payment,User login
2026-01-28T21:12:43.359742,INFO,orders,User login
2026-01-28T21:12:43.562289,INFO,payment,Cache hit
2026-01-28T21:12:43.764777,INFO,auth,Cache hit
2026-01-28T21:12:43.968254,INFO,payment,User login
2026-01-28T21:12:44.170447,INFO,search,Cache hit
2026-01-28T21:12:44.372985,INFO,auth,Request OK
2026-01-28T21:12:44.575214,ERROR,payment,DB failure
2026-01-28T21:12:44.777482,INFO,search,Request OK
2026-01-28T21:12:44.980862,INFO,orders,User login
2026-01-28T21:12:45.184538,ERROR,payment,Timeout
2026-01-28T21:12:45.388792,INFO,orders,User login
2026-01-28T21:12:45.591189,INFO,auth,User login
2026-01-28T21:12:45.793671,INFO,payment,User login
2026-01-28T21:12:45.996373,INFO,auth,User login
2026-01-28T21:12:46.200235,INFO,auth,Cache hit
2026-01-28T21:12:46.402338,INFO,auth,Cache hit
2026-01-28T21:12:46.604229,INFO,search,User login
2026-01-28T21:12:46.807434,ERROR,auth,DB failure
2026-01-28T21:12:47.010051,INFO,auth,User login
2026-01-28T21:12:47.212704,INFO,auth,User login
2026-01-28T21:12:47.415499,INFO,payment,User login
2026-01-28T21:12:47.618322,ERROR,search,Null pointer
2026-01-28T21:12:47.821223,INFO,search,User login
2026-01-28T21:12:48.023665,INFO,orders,User login
2026-01-28T21:12:48.225441,INFO,auth,User login
2026-01-28T21:12:48.428107,WARN,orders,Request OK
2026-01-28T21:12:48.630448,INFO,search,User login
2026-01-28T21:12:48.833707,ERROR,orders,Null pointer
2026-01-28T21:12:49.035925,ERROR,payment,Null pointer
2026-01-28T21:12:49.239434,INFO,orders,Cache hit
2026-01-28T21:12:49.442622,WARN,search,User login
2026-01-28T21:12:49.645026,INFO,orders,Request OK
2026-01-28T21:12:49.847604,INFO,payment,Request OK
2026-01-28T21:12:50.049996,INFO,orders,Request OK
2026-01-28T21:12:50.252314,INFO,orders,Cache hit
2026-01-28T21:12:50.454934,WARN,payment,Request OK
2026-01-28T21:12:50.657204,ERROR,orders,Timeout
2026-01-28T21:12:50.861372,ERROR,search,Timeout
2026-01-28T21:12:51.064786,INFO,auth,User login
2026-01-28T21:12:51.267989,INFO,payment,Request OK
2026-01-28T21:12:51.470539,WARN,orders,Cache hit
2026-01-28T21:12:51.675104,INFO,search,User login
2026-01-28T21:12:51.878043,WARN,payment,Cache hit
2026-01-28T21:12:52.079847,ERROR,search,Null pointer
2026-01-28T21:12:52.282342,INFO,orders,User login
2026-01-28T21:12:52.485109,ERROR,payment,Timeout
2026-01-28T21:12:52.687056,INFO,orders,User login
2026-01-28T21:12:52.889834,INFO,search,Request OK
2026-01-28T21:12:53.092890,INFO,payment,Request OK
2026-01-28T21:12:53.295346,INFO,orders,Cache hit
2026-01-28T21:12:53.497446,INFO,auth,Cache hit
2026-01-28T21:12:53.702292,INFO,auth,Cache hit
2026-01-28T21:12:53.904705,INFO,payment,User login
2026-01-28T21:12:54.108564,ERROR,auth,DB failure
2026-01-28T21:12:54.312445,INFO,payment,Request OK
2026-01-28T21:12:54.515487,INFO,orders,Request OK
2026-01-28T21:12:54.720188,INFO,payment,User login
2026-01-28T21:12:54.922466,INFO,search,Cache hit
2026-01-28T21:12:55.124638,INFO,search,User login
2026-01-28T21:12:55.333359,INFO,auth,User login
2026-01-28T21:12:55.535184,INFO,auth,Request OK
2026-01-28T21:12:55.737279,INFO,payment,User login
2026-01-28T21:12:55.939416,INFO,search,Cache hit
2026-01-28T21:12:56.142038,INFO,search,Request OK
2026-01-28T21:12:56.344670,ERROR,orders,DB failure
2026-01-28T21:12:56.548228,INFO,search,Cache hit
2026-01-28T21:12:56.750596,INFO,orders,User login
2026-01-28T21:12:56.953072,INFO,search,Request OK
2026-01-28T21:12:57.155125,INFO,auth,Request OK
2026-01-28T21:12:57.357943,WARN,payment,User login
2026-01-28T21:12:57.560695,ERROR,auth,Null pointer
2026-01-28T21:12:57.763657,INFO,auth,User login
2026-01-28T21:12:57.965980,INFO,auth,User login
2026-01-28T21:12:58.168490,WARN,orders,Request OK
2026-01-28T21:12:58.370923,WARN,search,Request OK
2026-01-28T21:12:58.575530,INFO,orders,User login
2026-01-28T21:12:58.778116,ERROR,auth,Null pointer
2026-01-28T21:12:58.980957,INFO,auth,Request OK
2026-01-28T21:12:59.183277,INFO,search,Cache hit
2026-01-28T21:12:59.387320,INFO,auth,Cache hit
2026-01-28T21:12:59.589662,INFO,orders,Request OK
2026-01-28T21:12:59.792114,INFO,payment,Cache hit
2026-01-28T21:12:59.994521,WARN,payment,Request OK
2026-01-28T21:13:00.197791,INFO,search,Request OK
2026-01-28T21:13:00.399870,INFO,payment,User login
2026-01-28T21:13:00.601884,WARN,payment,Request OK
2026-01-28T21:13:00.804171,INFO,orders,Cache hit
2026-01-28T21:13:01.007527,ERROR,payment,Timeout
2026-01-28T21:13:01.210762,INFO,search,Request OK
2026-01-28T21:13:01.414519,WARN,search,User login
2026-01-28T21:13:01.617274,INFO,auth,User login
2026-01-28T21:13:01.820100,INFO,search,Cache hit
2026-01-28T21:13:02.023674,WARN,search,Cache hit
2026-01-28T21:13:02.226499,INFO,payment,Request OK
2026-01-28T21:13:02.429100,INFO,auth,Request OK
2026-01-28T21:13:02.631164,INFO,auth,Cache hit
2026-01-28T21:13:02.833591,ERROR,payment,DB failure
2026-01-28T21:13:03.040601,WARN,search,Cache hit
2026-01-28T21:13:03.242937,INFO,orders,Cache hit
2026-01-28T21:13:03.445271,INFO,search,Request OK
2026-01-28T21:13:03.647809,ERROR,orders,DB failure
2026-01-28T21:13:03.850612,INFO,search,User login
2026-01-28T21:13:04.052841,INFO,orders,Request OK
2026-01-28T21:13:04.255634,INFO,payment,Request OK
2026-01-28T21:13:04.457695,INFO,auth,Cache hit
2026-01-28T21:13:04.659736,INFO,payment,Request OK
2026-01-28T21:13:04.862159,INFO,search,Request OK
2026-01-28T21:13:05.065550,INFO,payment,Request OK
2026-01-28T21:13:05.270326,INFO,auth,Request OK
2026-01-28T21:13:05.473206,INFO,orders,User login
2026-01-28T21:13:05.675958,INFO,payment,User login
2026-01-28T21:13:05.878929,INFO,auth,User login
2026-01-28T21:13:06.080920,INFO,auth,Request OK
2026-01-28T21:13:06.282951,INFO,payment,Cache hit
2026-01-28T21:13:06.485955,ERROR,payment,Null pointer
2026-01-28T21:13:06.688759,INFO,auth,Cache hit
2026-01-28T21:13:06.890726,ERROR,auth,Null pointer
2026-01-28T21:13:07.092855,INFO,auth,User login
2026-01-28T21:13:07.295062,INFO,search,Request OK
2026-01-28T21:13:07.497085,INFO,auth,Cache hit
2026-01-28T21:13:07.698881,WARN,orders,Request OK
2026-01-28T21:13:07.901122,INFO,payment,User login
2026-01-28T21:13:08.102871,WARN,orders,Request OK
2026-01-28T21:13:08.305861,INFO,auth,Request OK
2026-01-28T21:13:08.508206,ERROR,auth,DB failure
2026-01-28T21:13:08.711037,INFO,payment,User login
2026-01-28T21:13:08.913119,ERROR,payment,Null pointer
2026-01-28T21:13:09.114941,INFO,auth,Request OK
2026-01-28T21:13:09.317071,WARN,search,Request OK
2026-01-28T21:13:09.518958,WARN,search,Cache hit
2026-01-28T21:13:09.721745,INFO,search,User login
2026-01-28T21:13:09.924391,INFO,auth,User login
2026-01-28T21:13:10.126895,ERROR,search,Timeout
2026-01-28T21:13:10.329777,INFO,search,Cache hit
2026-01-28T21:13:10.533010,INFO,auth,User login
2026-01-28T21:13:10.735846,INFO,payment,Request OK
2026-01-28T21:13:10.937934,INFO,orders,User login
2026-01-28T21:13:11.140382,WARN,search,Cache hit
2026-01-28T21:13:11.343196,INFO,payment,Request OK
2026-01-28T21:13:11.544956,WARN,payment,Cache hit
2026-01-28T21:13:11.746496,INFO,auth,User login
2026-01-28T21:13:11.948839,INFO,orders,Cache hit
2026-01-28T21:13:12.151228,WARN,orders,User login
2026-01-28T21:13:12.354480,INFO,payment,Cache hit
2026-01-28T21:13:12.557271,INFO,payment,User login
2026-01-28T21:13:12.760007,INFO,search,Cache hit
2026-01-28T21:13:12.962674,WARN,auth,Cache hit
2026-01-28T21:13:13.166228,INFO,orders,Request OK
2026-01-28T21:13:13.369295,INFO,search,User login
2026-01-28T21:13:13.572388,INFO,orders,Request OK
2026-01-28T21:13:13.774256,INFO,payment,Cache hit
2026-01-28T21:13:13.976913,INFO,payment,Request OK
2026-01-28T21:13:14.180186,INFO,payment,Cache hit
2026-01-28T21:13:14.382773,WARN,search,User login
2026-01-28T21:13:14.585364,INFO,auth,User login
2026-01-28T21:13:14.788820,INFO,payment,Cache hit
2026-01-28T21:13:14.991329,INFO,orders,Cache hit
2026-01-28T21:13:15.193370,INFO,auth,User login
2026-01-28T21:13:15.395638,INFO,search,User login
2026-01-28T21:13:15.597260,INFO,payment,Request OK
2026-01-28T21:13:15.799687,INFO,orders,User login
2026-01-28T21:13:16.001803,INFO,search,Request OK
2026-01-28T21:13:16.204492,ERROR,orders,Null pointer
2026-01-28T21:13:16.407815,WARN,payment,User login
2026-01-28T21:13:16.611005,WARN,payment,User login
2026-01-28T21:13:16.813970,INFO,auth,User login
2026-01-28T21:13:17.017134,INFO,auth,User login
2026-01-28T21:13:17.219587,INFO,payment,User login
2026-01-28T21:13:17.421807,INFO,orders,Request OK
2026-01-28T21:13:17.624614,INFO,payment,User login
2026-01-28T21:13:17.826813,INFO,payment,Cache hit
2026-01-28T21:13:18.030419,INFO,auth,Cache hit
2026-01-28T21:13:18.232773,INFO,orders,Cache hit
2026-01-28T21:13:18.435801,INFO,auth,User login
2026-01-28T21:13:18.638885,INFO,search,Cache hit
2026-01-28T21:13:18.840998,INFO,search,Cache hit
2026-01-28T21:13:19.043746,ERROR,auth,DB failure
2026-01-28T21:13:19.245592,INFO,search,Request OK
2026-01-28T21:13:19.447933,INFO,auth,User login
2026-01-28T21:13:19.649957,INFO,search,Cache hit
2026-01-28T21:13:19.852266,INFO,auth,Cache hit
2026-01-28T21:13:20.054601,ERROR,orders,DB failure
2026-01-28T21:13:20.257369,WARN,payment,Request OK
2026-01-28T21:13:20.460166,INFO,search,User login
2026-01-28T21:13:20.662283,WARN,search,Cache hit
2026-01-28T21:13:20.865642,INFO,auth,Request OK
2026-01-28T21:13:21.067917,INFO,auth,Request OK
2026-01-28T21:13:21.270513,ERROR,search,Null pointer
2026-01-28T21:13:21.473754,INFO,payment,User login
2026-01-28T21:13:21.676114,INFO,search,Request OK
2026-01-28T21:13:21.879160,INFO,auth,User login
2026-01-28T21:13:22.081528,INFO,payment,Request OK
2026-01-28T21:13:22.285533,INFO,search,User login
2026-01-28T21:13:22.487573,INFO,auth,Cache hit
2026-01-28T21:13:22.689665,INFO,auth,Request OK
2026-01-28T21:13:22.893602,WARN,search,Request OK
2026-01-28T21:13:23.097632,WARN,payment,Cache hit
2026-01-28T21:13:23.300524,ERROR,orders,Timeout
2026-01-28T21:13:23.507167,INFO,auth,User login
2026-01-28T21:13:23.711575,INFO,payment,Cache hit
2026-01-28T21:13:23.913827,INFO,orders,Cache hit
2026-01-28T21:13:24.115564,INFO,orders,Request OK
2026-01-28T21:13:24.316930,WARN,orders,Cache hit
2026-01-28T21:13:24.519038,INFO,payment,Request OK
2026-01-28T21:13:24.721113,WARN,auth,Request OK
2026-01-28T21:13:24.922672,INFO,orders,Cache hit
2026-01-28T21:13:25.125216,WARN,orders,Cache hit
2026-01-28T21:13:25.330204,WARN,orders,Cache hit
2026-01-28T21:13:25.533023,INFO,search,Cache hit
2026-01-28T21:13:25.734949,WARN,orders,Request OK
2026-01-28T21:13:25.937353,INFO,auth,User login
2026-01-28T21:13:26.139815,INFO,auth,Request OK
2026-01-28T21:13:26.342882,ERROR,auth,DB failure
2026-01-28T21:13:26.546081,INFO,auth,User login
2026-01-28T21:13:26.748873,ERROR,payment,Timeout
2026-01-28T21:13:26.951285,INFO,orders,User login
2026-01-28T21:13:27.153002,INFO,auth,Cache hit
2026-01-28T21:13:27.371211,WARN,auth,Request OK
2026-01-28T21:13:27.575018,INFO,search,Request OK
2026-01-28T21:13:27.778288,INFO,search,User login
2026-01-28T21:13:27.980189,INFO,search,User login
2026-01-28T21:13:28.182353,WARN,auth,Cache hit
2026-01-28T21:13:28.385971,INFO,orders,User login
2026-01-28T21:13:28.588277,INFO,payment,User login
2026-01-28T21:13:28.790889,INFO,orders,User login
2026-01-28T21:13:28.994705,INFO,auth,Cache hit
2026-01-28T21:13:29.197875,WARN,search,User login
2026-01-28T21:13:29.400355,INFO,payment,Request OK
2026-01-28T21:13:29.602745,INFO,auth,User login
2026-01-28T21:13:29.804326,INFO,payment,Cache hit
2026-01-28T21:13:30.006862,INFO,orders,Cache hit
2026-01-28T21:13:30.208828,INFO,auth,Request OK
2026-01-28T21:13:30.411272,INFO,search,User login
2026-01-28T21:13:30.613207,INFO,payment,User login
2026-01-28T21:13:30.815262,INFO,search,Cache hit
2026-01-28T21:13:31.018839,INFO,search,User login
2026-01-28T21:13:31.221255,INFO,search,Cache hit
2026-01-28T21:13:31.423232,INFO,search,Cache hit
2026-01-28T21:13:31.627004,WARN,orders,Cache hit
2026-01-28T21:13:31.829075,INFO,search,User login
2026-01-28T21:13:32.032987,WARN,auth,User login
2026-01-28T21:13:32.235931,WARN,payment,Cache hit
2026-01-28T21:13:32.439178,ERROR,payment,Null pointer
2026-01-28T21:13:32.641470,INFO,orders,Cache hit
2026-01-28T21:13:32.844543,INFO,orders,Request OK
2026-01-28T21:13:33.049049,WARN,search,Cache hit
2026-01-28T21:13:33.251658,INFO,auth,Request OK
2026-01-28T21:13:33.454544,INFO,payment,Request OK
2026-01-28T21:13:33.657482,ERROR,orders,Timeout
2026-01-28T21:13:33.859578,INFO,auth,Cache hit
2026-01-28T21:13:34.061758,INFO,search,Request OK
2026-01-28T21:13:34.265051,INFO,auth,Cache hit
2026-01-28T21:13:34.467155,WARN,auth,Request OK
2026-01-28T21:13:34.669059,WARN,auth,Cache hit
2026-01-28T21:13:34.870957,INFO,orders,User login
2026-01-28T21:13:35.072881,INFO,search,Request OK
2026-01-28T21:13:35.275404,INFO,orders,Request OK
2026-01-28T21:13:35.477580,INFO,payment,User login
2026-01-28T21:13:35.679809,INFO,payment,Cache hit
2026-01-28T21:13:35.882355,ERROR,payment,Timeout
2026-01-28T21:13:36.084486,ERROR,search,DB failure
2026-01-28T21:13:36.291323,INFO,orders,Request OK
2026-01-28T21:13:36.494456,INFO,orders,Request OK
2026-01-28T21:13:36.697355,INFO,search,Request OK
2026-01-28T21:13:36.901187,INFO,payment,User login
2026-01-28T21:13:37.103797,INFO,auth,User login
2026-01-28T21:13:37.305667,INFO,orders,User login
2026-01-28T21:13:37.508770,INFO,orders,Cache hit
2026-01-28T21:13:37.710668,WARN,payment,User login
2026-01-28T21:13:37.912410,ERROR,auth,Timeout
2026-01-28T21:13:38.113943,INFO,search,Request OK
2026-01-28T21:13:38.316206,INFO,auth,User login
2026-01-28T21:13:38.763998,INFO,auth,User login
2026-01-28T21:13:38.965735,INFO,auth,User login
2026-01-28T21:13:39.167197,INFO,payment,Cache hit
2026-01-28T21:13:39.369384,ERROR,payment,DB failure
2026-01-28T21:13:39.572368,INFO,orders,Cache hit
2026-01-28T21:13:39.775232,INFO,search,Request OK
2026-01-28T21:13:39.977312,INFO,search,Cache hit
2026-01-28T21:13:40.180004,INFO,orders,Request OK
2026-01-28T21:13:40.384079,INFO,orders,User login
2026-01-28T21:13:40.590309,INFO,payment,User login
2026-01-28T21:13:40.899285,WARN,auth,Request OK
2026-01-28T21:13:41.118625,INFO,auth,Request OK
2026-01-28T21:13:41.471101,INFO,orders,Cache hit
2026-01-28T21:13:41.683945,ERROR,orders,Null pointer
2026-01-28T21:13:41.885953,INFO,search,Cache hit
2026-01-28T21:13:42.088315,INFO,payment,Request OK
2026-01-28T21:13:42.291930,ERROR,orders,Null pointer
2026-01-28T21:13:42.494275,ERROR,auth,Timeout
2026-01-28T21:13:42.696587,INFO,payment,Request OK
2026-01-28T21:13:42.899380,INFO,payment,User login
2026-01-28T21:13:43.104433,WARN,auth,Cache hit
2026-01-28T21:13:43.307288,INFO,auth,Request OK
2026-01-28T21:13:43.510065,INFO,payment,Request OK
2026-01-28T21:13:43.713406,INFO,auth,Cache hit
2026-01-28T21:13:43.915621,INFO,auth,Cache hit
2026-01-28T21:13:44.119237,INFO,orders,User login
2026-01-28T21:13:44.323163,INFO,orders,Request OK
2026-01-28T21:13:44.527102,INFO,auth,Request OK
2026-01-28T21:13:44.729483,INFO,payment,User login
2026-01-28T21:13:44.932462,INFO,payment,Cache hit
2026-01-28T21:13:45.135400,INFO,payment,Request OK
2026-01-28T21:13:45.338547,ERROR,payment,Null pointer
2026-01-28T21:13:45.541207,INFO,auth,User login
2026-01-28T21:13:45.746140,INFO,auth,User login
2026-01-28T21:13:45.949427,INFO,search,Cache hit
2026-01-28T21:13:46.152418,INFO,auth,Cache hit
2026-01-28T21:13:46.355845,INFO,auth,Cache hit
2026-01-28T21:13:46.561247,INFO,auth,Cache hit
2026-01-28T21:13:46.763854,INFO,search,Cache hit
2026-01-28T21:13:46.966174,INFO,orders,User login
2026-01-28T21:13:47.168073,INFO,auth,Request OK
2026-01-28T21:13:47.370291,INFO,orders,Request OK
2026-01-28T21:13:47.574564,INFO,search,User login
2026-01-28T21:13:47.777523,ERROR,orders,Null pointer
2026-01-28T21:13:47.980029,INFO,search,Request OK
2026-01-28T21:13:48.183897,INFO,auth,Request OK
2026-01-28T21:13:48.385861,INFO,auth,Request OK
2026-01-28T21:13:48.588245,INFO,payment,Cache hit
2026-01-28T21:13:48.790446,WARN,orders,Request OK
2026-01-28T21:13:48.993442,INFO,auth,Cache hit
2026-01-28T21:13:49.195391,INFO,auth,User login
2026-01-28T21:13:49.746834,INFO,payment,User login
2026-01-28T21:13:49.950123,INFO,orders,Cache hit
2026-01-28T21:13:50.152333,INFO,payment,User login
2026-01-28T21:13:50.354886,INFO,search,User login
2026-01-28T21:13:50.557716,INFO,auth,Cache hit
2026-01-28T21:13:50.762047,INFO,search,User login
2026-01-28T21:13:50.963572,INFO,search,Cache hit
2026-01-28T21:13:51.167915,INFO,orders,Request OK
2026-01-28T21:13:51.370470,INFO,auth,Cache hit
2026-01-28T21:13:51.573746,INFO,payment,Request OK
2026-01-28T21:13:51.776094,INFO,orders,User login
2026-01-28T21:13:51.983301,INFO,orders,Request OK
2026-01-28T21:13:52.186546,INFO,orders,Cache hit
2026-01-28T21:13:52.389542,INFO,orders,User login
2026-01-28T21:13:52.593223,INFO,auth,Cache hit
2026-01-28T21:13:52.795001,ERROR,orders,Timeout
2026-01-28T21:13:52.997035,INFO,auth,User login
2026-01-28T21:13:53.199440,INFO,auth,User login
2026-01-28T21:13:53.401047,INFO,search,Cache hit
2026-01-28T21:13:53.603522,INFO,payment,Cache hit
2026-01-28T21:13:53.805674,INFO,payment,Request OK
2026-01-28T21:13:54.008394,ERROR,payment,DB failure
2026-01-28T21:13:54.210548,INFO,orders,Request OK
2026-01-28T21:13:54.412598,WARN,payment,User login
2026-01-28T21:13:54.615821,INFO,payment,Request OK
2026-01-28T21:13:54.820078,ERROR,search,DB failure
2026-01-28T21:13:55.022830,WARN,orders,Cache hit
2026-01-28T21:13:55.227724,INFO,auth,Cache hit
2026-01-28T21:13:55.431579,INFO,payment,User login
2026-01-28T21:13:55.633796,INFO,payment,Cache hit
2026-01-28T21:13:55.837152,ERROR,search,Null pointer
2026-01-28T21:13:56.039152,INFO,auth,Cache hit
2026-01-28T21:13:56.241196,INFO,payment,Cache hit
2026-01-28T21:13:56.444581,WARN,search,User login
2026-01-28T21:13:56.648448,INFO,payment,User login
2026-01-28T21:13:56.851121,WARN,payment,Request OK
2026-01-28T21:13:57.054439,INFO,payment,Cache hit
2026-01-28T21:13:57.256530,INFO,orders,Cache hit
2026-01-28T21:13:57.459013,ERROR,search,DB failure
2026-01-28T21:13:57.661222,INFO,payment,User login
2026-01-28T21:13:57.863395,INFO,payment,Request OK
2026-01-28T21:13:58.065694,INFO,auth,User login
2026-01-28T21:13:58.268628,INFO,search,Request OK
2026-01-28T21:13:58.471386,INFO,orders,User login
2026-01-28T21:13:58.674459,INFO,payment,Request OK
2026-01-28T21:13:58.876246,INFO,search,User login
2026-01-28T21:13:59.078278,INFO,payment,Cache hit
2026-01-28T21:13:59.280417,WARN,orders,Request OK
2026-01-28T21:13:59.482994,INFO,orders,User login
2026-01-28T21:13:59.685685,INFO,orders,Request OK
2026-01-28T21:13:59.887988,INFO,search,Cache hit
2026-01-28T21:14:00.090137,INFO,auth,Cache hit
2026-01-28T21:14:00.297575,INFO,search,Request OK
2026-01-28T21:14:00.500072,WARN,auth,User login
2026-01-28T21:14:00.702243,INFO,search,Cache hit
2026-01-28T21:14:00.903437,INFO,auth,Cache hit
2026-01-28T21:14:01.105743,INFO,search,Request OK
2026-01-28T21:14:01.307651,ERROR,orders,Null pointer
2026-01-28T21:14:01.509567,INFO,auth,Request OK
2026-01-28T21:14:01.712124,INFO,auth,User login
2026-01-28T21:14:01.913954,INFO,search,Cache hit
2026-01-28T21:14:02.116598,INFO,auth,Request OK
2026-01-28T21:14:02.318677,INFO,search,User login
2026-01-28T21:14:02.520697,INFO,payment,User login
2026-01-28T21:14:02.723075,INFO,auth,Request OK
2026-01-28T21:14:02.925207,WARN,auth,User login
2026-01-28T21:14:03.128240,INFO,payment,Cache hit
2026-01-28T21:14:03.331387,INFO,auth,Request OK
2026-01-28T21:14:03.534187,INFO,search,Request OK
2026-01-28T21:14:03.738255,INFO,orders,User login
2026-01-28T21:14:03.940338,INFO,payment,Cache hit
2026-01-28T21:14:04.143460,INFO,auth,User login
2026-01-28T21:14:04.345881,INFO,auth,User login
2026-01-28T21:14:04.547999,INFO,auth,User login
2026-01-28T21:14:04.750914,ERROR,search,DB failure
2026-01-28T21:14:04.953725,INFO,auth,Cache hit
2026-01-28T21:14:05.155569,INFO,search,Request OK
2026-01-28T21:14:05.359667,INFO,payment,Cache hit
2026-01-28T21:14:05.562165,INFO,search,Cache hit
2026-01-28T21:14:05.764309,INFO,payment,Request OK
2026-01-28T21:14:05.966824,INFO,payment,User login
2026-01-28T21:14:06.170477,WARN,payment,User login
2026-01-28T21:14:06.373426,INFO,search,Cache hit
2026-01-28T21:14:06.575715,INFO,payment,User login
2026-01-28T21:14:06.778780,INFO,auth,Request OK
2026-01-28T21:14:06.981129,INFO,auth,Request OK
2026-01-28T21:14:07.183186,INFO,orders,Request OK
2026-01-28T21:14:07.385450,ERROR,orders,Null pointer
2026-01-28T21:14:07.587169,INFO,orders,Request OK
2026-01-28T21:14:07.789934,INFO,payment,Cache hit
2026-01-28T21:14:07.993576,WARN,auth,Request OK
2026-01-28T21:14:08.196056,INFO,search,Cache hit
2026-01-28T21:14:08.397671,INFO,auth,Cache hit
2026-01-28T21:14:08.599024,ERROR,auth,Null pointer
2026-01-28T21:14:08.803052,INFO,payment,Cache hit
2026-01-28T21:14:09.005567,INFO,auth,User login
2026-01-28T21:14:09.211821,INFO,search,User login
2026-01-28T21:14:09.414308,INFO,search,User login
2026-01-28T21:14:09.615269,INFO,payment,User login
2026-01-28T21:14:09.816471,INFO,orders,User login
2026-01-28T21:14:10.018241,INFO,payment,User login
2026-01-28T21:14:10.219478,INFO,payment,Cache hit
2026-01-28T21:14:10.421198,INFO,search,User login
2026-01-28T21:14:10.622667,INFO,payment,Cache hit
2026-01-28T21:14:10.824290,INFO,orders,Request OK
2026-01-28T21:14:11.026194,INFO,auth,User login
2026-01-28T21:14:11.228270,ERROR,payment,Null pointer
2026-01-28T21:14:11.429881,ERROR,search,Timeout
2026-01-28T21:14:11.632401,INFO,auth,User login
2026-01-28T21:14:11.834054,INFO,orders,User login
2026-01-28T21:14:12.034983,INFO,payment,Request OK
2026-01-28T21:14:12.236188,INFO,search,Request OK
2026-01-28T21:14:12.438630,INFO,auth,Cache hit
2026-01-28T21:14:12.642009,INFO,auth,Request OK
2026-01-28T21:14:12.845238,INFO,auth,User login
2026-01-28T21:14:13.048234,INFO,payment,Request OK
2026-01-28T21:14:13.249641,INFO,payment,Request OK
2026-01-28T21:14:13.450670,INFO,payment,Request OK
2026-01-28T21:14:13.652206,INFO,auth,Request OK
2026-01-28T21:14:13.854393,INFO,payment,User login
2026-01-28T21:14:14.055807,INFO,search,Cache hit
2026-01-28T21:14:14.257115,INFO,payment,Cache hit
2026-01-28T21:14:14.458465,WARN,payment,User login
2026-01-28T21:14:14.660243,INFO,payment,User login
2026-01-28T21:14:14.862183,INFO,orders,Request OK
2026-01-28T21:14:15.063843,INFO,auth,User login
2026-01-28T21:14:15.265004,INFO,orders,Request OK
2026-01-28T21:14:15.466725,INFO,orders,Request OK
2026-01-28T21:14:15.668964,ERROR,search,Timeout
2026-01-28T21:14:15.870481,INFO,orders,Cache hit
2026-01-28T21:14:16.072583,INFO,orders,User login
2026-01-28T21:14:16.273695,INFO,payment,Cache hit
2026-01-28T21:14:16.475903,INFO,search,Cache hit
2026-01-28T21:14:16.679199,INFO,search,Request OK
2026-01-28T21:14:16.881253,INFO,payment,User login
2026-01-28T21:14:17.083117,INFO,payment,Request OK
2026-01-28T21:14:17.285703,INFO,search,User login
2026-01-28T21:14:17.487818,INFO,search,User login
2026-01-28T21:14:17.689565,INFO,payment,Request OK
2026-01-28T21:14:17.891890,INFO,orders,User login
2026-01-28T21:14:18.093650,INFO,orders,Request OK
2026-01-28T21:14:18.295492,INFO,payment,Request OK
2026-01-28T21:14:18.497060,INFO,orders,Cache hit
2026-01-28T21:14:18.699732,INFO,payment,Cache hit
2026-01-28T21:14:18.901977,INFO,payment,Cache hit
2026-01-28T21:14:19.104592,INFO,auth,Cache hit
2026-01-28T21:14:19.306570,INFO,payment,User login
2026-01-28T21:14:19.507987,INFO,orders,User login
2026-01-28T21:14:19.710337,INFO,auth,User login
2026-01-28T21:14:19.912729,INFO,auth,Request OK
2026-01-28T21:14:20.114353,INFO,orders,Cache hit
2026-01-28T21:14:20.315869,INFO,payment,User login
2026-01-28T21:14:20.516867,ERROR,orders,DB failure
2026-01-28T21:14:20.720854,INFO,payment,User login
2026-01-28T21:14:20.922293,ERROR,orders,DB failure
2026-01-28T21:14:21.124001,INFO,payment,Request OK
2026-01-28T21:14:21.326993,INFO,orders,Request OK
2026-01-28T21:14:21.530168,INFO,orders,User login
2026-01-28T21:14:21.733489,INFO,search,Cache hit
2026-01-28T21:14:21.935051,INFO,auth,Cache hit
2026-01-28T21:14:22.138093,INFO,payment,Request OK
2026-01-28T21:14:22.339569,INFO,orders,User login
2026-01-28T21:14:22.541013,INFO,orders,User login
2026-01-28T21:14:22.743359,ERROR,auth,DB failure
2026-01-28T21:14:22.946886,INFO,auth,Cache hit
2026-01-28T21:14:23.148284,INFO,orders,Request OK
2026-01-28T21:14:23.350669,INFO,orders,Cache hit
2026-01-28T21:14:23.554175,INFO,orders,Request OK
2026-01-28T21:14:23.756198,INFO,orders,Request OK
2026-01-28T21:14:23.957622,INFO,search,Request OK
2026-01-28T21:14:24.159827,INFO,payment,Request OK
2026-01-28T21:14:24.362543,INFO,orders,Cache hit
2026-01-28T21:14:24.565962,INFO,auth,User login
2026-01-28T21:14:24.771064,INFO,orders,Cache hit
2026-01-28T21:14:24.981493,INFO,payment,Cache hit
2026-01-28T21:14:25.188057,INFO,orders,Request OK
2026-01-28T21:14:25.390075,INFO,search,Cache hit
2026-01-28T21:14:25.592064,INFO,orders,Cache hit
2026-01-28T21:14:25.795640,ERROR,payment,Timeout
2026-01-28T21:14:25.997190,INFO,orders,User login
2026-01-28T21:14:26.199246,INFO,search,User login
2026-01-28T21:14:26.400935,INFO,auth,Cache hit
2026-01-28T21:14:26.604304,INFO,orders,Cache hit
2026-01-28T21:14:26.806674,INFO,search,Cache hit
2026-01-28T21:14:27.008407,WARN,search,Request OK
2026-01-28T21:14:27.220941,INFO,search,Request OK
2026-01-28T21:14:27.424088,INFO,auth,Cache hit
2026-01-28T21:14:27.628174,INFO,payment,User login
2026-01-28T21:14:27.830687,INFO,orders,Cache hit
2026-01-28T21:14:28.031640,INFO,search,Request OK
2026-01-28T21:14:28.233222,INFO,auth,Cache hit
2026-01-28T21:14:28.435277,INFO,auth,Request OK
2026-01-28T21:14:28.637284,ERROR,orders,Null pointer
2026-01-28T21:14:28.839776,INFO,search,User login
2026-01-28T21:14:29.041360,INFO,payment,User login
2026-01-28T21:14:29.248923,INFO,auth,User login
2026-01-28T21:14:29.450546,INFO,payment,Cache hit
2026-01-28T21:14:29.655596,INFO,auth,Cache hit
2026-01-28T21:14:29.860463,ERROR,orders,DB failure
2026-01-28T21:14:30.062489,ERROR,payment,DB failure
2026-01-28T21:14:30.264696,INFO,search,Request OK
2026-01-28T21:14:30.465922,INFO,orders,Request OK
2026-01-28T21:14:30.670893,INFO,payment,Request OK
2026-01-28T21:14:30.872480,INFO,orders,Request OK
2026-01-28T21:14:31.073810,INFO,orders,Cache hit
2026-01-28T21:14:31.277699,INFO,search,Request OK
2026-01-28T21:14:31.481784,INFO,auth,Cache hit
2026-01-28T21:14:31.683538,WARN,orders,Cache hit
2026-01-28T21:14:31.886796,ERROR,payment,Null pointer
2026-01-28T21:14:32.089242,INFO,auth,Cache hit
2026-01-28T21:14:32.291193,ERROR,orders,DB failure
2026-01-28T21:14:32.493414,INFO,orders,Request OK
2026-01-28T21:14:32.696503,INFO,search,User login
2026-01-28T21:14:32.898115,INFO,payment,Request OK
2026-01-28T21:14:33.100749,INFO,orders,Request OK
2026-01-28T21:14:33.303952,INFO,auth,Request OK
2026-01-28T21:14:33.505977,INFO,orders,Cache hit
2026-01-28T21:14:33.708425,INFO,search,Cache hit
2026-01-28T21:14:33.911304,INFO,orders,Request OK
2026-01-28T21:14:34.113177,INFO,search,Request OK
2026-01-28T21:14:34.314671,INFO,search,Request OK
2026-01-28T21:14:34.515967,INFO,search,Request OK
2026-01-28T21:14:34.718245,WARN,search,User login
2026-01-28T21:14:34.919730,INFO,payment,Request OK
2026-01-28T21:14:35.121942,INFO,payment,Request OK
2026-01-28T21:14:35.322928,INFO,auth,Request OK
2026-01-28T21:14:35.524099,INFO,search,User login
2026-01-28T21:14:36.192940,INFO,orders,Cache hit
2026-01-28T21:14:36.394226,INFO,search,User login
2026-01-28T21:14:36.595254,INFO,orders,Cache hit
2026-01-28T21:14:36.796241,INFO,orders,Cache hit
2026-01-28T21:14:36.997127,INFO,auth,User login
2026-01-28T21:14:37.198517,WARN,search,Cache hit
2026-01-28T21:14:37.402592,INFO,orders,Request OK
2026-01-28T21:14:37.604327,INFO,orders,User login
2026-01-28T21:14:37.806464,ERROR,orders,DB failure
2026-01-28T21:14:38.008627,INFO,orders,Cache hit
2026-01-28T21:14:38.209566,WARN,payment,Cache hit
2026-01-28T21:14:38.411585,INFO,orders,User login
2026-01-28T21:14:38.612845,INFO,payment,User login
2026-01-28T21:14:38.813734,INFO,search,Cache hit
2026-01-28T21:14:39.015370,INFO,auth,Request OK
2026-01-28T21:14:39.216810,INFO,orders,Request OK
2026-01-28T21:14:39.417795,INFO,search,Request OK
2026-01-28T21:14:39.619250,INFO,search,Request OK
2026-01-28T21:14:39.829786,WARN,payment,Cache hit
2026-01-28T21:14:40.031024,INFO,payment,Request OK
2026-01-28T21:14:40.232343,INFO,search,Cache hit
2026-01-28T21:14:40.434058,INFO,payment,Cache hit
2026-01-28T21:14:40.635428,INFO,search,Request OK
2026-01-28T21:14:40.836729,INFO,payment,Cache hit
2026-01-28T21:14:41.038434,INFO,payment,Request OK
2026-01-28T21:14:41.239395,INFO,payment,Cache hit
2026-01-28T21:14:41.440513,ERROR,orders,Timeout
2026-01-28T21:14:41.642761,INFO,orders,Cache hit
2026-01-28T21:14:41.844179,INFO,search,Cache hit
2026-01-28T21:14:42.045657,INFO,auth,Request OK
2026-01-28T21:14:42.246737,INFO,payment,Cache hit
2026-01-28T21:14:42.448145,INFO,payment,Cache hit
2026-01-28T21:14:42.650057,WARN,search,Request OK
2026-01-28T21:14:42.850726,INFO,orders,User login
2026-01-28T21:14:43.051925,INFO,auth,Cache hit
2026-01-28T21:14:43.253140,INFO,orders,Cache hit
2026-01-28T21:14:43.454927,INFO,search,User login
2026-01-28T21:14:43.656219,INFO,search,Request OK
2026-01-28T21:14:43.858339,INFO,orders,User login
2026-01-28T21:14:44.064702,INFO,payment,Cache hit
2026-01-28T21:14:44.267284,INFO,payment,User login
2026-01-28T21:14:44.469039,INFO,auth,Cache hit
2026-01-28T21:14:44.670898,INFO,payment,User login
2026-01-28T21:14:44.872321,INFO,search,Cache hit
2026-01-28T21:14:45.074278,INFO,search,Cache hit
2026-01-28T21:14:45.275585,INFO,payment,Request OK
2026-01-28T21:14:45.476713,INFO,payment,Cache hit
2026-01-28T21:14:45.677920,INFO,orders,User login
2026-01-28T21:14:45.879231,INFO,search,User login
2026-01-28T21:14:46.085068,WARN,auth,User login
2026-01-28T21:14:46.286565,WARN,auth,Request OK
2026-01-28T21:14:46.488386,INFO,auth,Cache hit
2026-01-28T21:14:46.689766,INFO,payment,User login
2026-01-28T21:14:46.891989,WARN,orders,Request OK
